I001 [*] Import block is un-sorted or un-formatted
 --> alembic\env.py:1:1
  |
1 | / from logging.config import fileConfig
2 | |
3 | | from sqlalchemy import engine_from_config
4 | | from sqlalchemy import pool
5 | |
6 | | from alembic import context
  | |___________________________^
7 |
8 |   # this is the Alembic Config object, which provides
  |
help: Organize imports

E402 Module level import not at top of file
  --> alembic\env.py:22:1
   |
20 | # target_metadata = mymodel.Base.metadata
21 |
22 | from app.db.base import Base
   | ^^^^^^^^^^^^^^^^^^^^^^^^^^^^
23 |
24 | # Import all models so SQLAlchemy registers them
   |

I001 [*] Import block is un-sorted or un-formatted
  --> alembic\env.py:22:1
   |
20 |   # target_metadata = mymodel.Base.metadata
21 |
22 | / from app.db.base import Base
23 | |
24 | | # Import all models so SQLAlchemy registers them
25 | | import app.db.models
   | |____________________^
26 |
27 |   target_metadata = Base.metadata
   |
help: Organize imports

E402 Module level import not at top of file
  --> alembic\env.py:25:1
   |
24 | # Import all models so SQLAlchemy registers them
25 | import app.db.models
   | ^^^^^^^^^^^^^^^^^^^^
26 |
27 | target_metadata = Base.metadata
   |

F401 [*] `app.db.models` imported but unused
  --> alembic\env.py:25:8
   |
24 | # Import all models so SQLAlchemy registers them
25 | import app.db.models
   |        ^^^^^^^^^^^^^
26 |
27 | target_metadata = Base.metadata
   |
help: Remove unused import: `app.db.models`

UP035 [*] Import from `collections.abc` instead: `Sequence`
  --> alembic\versions\1289d90976a4_add_document_chunks.py:8:1
   |
 7 | """
 8 | from typing import Sequence, Union
   | ^^^^^^^^^^^^^^^^^^^^^^^^^^^^^^^^^^
 9 |
10 | from alembic import op
   |
help: Import from `collections.abc`

I001 [*] Import block is un-sorted or un-formatted
  --> alembic\versions\1289d90976a4_add_document_chunks.py:8:1
   |
 7 |   """
 8 | / from typing import Sequence, Union
 9 | |
10 | | from alembic import op
11 | | import sqlalchemy as sa
   | |_______________________^
   |
help: Organize imports

UP007 [*] Use `X | Y` for type annotations
  --> alembic\versions\1289d90976a4_add_document_chunks.py:16:16
   |
14 | # revision identifiers, used by Alembic.
15 | revision: str = '1289d90976a4'
16 | down_revision: Union[str, Sequence[str], None] = 'fd4a93656d09'
   |                ^^^^^^^^^^^^^^^^^^^^^^^^^^^^^^^
17 | branch_labels: Union[str, Sequence[str], None] = None
18 | depends_on: Union[str, Sequence[str], None] = None
   |
help: Convert to `X | Y`

UP007 [*] Use `X | Y` for type annotations
  --> alembic\versions\1289d90976a4_add_document_chunks.py:17:16
   |
15 | revision: str = '1289d90976a4'
16 | down_revision: Union[str, Sequence[str], None] = 'fd4a93656d09'
17 | branch_labels: Union[str, Sequence[str], None] = None
   |                ^^^^^^^^^^^^^^^^^^^^^^^^^^^^^^^
18 | depends_on: Union[str, Sequence[str], None] = None
   |
help: Convert to `X | Y`

UP007 [*] Use `X | Y` for type annotations
  --> alembic\versions\1289d90976a4_add_document_chunks.py:18:13
   |
16 | down_revision: Union[str, Sequence[str], None] = 'fd4a93656d09'
17 | branch_labels: Union[str, Sequence[str], None] = None
18 | depends_on: Union[str, Sequence[str], None] = None
   |             ^^^^^^^^^^^^^^^^^^^^^^^^^^^^^^^
   |
help: Convert to `X | Y`

E501 Line too long (105 > 88)
  --> alembic\versions\1289d90976a4_add_document_chunks.py:31:89
   |
29 |     sa.Column('token_count', sa.Integer(), nullable=False),
30 |     sa.Column('metadata', sa.JSON(), nullable=True),
31 |     sa.Column('created_at', sa.DateTime(timezone=True), server_default=sa.text('now()'), nullable=False),
   |                                                                                         ^^^^^^^^^^^^^^^^^
32 |     sa.ForeignKeyConstraint(['document_id'], ['documents.id'], ondelete='CASCADE'),
33 |     sa.PrimaryKeyConstraint('id')
   |

E501 Line too long (109 > 88)
  --> alembic\versions\1289d90976a4_add_document_chunks.py:35:89
   |
33 |     sa.PrimaryKeyConstraint('id')
34 |     )
35 |     op.create_index(op.f('ix_document_chunks_document_id'), 'document_chunks', ['document_id'], unique=False)
   |                                                                                         ^^^^^^^^^^^^^^^^^^^^^
36 |     op.create_index(op.f('ix_document_chunks_id'), 'document_chunks', ['id'], unique=False)
37 |     # ### end Alembic commands ###
   |

E501 Line too long (91 > 88)
  --> alembic\versions\1289d90976a4_add_document_chunks.py:36:89
   |
34 |     )
35 |     op.create_index(op.f('ix_document_chunks_document_id'), 'document_chunks', ['document_id'], unique=False)
36 |     op.create_index(op.f('ix_document_chunks_id'), 'document_chunks', ['id'], unique=False)
   |                                                                                         ^^^
37 |     # ### end Alembic commands ###
   |

UP035 [*] Import from `collections.abc` instead: `Sequence`
  --> alembic\versions\158757f21730_resize_embedding_vector.py:8:1
   |
 7 | """
 8 | from typing import Sequence, Union
   | ^^^^^^^^^^^^^^^^^^^^^^^^^^^^^^^^^^
 9 |
10 | from alembic import op
   |
help: Import from `collections.abc`

I001 [*] Import block is un-sorted or un-formatted
  --> alembic\versions\158757f21730_resize_embedding_vector.py:8:1
   |
 7 |   """
 8 | / from typing import Sequence, Union
 9 | |
10 | | from alembic import op
11 | | import sqlalchemy as sa
   | |_______________________^
   |
help: Organize imports

F401 [*] `alembic.op` imported but unused
  --> alembic\versions\158757f21730_resize_embedding_vector.py:10:21
   |
 8 | from typing import Sequence, Union
 9 |
10 | from alembic import op
   |                     ^^
11 | import sqlalchemy as sa
   |
help: Remove unused import: `alembic.op`

F401 [*] `sqlalchemy` imported but unused
  --> alembic\versions\158757f21730_resize_embedding_vector.py:11:22
   |
10 | from alembic import op
11 | import sqlalchemy as sa
   |                      ^^
   |
help: Remove unused import: `sqlalchemy`

UP007 [*] Use `X | Y` for type annotations
  --> alembic\versions\158757f21730_resize_embedding_vector.py:16:16
   |
14 | # revision identifiers, used by Alembic.
15 | revision: str = '158757f21730'
16 | down_revision: Union[str, Sequence[str], None] = 'f87bd8281f91'
   |                ^^^^^^^^^^^^^^^^^^^^^^^^^^^^^^^
17 | branch_labels: Union[str, Sequence[str], None] = None
18 | depends_on: Union[str, Sequence[str], None] = None
   |
help: Convert to `X | Y`

UP007 [*] Use `X | Y` for type annotations
  --> alembic\versions\158757f21730_resize_embedding_vector.py:17:16
   |
15 | revision: str = '158757f21730'
16 | down_revision: Union[str, Sequence[str], None] = 'f87bd8281f91'
17 | branch_labels: Union[str, Sequence[str], None] = None
   |                ^^^^^^^^^^^^^^^^^^^^^^^^^^^^^^^
18 | depends_on: Union[str, Sequence[str], None] = None
   |
help: Convert to `X | Y`

UP007 [*] Use `X | Y` for type annotations
  --> alembic\versions\158757f21730_resize_embedding_vector.py:18:13
   |
16 | down_revision: Union[str, Sequence[str], None] = 'f87bd8281f91'
17 | branch_labels: Union[str, Sequence[str], None] = None
18 | depends_on: Union[str, Sequence[str], None] = None
   |             ^^^^^^^^^^^^^^^^^^^^^^^^^^^^^^^
   |
help: Convert to `X | Y`

UP035 [*] Import from `collections.abc` instead: `Sequence`
  --> alembic\versions\442e54d2f95b_add_cron_expression_to_scheduled_jobs.py:8:1
   |
 7 | """
 8 | from typing import Sequence, Union
   | ^^^^^^^^^^^^^^^^^^^^^^^^^^^^^^^^^^
 9 |
10 | from alembic import op
   |
help: Import from `collections.abc`

I001 [*] Import block is un-sorted or un-formatted
  --> alembic\versions\442e54d2f95b_add_cron_expression_to_scheduled_jobs.py:8:1
   |
 7 |   """
 8 | / from typing import Sequence, Union
 9 | |
10 | | from alembic import op
11 | | import sqlalchemy as sa
   | |_______________________^
   |
help: Organize imports

UP007 [*] Use `X | Y` for type annotations
  --> alembic\versions\442e54d2f95b_add_cron_expression_to_scheduled_jobs.py:16:16
   |
14 | # revision identifiers, used by Alembic.
15 | revision: str = '442e54d2f95b'
16 | down_revision: Union[str, Sequence[str], None] = 'fe3b59645e76'
   |                ^^^^^^^^^^^^^^^^^^^^^^^^^^^^^^^
17 | branch_labels: Union[str, Sequence[str], None] = None
18 | depends_on: Union[str, Sequence[str], None] = None
   |
help: Convert to `X | Y`

UP007 [*] Use `X | Y` for type annotations
  --> alembic\versions\442e54d2f95b_add_cron_expression_to_scheduled_jobs.py:17:16
   |
15 | revision: str = '442e54d2f95b'
16 | down_revision: Union[str, Sequence[str], None] = 'fe3b59645e76'
17 | branch_labels: Union[str, Sequence[str], None] = None
   |                ^^^^^^^^^^^^^^^^^^^^^^^^^^^^^^^
18 | depends_on: Union[str, Sequence[str], None] = None
   |
help: Convert to `X | Y`

UP007 [*] Use `X | Y` for type annotations
  --> alembic\versions\442e54d2f95b_add_cron_expression_to_scheduled_jobs.py:18:13
   |
16 | down_revision: Union[str, Sequence[str], None] = 'fe3b59645e76'
17 | branch_labels: Union[str, Sequence[str], None] = None
18 | depends_on: Union[str, Sequence[str], None] = None
   |             ^^^^^^^^^^^^^^^^^^^^^^^^^^^^^^^
   |
help: Convert to `X | Y`

E501 Line too long (102 > 88)
  --> alembic\versions\442e54d2f95b_add_cron_expression_to_scheduled_jobs.py:24:89
   |
22 |     """Upgrade schema."""
23 |     # ### commands auto generated by Alembic - please adjust! ###
24 |     op.add_column('scheduled_jobs', sa.Column('cron_expression', sa.String(length=50), nullable=True))
   |                                                                                         ^^^^^^^^^^^^^^
25 |     op.add_column('scheduled_jobs', sa.Column('recurring_action', sa.Text(), nullable=True))
26 |     # ### end Alembic commands ###
   |

E501 Line too long (92 > 88)
  --> alembic\versions\442e54d2f95b_add_cron_expression_to_scheduled_jobs.py:25:89
   |
23 |     # ### commands auto generated by Alembic - please adjust! ###
24 |     op.add_column('scheduled_jobs', sa.Column('cron_expression', sa.String(length=50), nullable=True))
25 |     op.add_column('scheduled_jobs', sa.Column('recurring_action', sa.Text(), nullable=True))
   |                                                                                         ^^^^
26 |     # ### end Alembic commands ###
   |

UP035 [*] Import from `collections.abc` instead: `Sequence`
  --> alembic\versions\64d85cab085d_oauth.py:8:1
   |
 7 | """
 8 | from typing import Sequence, Union
   | ^^^^^^^^^^^^^^^^^^^^^^^^^^^^^^^^^^
 9 |
10 | from alembic import op
   |
help: Import from `collections.abc`

I001 [*] Import block is un-sorted or un-formatted
  --> alembic\versions\64d85cab085d_oauth.py:8:1
   |
 7 |   """
 8 | / from typing import Sequence, Union
 9 | |
10 | | from alembic import op
11 | | import sqlalchemy as sa
   | |_______________________^
   |
help: Organize imports

F401 [*] `alembic.op` imported but unused
  --> alembic\versions\64d85cab085d_oauth.py:10:21
   |
 8 | from typing import Sequence, Union
 9 |
10 | from alembic import op
   |                     ^^
11 | import sqlalchemy as sa
   |
help: Remove unused import: `alembic.op`

F401 [*] `sqlalchemy` imported but unused
  --> alembic\versions\64d85cab085d_oauth.py:11:22
   |
10 | from alembic import op
11 | import sqlalchemy as sa
   |                      ^^
   |
help: Remove unused import: `sqlalchemy`

UP007 [*] Use `X | Y` for type annotations
  --> alembic\versions\64d85cab085d_oauth.py:16:16
   |
14 | # revision identifiers, used by Alembic.
15 | revision: str = '64d85cab085d'
16 | down_revision: Union[str, Sequence[str], None] = 'e11624f7a437'
   |                ^^^^^^^^^^^^^^^^^^^^^^^^^^^^^^^
17 | branch_labels: Union[str, Sequence[str], None] = None
18 | depends_on: Union[str, Sequence[str], None] = None
   |
help: Convert to `X | Y`

UP007 [*] Use `X | Y` for type annotations
  --> alembic\versions\64d85cab085d_oauth.py:17:16
   |
15 | revision: str = '64d85cab085d'
16 | down_revision: Union[str, Sequence[str], None] = 'e11624f7a437'
17 | branch_labels: Union[str, Sequence[str], None] = None
   |                ^^^^^^^^^^^^^^^^^^^^^^^^^^^^^^^
18 | depends_on: Union[str, Sequence[str], None] = None
   |
help: Convert to `X | Y`

UP007 [*] Use `X | Y` for type annotations
  --> alembic\versions\64d85cab085d_oauth.py:18:13
   |
16 | down_revision: Union[str, Sequence[str], None] = 'e11624f7a437'
17 | branch_labels: Union[str, Sequence[str], None] = None
18 | depends_on: Union[str, Sequence[str], None] = None
   |             ^^^^^^^^^^^^^^^^^^^^^^^^^^^^^^^
   |
help: Convert to `X | Y`

UP035 [*] Import from `collections.abc` instead: `Sequence`
  --> alembic\versions\65e87a28fbd0_add_messages_table.py:8:1
   |
 7 | """
 8 | from typing import Sequence, Union
   | ^^^^^^^^^^^^^^^^^^^^^^^^^^^^^^^^^^
 9 |
10 | from alembic import op
   |
help: Import from `collections.abc`

I001 [*] Import block is un-sorted or un-formatted
  --> alembic\versions\65e87a28fbd0_add_messages_table.py:8:1
   |
 7 |   """
 8 | / from typing import Sequence, Union
 9 | |
10 | | from alembic import op
11 | | import sqlalchemy as sa
   | |_______________________^
   |
help: Organize imports

UP007 [*] Use `X | Y` for type annotations
  --> alembic\versions\65e87a28fbd0_add_messages_table.py:16:16
   |
14 | # revision identifiers, used by Alembic.
15 | revision: str = '65e87a28fbd0'
16 | down_revision: Union[str, Sequence[str], None] = '779e8cfc9499'
   |                ^^^^^^^^^^^^^^^^^^^^^^^^^^^^^^^
17 | branch_labels: Union[str, Sequence[str], None] = None
18 | depends_on: Union[str, Sequence[str], None] = None
   |
help: Convert to `X | Y`

UP007 [*] Use `X | Y` for type annotations
  --> alembic\versions\65e87a28fbd0_add_messages_table.py:17:16
   |
15 | revision: str = '65e87a28fbd0'
16 | down_revision: Union[str, Sequence[str], None] = '779e8cfc9499'
17 | branch_labels: Union[str, Sequence[str], None] = None
   |                ^^^^^^^^^^^^^^^^^^^^^^^^^^^^^^^
18 | depends_on: Union[str, Sequence[str], None] = None
   |
help: Convert to `X | Y`

UP007 [*] Use `X | Y` for type annotations
  --> alembic\versions\65e87a28fbd0_add_messages_table.py:18:13
   |
16 | down_revision: Union[str, Sequence[str], None] = '779e8cfc9499'
17 | branch_labels: Union[str, Sequence[str], None] = None
18 | depends_on: Union[str, Sequence[str], None] = None
   |             ^^^^^^^^^^^^^^^^^^^^^^^^^^^^^^^
   |
help: Convert to `X | Y`

E501 Line too long (105 > 88)
  --> alembic\versions\65e87a28fbd0_add_messages_table.py:29:89
   |
27 |     sa.Column('role', sa.String(length=20), nullable=False),
28 |     sa.Column('content', sa.Text(), nullable=False),
29 |     sa.Column('created_at', sa.DateTime(timezone=True), server_default=sa.text('now()'), nullable=False),
   |                                                                                         ^^^^^^^^^^^^^^^^^
30 |     sa.ForeignKeyConstraint(['conversation_id'], ['conversations.id'], ondelete='CASCADE'),
31 |     sa.PrimaryKeyConstraint('id')
   |

E501 Line too long (91 > 88)
  --> alembic\versions\65e87a28fbd0_add_messages_table.py:30:89
   |
28 |     sa.Column('content', sa.Text(), nullable=False),
29 |     sa.Column('created_at', sa.DateTime(timezone=True), server_default=sa.text('now()'), nullable=False),
30 |     sa.ForeignKeyConstraint(['conversation_id'], ['conversations.id'], ondelete='CASCADE'),
   |                                                                                         ^^^
31 |     sa.PrimaryKeyConstraint('id')
32 |     )
   |

UP035 [*] Import from `collections.abc` instead: `Sequence`
  --> alembic\versions\779e8cfc9499_create_conversations_table.py:8:1
   |
 7 | """
 8 | from typing import Sequence, Union
   | ^^^^^^^^^^^^^^^^^^^^^^^^^^^^^^^^^^
 9 |
10 | from alembic import op
   |
help: Import from `collections.abc`

I001 [*] Import block is un-sorted or un-formatted
  --> alembic\versions\779e8cfc9499_create_conversations_table.py:8:1
   |
 7 |   """
 8 | / from typing import Sequence, Union
 9 | |
10 | | from alembic import op
11 | | import sqlalchemy as sa
   | |_______________________^
   |
help: Organize imports

UP007 [*] Use `X | Y` for type annotations
  --> alembic\versions\779e8cfc9499_create_conversations_table.py:16:16
   |
14 | # revision identifiers, used by Alembic.
15 | revision: str = '779e8cfc9499'
16 | down_revision: Union[str, Sequence[str], None] = None
   |                ^^^^^^^^^^^^^^^^^^^^^^^^^^^^^^^
17 | branch_labels: Union[str, Sequence[str], None] = None
18 | depends_on: Union[str, Sequence[str], None] = None
   |
help: Convert to `X | Y`

UP007 [*] Use `X | Y` for type annotations
  --> alembic\versions\779e8cfc9499_create_conversations_table.py:17:16
   |
15 | revision: str = '779e8cfc9499'
16 | down_revision: Union[str, Sequence[str], None] = None
17 | branch_labels: Union[str, Sequence[str], None] = None
   |                ^^^^^^^^^^^^^^^^^^^^^^^^^^^^^^^
18 | depends_on: Union[str, Sequence[str], None] = None
   |
help: Convert to `X | Y`

UP007 [*] Use `X | Y` for type annotations
  --> alembic\versions\779e8cfc9499_create_conversations_table.py:18:13
   |
16 | down_revision: Union[str, Sequence[str], None] = None
17 | branch_labels: Union[str, Sequence[str], None] = None
18 | depends_on: Union[str, Sequence[str], None] = None
   |             ^^^^^^^^^^^^^^^^^^^^^^^^^^^^^^^
   |
help: Convert to `X | Y`

E501 Line too long (105 > 88)
  --> alembic\versions\779e8cfc9499_create_conversations_table.py:30:89
   |
28 |     sa.Column('hashed_password', sa.String(length=255), nullable=False),
29 |     sa.Column('is_active', sa.Boolean(), nullable=False),
30 |     sa.Column('created_at', sa.DateTime(timezone=True), server_default=sa.text('now()'), nullable=False),
   |                                                                                         ^^^^^^^^^^^^^^^^^
31 |     sa.Column('updated_at', sa.DateTime(timezone=True), server_default=sa.text('now()'), nullable=False),
32 |     sa.PrimaryKeyConstraint('id'),
   |

E501 Line too long (105 > 88)
  --> alembic\versions\779e8cfc9499_create_conversations_table.py:31:89
   |
29 |     sa.Column('is_active', sa.Boolean(), nullable=False),
30 |     sa.Column('created_at', sa.DateTime(timezone=True), server_default=sa.text('now()'), nullable=False),
31 |     sa.Column('updated_at', sa.DateTime(timezone=True), server_default=sa.text('now()'), nullable=False),
   |                                                                                         ^^^^^^^^^^^^^^^^^
32 |     sa.PrimaryKeyConstraint('id'),
33 |     sa.UniqueConstraint('email')
   |

E501 Line too long (105 > 88)
  --> alembic\versions\779e8cfc9499_create_conversations_table.py:40:89
   |
38 |     sa.Column('title', sa.String(length=255), nullable=False),
39 |     sa.Column('user_id', sa.Integer(), nullable=False),
40 |     sa.Column('created_at', sa.DateTime(timezone=True), server_default=sa.text('now()'), nullable=False),
   |                                                                                         ^^^^^^^^^^^^^^^^^
41 |     sa.Column('updated_at', sa.DateTime(timezone=True), server_default=sa.text('now()'), nullable=False),
42 |     sa.ForeignKeyConstraint(['user_id'], ['users.id'], ondelete='CASCADE'),
   |

E501 Line too long (105 > 88)
  --> alembic\versions\779e8cfc9499_create_conversations_table.py:41:89
   |
39 |     sa.Column('user_id', sa.Integer(), nullable=False),
40 |     sa.Column('created_at', sa.DateTime(timezone=True), server_default=sa.text('now()'), nullable=False),
41 |     sa.Column('updated_at', sa.DateTime(timezone=True), server_default=sa.text('now()'), nullable=False),
   |                                                                                         ^^^^^^^^^^^^^^^^^
42 |     sa.ForeignKeyConstraint(['user_id'], ['users.id'], ondelete='CASCADE'),
43 |     sa.PrimaryKeyConstraint('id')
   |

UP035 [*] Import from `collections.abc` instead: `Sequence`
  --> alembic\versions\7ae0747b97c6_add_memory_model.py:8:1
   |
 7 | """
 8 | from typing import Sequence, Union
   | ^^^^^^^^^^^^^^^^^^^^^^^^^^^^^^^^^^
 9 |
10 | from alembic import op
   |
help: Import from `collections.abc`

I001 [*] Import block is un-sorted or un-formatted
  --> alembic\versions\7ae0747b97c6_add_memory_model.py:8:1
   |
 7 |   """
 8 | / from typing import Sequence, Union
 9 | |
10 | | from alembic import op
11 | | import sqlalchemy as sa
   | |_______________________^
   |
help: Organize imports

UP007 [*] Use `X | Y` for type annotations
  --> alembic\versions\7ae0747b97c6_add_memory_model.py:16:16
   |
14 | # revision identifiers, used by Alembic.
15 | revision: str = '7ae0747b97c6'
16 | down_revision: Union[str, Sequence[str], None] = '65e87a28fbd0'
   |                ^^^^^^^^^^^^^^^^^^^^^^^^^^^^^^^
17 | branch_labels: Union[str, Sequence[str], None] = None
18 | depends_on: Union[str, Sequence[str], None] = None
   |
help: Convert to `X | Y`

UP007 [*] Use `X | Y` for type annotations
  --> alembic\versions\7ae0747b97c6_add_memory_model.py:17:16
   |
15 | revision: str = '7ae0747b97c6'
16 | down_revision: Union[str, Sequence[str], None] = '65e87a28fbd0'
17 | branch_labels: Union[str, Sequence[str], None] = None
   |                ^^^^^^^^^^^^^^^^^^^^^^^^^^^^^^^
18 | depends_on: Union[str, Sequence[str], None] = None
   |
help: Convert to `X | Y`

UP007 [*] Use `X | Y` for type annotations
  --> alembic\versions\7ae0747b97c6_add_memory_model.py:18:13
   |
16 | down_revision: Union[str, Sequence[str], None] = '65e87a28fbd0'
17 | branch_labels: Union[str, Sequence[str], None] = None
18 | depends_on: Union[str, Sequence[str], None] = None
   |             ^^^^^^^^^^^^^^^^^^^^^^^^^^^^^^^
   |
help: Convert to `X | Y`

E501 Line too long (105 > 88)
  --> alembic\versions\7ae0747b97c6_add_memory_model.py:31:89
   |
29 |     sa.Column('value', sa.String(length=500), nullable=False),
30 |     sa.Column('confidence', sa.Float(), nullable=False),
31 |     sa.Column('created_at', sa.DateTime(timezone=True), server_default=sa.text('now()'), nullable=False),
   |                                                                                         ^^^^^^^^^^^^^^^^^
32 |     sa.Column('updated_at', sa.DateTime(timezone=True), server_default=sa.text('now()'), nullable=False),
33 |     sa.ForeignKeyConstraint(['user_id'], ['users.id'], ondelete='CASCADE'),
   |

E501 Line too long (105 > 88)
  --> alembic\versions\7ae0747b97c6_add_memory_model.py:32:89
   |
30 |     sa.Column('confidence', sa.Float(), nullable=False),
31 |     sa.Column('created_at', sa.DateTime(timezone=True), server_default=sa.text('now()'), nullable=False),
32 |     sa.Column('updated_at', sa.DateTime(timezone=True), server_default=sa.text('now()'), nullable=False),
   |                                                                                         ^^^^^^^^^^^^^^^^^
33 |     sa.ForeignKeyConstraint(['user_id'], ['users.id'], ondelete='CASCADE'),
34 |     sa.PrimaryKeyConstraint('id')
   |

UP035 [*] Import from `collections.abc` instead: `Sequence`
  --> alembic\versions\9998a62ae490_add_location_tags_to_reminders.py:8:1
   |
 7 | """
 8 | from typing import Sequence, Union
   | ^^^^^^^^^^^^^^^^^^^^^^^^^^^^^^^^^^
 9 |
10 | from alembic import op
   |
help: Import from `collections.abc`

I001 [*] Import block is un-sorted or un-formatted
  --> alembic\versions\9998a62ae490_add_location_tags_to_reminders.py:8:1
   |
 7 |   """
 8 | / from typing import Sequence, Union
 9 | |
10 | | from alembic import op
11 | | import sqlalchemy as sa
   | |_______________________^
   |
help: Organize imports

UP007 [*] Use `X | Y` for type annotations
  --> alembic\versions\9998a62ae490_add_location_tags_to_reminders.py:16:16
   |
14 | # revision identifiers, used by Alembic.
15 | revision: str = '9998a62ae490'
16 | down_revision: Union[str, Sequence[str], None] = 'dddc8dff948c'
   |                ^^^^^^^^^^^^^^^^^^^^^^^^^^^^^^^
17 | branch_labels: Union[str, Sequence[str], None] = None
18 | depends_on: Union[str, Sequence[str], None] = None
   |
help: Convert to `X | Y`

UP007 [*] Use `X | Y` for type annotations
  --> alembic\versions\9998a62ae490_add_location_tags_to_reminders.py:17:16
   |
15 | revision: str = '9998a62ae490'
16 | down_revision: Union[str, Sequence[str], None] = 'dddc8dff948c'
17 | branch_labels: Union[str, Sequence[str], None] = None
   |                ^^^^^^^^^^^^^^^^^^^^^^^^^^^^^^^
18 | depends_on: Union[str, Sequence[str], None] = None
   |
help: Convert to `X | Y`

UP007 [*] Use `X | Y` for type annotations
  --> alembic\versions\9998a62ae490_add_location_tags_to_reminders.py:18:13
   |
16 | down_revision: Union[str, Sequence[str], None] = 'dddc8dff948c'
17 | branch_labels: Union[str, Sequence[str], None] = None
18 | depends_on: Union[str, Sequence[str], None] = None
   |             ^^^^^^^^^^^^^^^^^^^^^^^^^^^^^^^
   |
help: Convert to `X | Y`

E501 Line too long (96 > 88)
  --> alembic\versions\9998a62ae490_add_location_tags_to_reminders.py:26:89
   |
24 |     op.add_column('reminders', sa.Column('location_lat', sa.Float(), nullable=True))
25 |     op.add_column('reminders', sa.Column('location_lon', sa.Float(), nullable=True))
26 |     op.add_column('reminders', sa.Column('location_name', sa.String(length=255), nullable=True))
   |                                                                                         ^^^^^^^^
27 |     # ### end Alembic commands ###
   |

UP035 [*] Import from `collections.abc` instead: `Sequence`
  --> alembic\versions\b572ab042e4e_pks.py:8:1
   |
 7 | """
 8 | from typing import Sequence, Union
   | ^^^^^^^^^^^^^^^^^^^^^^^^^^^^^^^^^^
 9 |
10 | from alembic import op
   |
help: Import from `collections.abc`

I001 [*] Import block is un-sorted or un-formatted
  --> alembic\versions\b572ab042e4e_pks.py:8:1
   |
 7 |   """
 8 | / from typing import Sequence, Union
 9 | |
10 | | from alembic import op
11 | | import sqlalchemy as sa
12 | | from sqlalchemy.dialects import postgresql
   | |__________________________________________^
13 |
14 |   # revision identifiers, used by Alembic.
   |
help: Organize imports

UP007 [*] Use `X | Y` for type annotations
  --> alembic\versions\b572ab042e4e_pks.py:16:16
   |
14 | # revision identifiers, used by Alembic.
15 | revision: str = 'b572ab042e4e'
16 | down_revision: Union[str, Sequence[str], None] = '64d85cab085d'
   |                ^^^^^^^^^^^^^^^^^^^^^^^^^^^^^^^
17 | branch_labels: Union[str, Sequence[str], None] = None
18 | depends_on: Union[str, Sequence[str], None] = None
   |
help: Convert to `X | Y`

UP007 [*] Use `X | Y` for type annotations
  --> alembic\versions\b572ab042e4e_pks.py:17:16
   |
15 | revision: str = 'b572ab042e4e'
16 | down_revision: Union[str, Sequence[str], None] = '64d85cab085d'
17 | branch_labels: Union[str, Sequence[str], None] = None
   |                ^^^^^^^^^^^^^^^^^^^^^^^^^^^^^^^
18 | depends_on: Union[str, Sequence[str], None] = None
   |
help: Convert to `X | Y`

UP007 [*] Use `X | Y` for type annotations
  --> alembic\versions\b572ab042e4e_pks.py:18:13
   |
16 | down_revision: Union[str, Sequence[str], None] = '64d85cab085d'
17 | branch_labels: Union[str, Sequence[str], None] = None
18 | depends_on: Union[str, Sequence[str], None] = None
   |             ^^^^^^^^^^^^^^^^^^^^^^^^^^^^^^^
   |
help: Convert to `X | Y`

UP035 [*] Import from `collections.abc` instead: `Sequence`
  --> alembic\versions\c3663c6ffe7f_add_oauth_credentials_schema.py:8:1
   |
 7 | """
 8 | from typing import Sequence, Union
   | ^^^^^^^^^^^^^^^^^^^^^^^^^^^^^^^^^^
 9 |
10 | from alembic import op
   |
help: Import from `collections.abc`

I001 [*] Import block is un-sorted or un-formatted
  --> alembic\versions\c3663c6ffe7f_add_oauth_credentials_schema.py:8:1
   |
 7 |   """
 8 | / from typing import Sequence, Union
 9 | |
10 | | from alembic import op
11 | | import sqlalchemy as sa
   | |_______________________^
   |
help: Organize imports

UP007 [*] Use `X | Y` for type annotations
  --> alembic\versions\c3663c6ffe7f_add_oauth_credentials_schema.py:16:16
   |
14 | # revision identifiers, used by Alembic.
15 | revision: str = 'c3663c6ffe7f'
16 | down_revision: Union[str, Sequence[str], None] = '158757f21730'
   |                ^^^^^^^^^^^^^^^^^^^^^^^^^^^^^^^
17 | branch_labels: Union[str, Sequence[str], None] = None
18 | depends_on: Union[str, Sequence[str], None] = None
   |
help: Convert to `X | Y`

UP007 [*] Use `X | Y` for type annotations
  --> alembic\versions\c3663c6ffe7f_add_oauth_credentials_schema.py:17:16
   |
15 | revision: str = 'c3663c6ffe7f'
16 | down_revision: Union[str, Sequence[str], None] = '158757f21730'
17 | branch_labels: Union[str, Sequence[str], None] = None
   |                ^^^^^^^^^^^^^^^^^^^^^^^^^^^^^^^
18 | depends_on: Union[str, Sequence[str], None] = None
   |
help: Convert to `X | Y`

UP007 [*] Use `X | Y` for type annotations
  --> alembic\versions\c3663c6ffe7f_add_oauth_credentials_schema.py:18:13
   |
16 | down_revision: Union[str, Sequence[str], None] = '158757f21730'
17 | branch_labels: Union[str, Sequence[str], None] = None
18 | depends_on: Union[str, Sequence[str], None] = None
   |             ^^^^^^^^^^^^^^^^^^^^^^^^^^^^^^^
   |
help: Convert to `X | Y`

E501 Line too long (105 > 88)
  --> alembic\versions\c3663c6ffe7f_add_oauth_credentials_schema.py:32:89
   |
30 |     sa.Column('scopes', sa.String(length=1024), nullable=True),
31 |     sa.Column('expires_at', sa.DateTime(timezone=True), nullable=True),
32 |     sa.Column('created_at', sa.DateTime(timezone=True), server_default=sa.text('now()'), nullable=False),
   |                                                                                         ^^^^^^^^^^^^^^^^^
33 |     sa.Column('updated_at', sa.DateTime(timezone=True), server_default=sa.text('now()'), nullable=False),
34 |     sa.ForeignKeyConstraint(['user_id'], ['users.id'], ondelete='CASCADE'),
   |

E501 Line too long (105 > 88)
  --> alembic\versions\c3663c6ffe7f_add_oauth_credentials_schema.py:33:89
   |
31 |     sa.Column('expires_at', sa.DateTime(timezone=True), nullable=True),
32 |     sa.Column('created_at', sa.DateTime(timezone=True), server_default=sa.text('now()'), nullable=False),
33 |     sa.Column('updated_at', sa.DateTime(timezone=True), server_default=sa.text('now()'), nullable=False),
   |                                                                                         ^^^^^^^^^^^^^^^^^
34 |     sa.ForeignKeyConstraint(['user_id'], ['users.id'], ondelete='CASCADE'),
35 |     sa.PrimaryKeyConstraint('id')
   |

E501 Line too long (95 > 88)
  --> alembic\versions\c3663c6ffe7f_add_oauth_credentials_schema.py:37:89
   |
35 |     sa.PrimaryKeyConstraint('id')
36 |     )
37 |     op.create_index(op.f('ix_oauth_credentials_id'), 'oauth_credentials', ['id'], unique=False)
   |                                                                                         ^^^^^^^
38 |     op.create_index(op.f('ix_oauth_credentials_provider'), 'oauth_credentials', ['provider'], unique=False)
39 |     op.create_index(op.f('ix_oauth_credentials_user_id'), 'oauth_credentials', ['user_id'], unique=False)
   |

E501 Line too long (107 > 88)
  --> alembic\versions\c3663c6ffe7f_add_oauth_credentials_schema.py:38:89
   |
36 |     )
37 |     op.create_index(op.f('ix_oauth_credentials_id'), 'oauth_credentials', ['id'], unique=False)
38 |     op.create_index(op.f('ix_oauth_credentials_provider'), 'oauth_credentials', ['provider'], unique=False)
   |                                                                                         ^^^^^^^^^^^^^^^^^^^
39 |     op.create_index(op.f('ix_oauth_credentials_user_id'), 'oauth_credentials', ['user_id'], unique=False)
40 |     # ### end Alembic commands ###
   |

E501 Line too long (105 > 88)
  --> alembic\versions\c3663c6ffe7f_add_oauth_credentials_schema.py:39:89
   |
37 |     op.create_index(op.f('ix_oauth_credentials_id'), 'oauth_credentials', ['id'], unique=False)
38 |     op.create_index(op.f('ix_oauth_credentials_provider'), 'oauth_credentials', ['provider'], unique=False)
39 |     op.create_index(op.f('ix_oauth_credentials_user_id'), 'oauth_credentials', ['user_id'], unique=False)
   |                                                                                         ^^^^^^^^^^^^^^^^^
40 |     # ### end Alembic commands ###
   |

UP035 [*] Import from `collections.abc` instead: `Sequence`
  --> alembic\versions\d1c4dbb04d19_scheduler.py:8:1
   |
 7 | """
 8 | from typing import Sequence, Union
   | ^^^^^^^^^^^^^^^^^^^^^^^^^^^^^^^^^^
 9 |
10 | from alembic import op
   |
help: Import from `collections.abc`

I001 [*] Import block is un-sorted or un-formatted
  --> alembic\versions\d1c4dbb04d19_scheduler.py:8:1
   |
 7 |   """
 8 | / from typing import Sequence, Union
 9 | |
10 | | from alembic import op
11 | | import sqlalchemy as sa
12 | | from sqlalchemy.dialects import postgresql
   | |__________________________________________^
13 |
14 |   # revision identifiers, used by Alembic.
   |
help: Organize imports

UP007 [*] Use `X | Y` for type annotations
  --> alembic\versions\d1c4dbb04d19_scheduler.py:16:16
   |
14 | # revision identifiers, used by Alembic.
15 | revision: str = 'd1c4dbb04d19'
16 | down_revision: Union[str, Sequence[str], None] = 'b572ab042e4e'
   |                ^^^^^^^^^^^^^^^^^^^^^^^^^^^^^^^
17 | branch_labels: Union[str, Sequence[str], None] = None
18 | depends_on: Union[str, Sequence[str], None] = None
   |
help: Convert to `X | Y`

UP007 [*] Use `X | Y` for type annotations
  --> alembic\versions\d1c4dbb04d19_scheduler.py:17:16
   |
15 | revision: str = 'd1c4dbb04d19'
16 | down_revision: Union[str, Sequence[str], None] = 'b572ab042e4e'
17 | branch_labels: Union[str, Sequence[str], None] = None
   |                ^^^^^^^^^^^^^^^^^^^^^^^^^^^^^^^
18 | depends_on: Union[str, Sequence[str], None] = None
   |
help: Convert to `X | Y`

UP007 [*] Use `X | Y` for type annotations
  --> alembic\versions\d1c4dbb04d19_scheduler.py:18:13
   |
16 | down_revision: Union[str, Sequence[str], None] = 'b572ab042e4e'
17 | branch_labels: Union[str, Sequence[str], None] = None
18 | depends_on: Union[str, Sequence[str], None] = None
   |             ^^^^^^^^^^^^^^^^^^^^^^^^^^^^^^^
   |
help: Convert to `X | Y`

E501 Line too long (103 > 88)
  --> alembic\versions\d1c4dbb04d19_scheduler.py:30:89
   |
28 |     sa.Column('device_token', sa.String(length=500), nullable=False),
29 |     sa.Column('active', sa.Boolean(), nullable=True),
30 |     sa.Column('last_seen', sa.DateTime(timezone=True), server_default=sa.text('now()'), nullable=True),
   |                                                                                         ^^^^^^^^^^^^^^^
31 |     sa.Column('created_at', sa.DateTime(timezone=True), server_default=sa.text('now()'), nullable=True),
32 |     sa.ForeignKeyConstraint(['user_id'], ['users.id'], ondelete='CASCADE'),
   |

E501 Line too long (104 > 88)
  --> alembic\versions\d1c4dbb04d19_scheduler.py:31:89
   |
29 |     sa.Column('active', sa.Boolean(), nullable=True),
30 |     sa.Column('last_seen', sa.DateTime(timezone=True), server_default=sa.text('now()'), nullable=True),
31 |     sa.Column('created_at', sa.DateTime(timezone=True), server_default=sa.text('now()'), nullable=True),
   |                                                                                         ^^^^^^^^^^^^^^^^
32 |     sa.ForeignKeyConstraint(['user_id'], ['users.id'], ondelete='CASCADE'),
33 |     sa.PrimaryKeyConstraint('id')
   |

E501 Line too long (94 > 88)
  --> alembic\versions\d1c4dbb04d19_scheduler.py:35:89
   |
33 |     sa.PrimaryKeyConstraint('id')
34 |     )
35 |     op.create_index(op.f('ix_devices_device_token'), 'devices', ['device_token'], unique=True)
   |                                                                                         ^^^^^^
36 |     op.create_index(op.f('ix_devices_id'), 'devices', ['id'], unique=False)
37 |     op.create_table('notifications',
   |

E501 Line too long (104 > 88)
  --> alembic\versions\d1c4dbb04d19_scheduler.py:46:89
   |
44 |     sa.Column('source', sa.String(length=255), nullable=True),
45 |     sa.Column('channels', postgresql.JSONB(astext_type=sa.Text()), nullable=True),
46 |     sa.Column('created_at', sa.DateTime(timezone=True), server_default=sa.text('now()'), nullable=True),
   |                                                                                         ^^^^^^^^^^^^^^^^
47 |     sa.Column('delivered_at', sa.DateTime(timezone=True), nullable=True),
48 |     sa.Column('read_at', sa.DateTime(timezone=True), nullable=True),
   |

E501 Line too long (104 > 88)
  --> alembic\versions\d1c4dbb04d19_scheduler.py:63:89
   |
61 |     sa.Column('status', sa.String(), nullable=True),
62 |     sa.Column('failure_reason', sa.Text(), nullable=True),
63 |     sa.Column('created_at', sa.DateTime(timezone=True), server_default=sa.text('now()'), nullable=True),
   |                                                                                         ^^^^^^^^^^^^^^^^
64 |     sa.ForeignKeyConstraint(['reminder_id'], ['reminders.id'], ondelete='SET NULL'),
65 |     sa.ForeignKeyConstraint(['user_id'], ['users.id'], ondelete='CASCADE'),
   |

E501 Line too long (89 > 88)
  --> alembic\versions\d1c4dbb04d19_scheduler.py:68:89
   |
66 |     sa.PrimaryKeyConstraint('id')
67 |     )
68 |     op.create_index(op.f('ix_scheduled_jobs_id'), 'scheduled_jobs', ['id'], unique=False)
   |                                                                                         ^
69 |     op.create_index(op.f('ix_scheduled_jobs_scheduled_time'), 'scheduled_jobs', ['scheduled_time'], unique=False)
70 |     # ### end Alembic commands ###
   |

E501 Line too long (113 > 88)
  --> alembic\versions\d1c4dbb04d19_scheduler.py:69:89
   |
67 |     )
68 |     op.create_index(op.f('ix_scheduled_jobs_id'), 'scheduled_jobs', ['id'], unique=False)
69 |     op.create_index(op.f('ix_scheduled_jobs_scheduled_time'), 'scheduled_jobs', ['scheduled_time'], unique=False)
   |                                                                                         ^^^^^^^^^^^^^^^^^^^^^^^^^
70 |     # ### end Alembic commands ###
   |

UP035 [*] Import from `collections.abc` instead: `Sequence`
  --> alembic\versions\dddc8dff948c_add_expense_schema.py:8:1
   |
 7 | """
 8 | from typing import Sequence, Union
   | ^^^^^^^^^^^^^^^^^^^^^^^^^^^^^^^^^^
 9 |
10 | from alembic import op
   |
help: Import from `collections.abc`

I001 [*] Import block is un-sorted or un-formatted
  --> alembic\versions\dddc8dff948c_add_expense_schema.py:8:1
   |
 7 |   """
 8 | / from typing import Sequence, Union
 9 | |
10 | | from alembic import op
11 | | import sqlalchemy as sa
   | |_______________________^
   |
help: Organize imports

UP007 [*] Use `X | Y` for type annotations
  --> alembic\versions\dddc8dff948c_add_expense_schema.py:16:16
   |
14 | # revision identifiers, used by Alembic.
15 | revision: str = 'dddc8dff948c'
16 | down_revision: Union[str, Sequence[str], None] = '442e54d2f95b'
   |                ^^^^^^^^^^^^^^^^^^^^^^^^^^^^^^^
17 | branch_labels: Union[str, Sequence[str], None] = None
18 | depends_on: Union[str, Sequence[str], None] = None
   |
help: Convert to `X | Y`

UP007 [*] Use `X | Y` for type annotations
  --> alembic\versions\dddc8dff948c_add_expense_schema.py:17:16
   |
15 | revision: str = 'dddc8dff948c'
16 | down_revision: Union[str, Sequence[str], None] = '442e54d2f95b'
17 | branch_labels: Union[str, Sequence[str], None] = None
   |                ^^^^^^^^^^^^^^^^^^^^^^^^^^^^^^^
18 | depends_on: Union[str, Sequence[str], None] = None
   |
help: Convert to `X | Y`

UP007 [*] Use `X | Y` for type annotations
  --> alembic\versions\dddc8dff948c_add_expense_schema.py:18:13
   |
16 | down_revision: Union[str, Sequence[str], None] = '442e54d2f95b'
17 | branch_labels: Union[str, Sequence[str], None] = None
18 | depends_on: Union[str, Sequence[str], None] = None
   |             ^^^^^^^^^^^^^^^^^^^^^^^^^^^^^^^
   |
help: Convert to `X | Y`

E501 Line too long (108 > 88)
  --> alembic\versions\dddc8dff948c_add_expense_schema.py:33:89
   |
31 |     sa.Column('description', sa.Text(), nullable=True),
32 |     sa.Column('receipt_url', sa.String(length=500), nullable=True),
33 |     sa.Column('date_incurred', sa.DateTime(timezone=True), server_default=sa.text('now()'), nullable=False),
   |                                                                                         ^^^^^^^^^^^^^^^^^^^^
34 |     sa.Column('created_at', sa.DateTime(timezone=True), server_default=sa.text('now()'), nullable=False),
35 |     sa.ForeignKeyConstraint(['user_id'], ['users.id'], ondelete='CASCADE'),
   |

E501 Line too long (105 > 88)
  --> alembic\versions\dddc8dff948c_add_expense_schema.py:34:89
   |
32 |     sa.Column('receipt_url', sa.String(length=500), nullable=True),
33 |     sa.Column('date_incurred', sa.DateTime(timezone=True), server_default=sa.text('now()'), nullable=False),
34 |     sa.Column('created_at', sa.DateTime(timezone=True), server_default=sa.text('now()'), nullable=False),
   |                                                                                         ^^^^^^^^^^^^^^^^^
35 |     sa.ForeignKeyConstraint(['user_id'], ['users.id'], ondelete='CASCADE'),
36 |     sa.PrimaryKeyConstraint('id')
   |

UP035 [*] Import from `collections.abc` instead: `Sequence`
  --> alembic\versions\e11624f7a437_oauth.py:8:1
   |
 7 | """
 8 | from typing import Sequence, Union
   | ^^^^^^^^^^^^^^^^^^^^^^^^^^^^^^^^^^
 9 |
10 | from alembic import op
   |
help: Import from `collections.abc`

I001 [*] Import block is un-sorted or un-formatted
  --> alembic\versions\e11624f7a437_oauth.py:8:1
   |
 7 |   """
 8 | / from typing import Sequence, Union
 9 | |
10 | | from alembic import op
11 | | import sqlalchemy as sa
   | |_______________________^
   |
help: Organize imports

UP007 [*] Use `X | Y` for type annotations
  --> alembic\versions\e11624f7a437_oauth.py:16:16
   |
14 | # revision identifiers, used by Alembic.
15 | revision: str = 'e11624f7a437'
16 | down_revision: Union[str, Sequence[str], None] = 'c3663c6ffe7f'
   |                ^^^^^^^^^^^^^^^^^^^^^^^^^^^^^^^
17 | branch_labels: Union[str, Sequence[str], None] = None
18 | depends_on: Union[str, Sequence[str], None] = None
   |
help: Convert to `X | Y`

UP007 [*] Use `X | Y` for type annotations
  --> alembic\versions\e11624f7a437_oauth.py:17:16
   |
15 | revision: str = 'e11624f7a437'
16 | down_revision: Union[str, Sequence[str], None] = 'c3663c6ffe7f'
17 | branch_labels: Union[str, Sequence[str], None] = None
   |                ^^^^^^^^^^^^^^^^^^^^^^^^^^^^^^^
18 | depends_on: Union[str, Sequence[str], None] = None
   |
help: Convert to `X | Y`

UP007 [*] Use `X | Y` for type annotations
  --> alembic\versions\e11624f7a437_oauth.py:18:13
   |
16 | down_revision: Union[str, Sequence[str], None] = 'c3663c6ffe7f'
17 | branch_labels: Union[str, Sequence[str], None] = None
18 | depends_on: Union[str, Sequence[str], None] = None
   |             ^^^^^^^^^^^^^^^^^^^^^^^^^^^^^^^
   |
help: Convert to `X | Y`

E501 Line too long (105 > 88)
  --> alembic\versions\e11624f7a437_oauth.py:28:89
   |
26 |     sa.Column('user_id', sa.Integer(), nullable=False),
27 |     sa.Column('expires_at', sa.DateTime(timezone=True), nullable=False),
28 |     sa.Column('created_at', sa.DateTime(timezone=True), server_default=sa.text('now()'), nullable=False),
   |                                                                                         ^^^^^^^^^^^^^^^^^
29 |     sa.ForeignKeyConstraint(['user_id'], ['users.id'], ondelete='CASCADE'),
30 |     sa.PrimaryKeyConstraint('state')
   |

E501 Line too long (91 > 88)
  --> alembic\versions\e11624f7a437_oauth.py:32:89
   |
30 |     sa.PrimaryKeyConstraint('state')
31 |     )
32 |     op.create_index(op.f('ix_oauth_states_state'), 'oauth_states', ['state'], unique=False)
   |                                                                                         ^^^
33 |     op.create_index(op.f('ix_oauth_states_user_id'), 'oauth_states', ['user_id'], unique=False)
34 |     # ### end Alembic commands ###
   |

E501 Line too long (95 > 88)
  --> alembic\versions\e11624f7a437_oauth.py:33:89
   |
31 |     )
32 |     op.create_index(op.f('ix_oauth_states_state'), 'oauth_states', ['state'], unique=False)
33 |     op.create_index(op.f('ix_oauth_states_user_id'), 'oauth_states', ['user_id'], unique=False)
   |                                                                                         ^^^^^^^
34 |     # ### end Alembic commands ###
   |

UP035 [*] Import from `collections.abc` instead: `Sequence`
 --> alembic\versions\f87bd8281f91_add_chunk_embeddings.py:8:1
  |
7 | """
8 | from typing import Sequence, Union
  | ^^^^^^^^^^^^^^^^^^^^^^^^^^^^^^^^^^
9 | from pgvector.sqlalchemy import Vector
  |
help: Import from `collections.abc`

I001 [*] Import block is un-sorted or un-formatted
  --> alembic\versions\f87bd8281f91_add_chunk_embeddings.py:8:1
   |
 7 |   """
 8 | / from typing import Sequence, Union
 9 | | from pgvector.sqlalchemy import Vector
10 | |
11 | | from alembic import op
12 | | import sqlalchemy as sa
   | |_______________________^
   |
help: Organize imports

UP007 [*] Use `X | Y` for type annotations
  --> alembic\versions\f87bd8281f91_add_chunk_embeddings.py:17:16
   |
15 | # revision identifiers, used by Alembic.
16 | revision: str = 'f87bd8281f91'
17 | down_revision: Union[str, Sequence[str], None] = '1289d90976a4'
   |                ^^^^^^^^^^^^^^^^^^^^^^^^^^^^^^^
18 | branch_labels: Union[str, Sequence[str], None] = None
19 | depends_on: Union[str, Sequence[str], None] = None
   |
help: Convert to `X | Y`

UP007 [*] Use `X | Y` for type annotations
  --> alembic\versions\f87bd8281f91_add_chunk_embeddings.py:18:16
   |
16 | revision: str = 'f87bd8281f91'
17 | down_revision: Union[str, Sequence[str], None] = '1289d90976a4'
18 | branch_labels: Union[str, Sequence[str], None] = None
   |                ^^^^^^^^^^^^^^^^^^^^^^^^^^^^^^^
19 | depends_on: Union[str, Sequence[str], None] = None
   |
help: Convert to `X | Y`

UP007 [*] Use `X | Y` for type annotations
  --> alembic\versions\f87bd8281f91_add_chunk_embeddings.py:19:13
   |
17 | down_revision: Union[str, Sequence[str], None] = '1289d90976a4'
18 | branch_labels: Union[str, Sequence[str], None] = None
19 | depends_on: Union[str, Sequence[str], None] = None
   |             ^^^^^^^^^^^^^^^^^^^^^^^^^^^^^^^
   |
help: Convert to `X | Y`

E501 Line too long (89 > 88)
  --> alembic\versions\f87bd8281f91_add_chunk_embeddings.py:25:89
   |
23 |     """Upgrade schema."""
24 |     # ### commands auto generated by Alembic - please adjust! ###
25 |     op.add_column('document_chunks', sa.Column('embedding', Vector(3072), nullable=True))
   |                                                                                         ^
26 |     op.drop_index(op.f('ix_documents_sha256'), table_name='documents')
27 |     op.create_index(op.f('ix_documents_sha256'), 'documents', ['sha256'], unique=False)
   |

UP035 [*] Import from `collections.abc` instead: `Sequence`
  --> alembic\versions\fd4a93656d09_add_documents_table.py:8:1
   |
 7 | """
 8 | from typing import Sequence, Union
   | ^^^^^^^^^^^^^^^^^^^^^^^^^^^^^^^^^^
 9 |
10 | from alembic import op
   |
help: Import from `collections.abc`

I001 [*] Import block is un-sorted or un-formatted
  --> alembic\versions\fd4a93656d09_add_documents_table.py:8:1
   |
 7 |   """
 8 | / from typing import Sequence, Union
 9 | |
10 | | from alembic import op
11 | | import sqlalchemy as sa
   | |_______________________^
   |
help: Organize imports

UP007 [*] Use `X | Y` for type annotations
  --> alembic\versions\fd4a93656d09_add_documents_table.py:16:16
   |
14 | # revision identifiers, used by Alembic.
15 | revision: str = 'fd4a93656d09'
16 | down_revision: Union[str, Sequence[str], None] = '7ae0747b97c6'
   |                ^^^^^^^^^^^^^^^^^^^^^^^^^^^^^^^
17 | branch_labels: Union[str, Sequence[str], None] = None
18 | depends_on: Union[str, Sequence[str], None] = None
   |
help: Convert to `X | Y`

UP007 [*] Use `X | Y` for type annotations
  --> alembic\versions\fd4a93656d09_add_documents_table.py:17:16
   |
15 | revision: str = 'fd4a93656d09'
16 | down_revision: Union[str, Sequence[str], None] = '7ae0747b97c6'
17 | branch_labels: Union[str, Sequence[str], None] = None
   |                ^^^^^^^^^^^^^^^^^^^^^^^^^^^^^^^
18 | depends_on: Union[str, Sequence[str], None] = None
   |
help: Convert to `X | Y`

UP007 [*] Use `X | Y` for type annotations
  --> alembic\versions\fd4a93656d09_add_documents_table.py:18:13
   |
16 | down_revision: Union[str, Sequence[str], None] = '7ae0747b97c6'
17 | branch_labels: Union[str, Sequence[str], None] = None
18 | depends_on: Union[str, Sequence[str], None] = None
   |             ^^^^^^^^^^^^^^^^^^^^^^^^^^^^^^^
   |
help: Convert to `X | Y`

E501 Line too long (142 > 88)
  --> alembic\versions\fd4a93656d09_add_documents_table.py:34:89
   |
32 | â€¦lable=False),
33 | â€¦=False),
34 | â€¦ACTING', 'CHUNKING', 'EMBEDDING', 'READY', 'FAILED', name='documentstatus'), nullable=False),
   |                                         ^^^^^^^^^^^^^^^^^^^^^^^^^^^^^^^^^^^^^^^^^^^^^^^^^^^^^^
35 | â€¦e=True),
36 | â€¦ullable=True),
   |

E501 Line too long (105 > 88)
  --> alembic\versions\fd4a93656d09_add_documents_table.py:37:89
   |
35 |     sa.Column('page_count', sa.Integer(), nullable=True),
36 |     sa.Column('language', sa.String(length=20), nullable=True),
37 |     sa.Column('created_at', sa.DateTime(timezone=True), server_default=sa.text('now()'), nullable=False),
   |                                                                                         ^^^^^^^^^^^^^^^^^
38 |     sa.Column('updated_at', sa.DateTime(timezone=True), server_default=sa.text('now()'), nullable=False),
39 |     sa.ForeignKeyConstraint(['user_id'], ['users.id'], ondelete='CASCADE'),
   |

E501 Line too long (105 > 88)
  --> alembic\versions\fd4a93656d09_add_documents_table.py:38:89
   |
36 |     sa.Column('language', sa.String(length=20), nullable=True),
37 |     sa.Column('created_at', sa.DateTime(timezone=True), server_default=sa.text('now()'), nullable=False),
38 |     sa.Column('updated_at', sa.DateTime(timezone=True), server_default=sa.text('now()'), nullable=False),
   |                                                                                         ^^^^^^^^^^^^^^^^^
39 |     sa.ForeignKeyConstraint(['user_id'], ['users.id'], ondelete='CASCADE'),
40 |     sa.PrimaryKeyConstraint('id'),
   |

UP035 [*] Import from `collections.abc` instead: `Sequence`
  --> alembic\versions\fe3b59645e76_add_person_habit_temporal.py:8:1
   |
 7 | """
 8 | from typing import Sequence, Union
   | ^^^^^^^^^^^^^^^^^^^^^^^^^^^^^^^^^^
 9 |
10 | from alembic import op
   |
help: Import from `collections.abc`

I001 [*] Import block is un-sorted or un-formatted
  --> alembic\versions\fe3b59645e76_add_person_habit_temporal.py:8:1
   |
 7 |   """
 8 | / from typing import Sequence, Union
 9 | |
10 | | from alembic import op
11 | | import sqlalchemy as sa
12 | | from sqlalchemy.dialects import postgresql
   | |__________________________________________^
13 |
14 |   # revision identifiers, used by Alembic.
   |
help: Organize imports

UP007 [*] Use `X | Y` for type annotations
  --> alembic\versions\fe3b59645e76_add_person_habit_temporal.py:16:16
   |
14 | # revision identifiers, used by Alembic.
15 | revision: str = 'fe3b59645e76'
16 | down_revision: Union[str, Sequence[str], None] = 'd1c4dbb04d19'
   |                ^^^^^^^^^^^^^^^^^^^^^^^^^^^^^^^
17 | branch_labels: Union[str, Sequence[str], None] = None
18 | depends_on: Union[str, Sequence[str], None] = None
   |
help: Convert to `X | Y`

UP007 [*] Use `X | Y` for type annotations
  --> alembic\versions\fe3b59645e76_add_person_habit_temporal.py:17:16
   |
15 | revision: str = 'fe3b59645e76'
16 | down_revision: Union[str, Sequence[str], None] = 'd1c4dbb04d19'
17 | branch_labels: Union[str, Sequence[str], None] = None
   |                ^^^^^^^^^^^^^^^^^^^^^^^^^^^^^^^
18 | depends_on: Union[str, Sequence[str], None] = None
   |
help: Convert to `X | Y`

UP007 [*] Use `X | Y` for type annotations
  --> alembic\versions\fe3b59645e76_add_person_habit_temporal.py:18:13
   |
16 | down_revision: Union[str, Sequence[str], None] = 'd1c4dbb04d19'
17 | branch_labels: Union[str, Sequence[str], None] = None
18 | depends_on: Union[str, Sequence[str], None] = None
   |             ^^^^^^^^^^^^^^^^^^^^^^^^^^^^^^^
   |
help: Convert to `X | Y`

E501 Line too long (105 > 88)
  --> alembic\versions\fe3b59645e76_add_person_habit_temporal.py:33:89
   |
31 |     sa.Column('longest_streak', sa.Integer(), nullable=False),
32 |     sa.Column('is_active', sa.Boolean(), nullable=False),
33 |     sa.Column('created_at', sa.DateTime(timezone=True), server_default=sa.text('now()'), nullable=False),
   |                                                                                         ^^^^^^^^^^^^^^^^^
34 |     sa.Column('updated_at', sa.DateTime(timezone=True), server_default=sa.text('now()'), nullable=False),
35 |     sa.ForeignKeyConstraint(['user_id'], ['users.id'], ondelete='CASCADE'),
   |

E501 Line too long (105 > 88)
  --> alembic\versions\fe3b59645e76_add_person_habit_temporal.py:34:89
   |
32 |     sa.Column('is_active', sa.Boolean(), nullable=False),
33 |     sa.Column('created_at', sa.DateTime(timezone=True), server_default=sa.text('now()'), nullable=False),
34 |     sa.Column('updated_at', sa.DateTime(timezone=True), server_default=sa.text('now()'), nullable=False),
   |                                                                                         ^^^^^^^^^^^^^^^^^
35 |     sa.ForeignKeyConstraint(['user_id'], ['users.id'], ondelete='CASCADE'),
36 |     sa.PrimaryKeyConstraint('id')
   |

E501 Line too long (109 > 88)
  --> alembic\versions\fe3b59645e76_add_person_habit_temporal.py:46:89
   |
44 |     sa.Column('relationship_type', sa.String(length=100), nullable=True),
45 |     sa.Column('notes_summary', sa.Text(), nullable=True),
46 |     sa.Column('last_mentioned', sa.DateTime(timezone=True), server_default=sa.text('now()'), nullable=False),
   |                                                                                         ^^^^^^^^^^^^^^^^^^^^^
47 |     sa.Column('created_at', sa.DateTime(timezone=True), server_default=sa.text('now()'), nullable=False),
48 |     sa.Column('updated_at', sa.DateTime(timezone=True), server_default=sa.text('now()'), nullable=False),
   |

E501 Line too long (105 > 88)
  --> alembic\versions\fe3b59645e76_add_person_habit_temporal.py:47:89
   |
45 |     sa.Column('notes_summary', sa.Text(), nullable=True),
46 |     sa.Column('last_mentioned', sa.DateTime(timezone=True), server_default=sa.text('now()'), nullable=False),
47 |     sa.Column('created_at', sa.DateTime(timezone=True), server_default=sa.text('now()'), nullable=False),
   |                                                                                         ^^^^^^^^^^^^^^^^^
48 |     sa.Column('updated_at', sa.DateTime(timezone=True), server_default=sa.text('now()'), nullable=False),
49 |     sa.ForeignKeyConstraint(['user_id'], ['users.id'], ondelete='CASCADE'),
   |

E501 Line too long (105 > 88)
  --> alembic\versions\fe3b59645e76_add_person_habit_temporal.py:48:89
   |
46 |     sa.Column('last_mentioned', sa.DateTime(timezone=True), server_default=sa.text('now()'), nullable=False),
47 |     sa.Column('created_at', sa.DateTime(timezone=True), server_default=sa.text('now()'), nullable=False),
48 |     sa.Column('updated_at', sa.DateTime(timezone=True), server_default=sa.text('now()'), nullable=False),
   |                                                                                         ^^^^^^^^^^^^^^^^^
49 |     sa.ForeignKeyConstraint(['user_id'], ['users.id'], ondelete='CASCADE'),
50 |     sa.PrimaryKeyConstraint('id')
   |

E501 Line too long (107 > 88)
  --> alembic\versions\fe3b59645e76_add_person_habit_temporal.py:57:89
   |
55 |     sa.Column('id', sa.Integer(), nullable=False),
56 |     sa.Column('habit_id', sa.Integer(), nullable=False),
57 |     sa.Column('completed_at', sa.DateTime(timezone=True), server_default=sa.text('now()'), nullable=False),
   |                                                                                         ^^^^^^^^^^^^^^^^^^^
58 |     sa.Column('note', sa.String(length=500), nullable=True),
59 |     sa.ForeignKeyConstraint(['habit_id'], ['habits.id'], ondelete='CASCADE'),
   |

E501 Line too long (93 > 88)
  --> alembic\versions\fe3b59645e76_add_person_habit_temporal.py:62:89
   |
60 |     sa.PrimaryKeyConstraint('id')
61 |     )
62 |     op.create_index(op.f('ix_habit_logs_habit_id'), 'habit_logs', ['habit_id'], unique=False)
   |                                                                                         ^^^^^
63 |     op.create_index(op.f('ix_habit_logs_id'), 'habit_logs', ['id'], unique=False)
64 |     op.create_table('person_memory',
   |

E501 Line too long (96 > 88)
  --> alembic\versions\fe3b59645e76_add_person_habit_temporal.py:78:89
   |
76 |     sa.PrimaryKeyConstraint('person_id', 'note_id')
77 |     )
78 |     op.add_column('memories', sa.Column('previous_value', sa.String(length=500), nullable=True))
   |                                                                                         ^^^^^^^^
79 |     op.add_column('memories', sa.Column('valid_from', sa.DateTime(timezone=True), server_default=sa.text('now()'), nullable=False))
80 |     op.add_column('memories', sa.Column('valid_to', sa.DateTime(timezone=True), nullable=True))
   |

E501 Line too long (131 > 88)
  --> alembic\versions\fe3b59645e76_add_person_habit_temporal.py:79:89
   |
77 |     )
78 |     op.add_column('memories', sa.Column('previous_value', sa.String(length=500), nullable=True))
79 |     op.add_column('memories', sa.Column('valid_from', sa.DateTime(timezone=True), server_default=sa.text('now()'), nullable=False))
   |                                                                                         ^^^^^^^^^^^^^^^^^^^^^^^^^^^^^^^^^^^^^^^^^^^
80 |     op.add_column('memories', sa.Column('valid_to', sa.DateTime(timezone=True), nullable=True))
81 |     op.add_column('messages', sa.Column('images', sa.JSON(), nullable=True))
   |

E501 Line too long (95 > 88)
  --> alembic\versions\fe3b59645e76_add_person_habit_temporal.py:80:89
   |
78 |     op.add_column('memories', sa.Column('previous_value', sa.String(length=500), nullable=True))
79 |     op.add_column('memories', sa.Column('valid_from', sa.DateTime(timezone=True), server_default=sa.text('now()'), nullable=False))
80 |     op.add_column('memories', sa.Column('valid_to', sa.DateTime(timezone=True), nullable=True))
   |                                                                                         ^^^^^^^
81 |     op.add_column('messages', sa.Column('images', sa.JSON(), nullable=True))
82 |     op.alter_column('reminders', 'is_recurring',
   |

I001 [*] Import block is un-sorted or un-formatted
  --> app\db\models\__init__.py:1:1
   |
 1 | / from .conversation import Conversation
 2 | | from .message import Message
 3 | | from .user import User
 4 | | from .memory import Memory
 5 | | from .document import Document, DocumentStatus
 6 | | from .document_chunk import DocumentChunk
 7 | | from .oauth_credential import OAuthCredential
 8 | | from .oauth_state import OAuthState
 9 | | from .note import Note
10 | | from .task import Task
11 | | from .reminder import Reminder
12 | | from .scheduled_job import ScheduledJob
13 | | from .notification import Notification
14 | | from .notification import Notification
15 | | from .device import Device
16 | | from .person import Person
17 | | from .habit import Habit, HabitLog
18 | | from .expense import Expense
   | |____________________________^
19 |
20 |   __all__ = [
   |
help: Organize imports

F811 [*] Redefinition of unused `Notification` from line 13
  --> app\db\models\__init__.py:13:27
   |
11 | from .reminder import Reminder
12 | from .scheduled_job import ScheduledJob
13 | from .notification import Notification
   |                           ------------ previous definition of `Notification` here
14 | from .notification import Notification
   |                           ^^^^^^^^^^^^ `Notification` redefined here
15 | from .device import Device
16 | from .person import Person
   |
help: Remove definition: `Notification`

I001 [*] Import block is un-sorted or un-formatted
 --> app\db\models\device.py:1:1
  |
1 | / from sqlalchemy import Column, Integer, String, Boolean, ForeignKey, DateTime
2 | | from sqlalchemy.orm import relationship
3 | | from sqlalchemy.sql import func
4 | | from app.db.base import Base
  | |____________________________^
5 |
6 |   class Device(Base):
  |
help: Organize imports

E501 Line too long (89 > 88)
  --> app\db\models\device.py:10:89
   |
 9 |     id = Column(Integer, primary_key=True, index=True)
10 |     user_id = Column(Integer, ForeignKey("users.id", ondelete="CASCADE"), nullable=False)
   |                                                                                         ^
11 |     
12 |     platform = Column(String(50), nullable=False) # "web", "ios", "android"
   |

E501 Line too long (95 > 88)
  --> app\db\models\device.py:16:89
   |
14 |     active = Column(Boolean, default=True)
15 |     
16 |     last_seen = Column(DateTime(timezone=True), server_default=func.now(), onupdate=func.now())
   |                                                                                         ^^^^^^^
17 |     created_at = Column(DateTime(timezone=True), server_default=func.now())
   |

I001 [*] Import block is un-sorted or un-formatted
  --> app\db\models\document.py:1:1
   |
 1 | / from enum import Enum
 2 | |
 3 | | from sqlalchemy import (
 4 | |     BigInteger,
 5 | |     DateTime,
 6 | |     Enum as SQLEnum,
 7 | |     ForeignKey,
 8 | |     String,
 9 | |     Text,
10 | | )
11 | | from sqlalchemy.orm import (
12 | |     Mapped,
13 | |     mapped_column,
14 | |     relationship,
15 | | )
16 | | from sqlalchemy.sql import func
17 | |
18 | | from app.db.base import Base
   | |____________________________^
   |
help: Organize imports

UP042 Class DocumentStatus inherits from both `str` and `enum.Enum`
  --> app\db\models\document.py:21:7
   |
21 | class DocumentStatus(str, Enum):
   |       ^^^^^^^^^^^^^^
22 |     UPLOADED = "UPLOADED"
23 |     EXTRACTING = "EXTRACTING"
   |
help: Inherit from `enum.StrEnum`

I001 [*] Import block is un-sorted or un-formatted
  --> app\db\models\document_chunk.py:1:1
   |
 1 | / from __future__ import annotations
 2 | |
 3 | | from datetime import datetime
 4 | |
 5 | | from sqlalchemy import (
 6 | |     JSON,
 7 | |     DateTime,
 8 | |     ForeignKey,
 9 | |     Integer,
10 | |     Text,
11 | | )
12 | | from sqlalchemy.orm import (
13 | |     Mapped,
14 | |     mapped_column,
15 | |     relationship,
16 | | )
17 | | from sqlalchemy.sql import func
18 | | from pgvector.sqlalchemy import Vector
19 | |
20 | | from app.db.base import Base
   | |____________________________^
   |
help: Organize imports

I001 [*] Import block is un-sorted or un-formatted
 --> app\db\models\expense.py:1:1
  |
1 | / from typing import Optional
2 | | from sqlalchemy import Column, Integer, String, Float, DateTime, ForeignKey, Text
3 | | from sqlalchemy.orm import Mapped, mapped_column, relationship
4 | | from sqlalchemy.sql import func
5 | | from app.db.base import Base
  | |____________________________^
6 |
7 |   class Expense(Base):
  |
help: Organize imports

F401 [*] `sqlalchemy.Column` imported but unused
 --> app\db\models\expense.py:2:24
  |
1 | from typing import Optional
2 | from sqlalchemy import Column, Integer, String, Float, DateTime, ForeignKey, Text
  |                        ^^^^^^
3 | from sqlalchemy.orm import Mapped, mapped_column, relationship
4 | from sqlalchemy.sql import func
  |
help: Remove unused import

F401 [*] `sqlalchemy.Integer` imported but unused
 --> app\db\models\expense.py:2:32
  |
1 | from typing import Optional
2 | from sqlalchemy import Column, Integer, String, Float, DateTime, ForeignKey, Text
  |                                ^^^^^^^
3 | from sqlalchemy.orm import Mapped, mapped_column, relationship
4 | from sqlalchemy.sql import func
  |
help: Remove unused import

F401 [*] `sqlalchemy.orm.relationship` imported but unused
 --> app\db\models\expense.py:3:51
  |
1 | from typing import Optional
2 | from sqlalchemy import Column, Integer, String, Float, DateTime, ForeignKey, Text
3 | from sqlalchemy.orm import Mapped, mapped_column, relationship
  |                                                   ^^^^^^^^^^^^
4 | from sqlalchemy.sql import func
5 | from app.db.base import Base
  |
help: Remove unused import: `sqlalchemy.orm.relationship`

E501 Line too long (112 > 88)
  --> app\db\models\expense.py:11:89
   |
10 |     id: Mapped[int] = mapped_column(primary_key=True, index=True)
11 |     user_id: Mapped[int] = mapped_column(ForeignKey("users.id", ondelete="CASCADE"), nullable=False, index=True)
   |                                                                                         ^^^^^^^^^^^^^^^^^^^^^^^^
12 |     
13 |     amount: Mapped[float] = mapped_column(Float, nullable=False)
   |

UP045 [*] Use `X | None` for type annotations
  --> app\db\models\expense.py:17:22
   |
16 |     vendor: Mapped[str] = mapped_column(String(255), nullable=False)
17 |     category: Mapped[Optional[str]] = mapped_column(String(100), nullable=True) # e.g. Groceries, Entertainment
   |                      ^^^^^^^^^^^^^
18 |     description: Mapped[Optional[str]] = mapped_column(Text, nullable=True)
   |
help: Convert to `X | None`

E501 Line too long (111 > 88)
  --> app\db\models\expense.py:17:89
   |
16 |     vendor: Mapped[str] = mapped_column(String(255), nullable=False)
17 |     category: Mapped[Optional[str]] = mapped_column(String(100), nullable=True) # e.g. Groceries, Entertainment
   |                                                                                         ^^^^^^^^^^^^^^^^^^^^^^^
18 |     description: Mapped[Optional[str]] = mapped_column(Text, nullable=True)
   |

UP045 [*] Use `X | None` for type annotations
  --> app\db\models\expense.py:18:25
   |
16 |     vendor: Mapped[str] = mapped_column(String(255), nullable=False)
17 |     category: Mapped[Optional[str]] = mapped_column(String(100), nullable=True) # e.g. Groceries, Entertainment
18 |     description: Mapped[Optional[str]] = mapped_column(Text, nullable=True)
   |                         ^^^^^^^^^^^^^
19 |     
20 |     receipt_url: Mapped[Optional[str]] = mapped_column(String(500), nullable=True)
   |
help: Convert to `X | None`

UP045 [*] Use `X | None` for type annotations
  --> app\db\models\expense.py:20:25
   |
18 |     description: Mapped[Optional[str]] = mapped_column(Text, nullable=True)
19 |     
20 |     receipt_url: Mapped[Optional[str]] = mapped_column(String(500), nullable=True)
   |                         ^^^^^^^^^^^^^
21 |     
22 |     date_incurred: Mapped[DateTime] = mapped_column(DateTime(timezone=True), server_default=func.now(), nullable=False)
   |
help: Convert to `X | None`

E501 Line too long (119 > 88)
  --> app\db\models\expense.py:22:89
   |
20 |     receipt_url: Mapped[Optional[str]] = mapped_column(String(500), nullable=True)
21 |     
22 |     date_incurred: Mapped[DateTime] = mapped_column(DateTime(timezone=True), server_default=func.now(), nullable=False)
   |                                                                                         ^^^^^^^^^^^^^^^^^^^^^^^^^^^^^^^
23 |     created_at: Mapped[DateTime] = mapped_column(DateTime(timezone=True), server_default=func.now())
   |

E501 Line too long (100 > 88)
  --> app\db\models\expense.py:23:89
   |
22 |     date_incurred: Mapped[DateTime] = mapped_column(DateTime(timezone=True), server_default=func.now(), nullable=False)
23 |     created_at: Mapped[DateTime] = mapped_column(DateTime(timezone=True), server_default=func.now())
   |                                                                                         ^^^^^^^^^^^^
   |

I001 [*] Import block is un-sorted or un-formatted
 --> app\db\models\habit.py:1:1
  |
1 | / from typing import Optional
2 | | from sqlalchemy import Boolean, DateTime, String, ForeignKey, Integer
3 | | from sqlalchemy.orm import Mapped, mapped_column, relationship
4 | | from sqlalchemy.sql import func
5 | | from app.db.base import Base
  | |____________________________^
6 |
7 |   class Habit(Base):
  |
help: Organize imports

E501 Line too long (112 > 88)
  --> app\db\models\habit.py:11:89
   |
10 |     id: Mapped[int] = mapped_column(primary_key=True, index=True)
11 |     user_id: Mapped[int] = mapped_column(ForeignKey("users.id", ondelete="CASCADE"), nullable=False, index=True)
   |                                                                                         ^^^^^^^^^^^^^^^^^^^^^^^^
12 |     
13 |     name: Mapped[str] = mapped_column(String(255), nullable=False)
   |

UP045 [*] Use `X | None` for type annotations
  --> app\db\models\habit.py:14:25
   |
13 |     name: Mapped[str] = mapped_column(String(255), nullable=False)
14 |     description: Mapped[Optional[str]] = mapped_column(String(500), nullable=True)
   |                         ^^^^^^^^^^^^^
15 |     
16 |     frequency_target: Mapped[int] = mapped_column(Integer, default=7)
   |
help: Convert to `X | None`

E501 Line too long (100 > 88)
  --> app\db\models\habit.py:23:89
   |
21 |     is_active: Mapped[bool] = mapped_column(Boolean, default=True)
22 |     
23 |     created_at: Mapped[DateTime] = mapped_column(DateTime(timezone=True), server_default=func.now())
   |                                                                                         ^^^^^^^^^^^^
24 |     updated_at: Mapped[DateTime] = mapped_column(DateTime(timezone=True), server_default=func.now(), onupdate=func.now())
   |

E501 Line too long (121 > 88)
  --> app\db\models\habit.py:24:89
   |
23 |     created_at: Mapped[DateTime] = mapped_column(DateTime(timezone=True), server_default=func.now())
24 |     updated_at: Mapped[DateTime] = mapped_column(DateTime(timezone=True), server_default=func.now(), onupdate=func.now())
   |                                                                                         ^^^^^^^^^^^^^^^^^^^^^^^^^^^^^^^^^
25 |     
26 |     user = relationship("User", back_populates="habits")
   |

E501 Line too long (89 > 88)
  --> app\db\models\habit.py:27:89
   |
26 |     user = relationship("User", back_populates="habits")
27 |     logs = relationship("HabitLog", back_populates="habit", cascade="all, delete-orphan")
   |                                                                                         ^
   |

E501 Line too long (114 > 88)
  --> app\db\models\habit.py:34:89
   |
33 |     id: Mapped[int] = mapped_column(primary_key=True, index=True)
34 |     habit_id: Mapped[int] = mapped_column(ForeignKey("habits.id", ondelete="CASCADE"), nullable=False, index=True)
   |                                                                                         ^^^^^^^^^^^^^^^^^^^^^^^^^^
35 |     
36 |     completed_at: Mapped[DateTime] = mapped_column(DateTime(timezone=True), server_default=func.now(), nullable=False)
   |

E501 Line too long (118 > 88)
  --> app\db\models\habit.py:36:89
   |
34 |     habit_id: Mapped[int] = mapped_column(ForeignKey("habits.id", ondelete="CASCADE"), nullable=False, index=True)
35 |     
36 |     completed_at: Mapped[DateTime] = mapped_column(DateTime(timezone=True), server_default=func.now(), nullable=False)
   |                                                                                         ^^^^^^^^^^^^^^^^^^^^^^^^^^^^^^
37 |     note: Mapped[Optional[str]] = mapped_column(String(500), nullable=True)
   |

UP045 [*] Use `X | None` for type annotations
  --> app\db\models\habit.py:37:18
   |
36 |     completed_at: Mapped[DateTime] = mapped_column(DateTime(timezone=True), server_default=func.now(), nullable=False)
37 |     note: Mapped[Optional[str]] = mapped_column(String(500), nullable=True)
   |                  ^^^^^^^^^^^^^
38 |     
39 |     habit = relationship("Habit", back_populates="logs")
   |
help: Convert to `X | None`

I001 [*] Import block is un-sorted or un-formatted
 --> app\db\models\message.py:1:1
  |
1 | / from sqlalchemy import DateTime, ForeignKey, Integer, String, Text, JSON
2 | | from sqlalchemy.orm import Mapped, mapped_column, relationship
3 | | from sqlalchemy.sql import func
4 | |
5 | | from app.db.base import Base
  | |____________________________^
  |
help: Organize imports

I001 [*] Import block is un-sorted or un-formatted
 --> app\db\models\note.py:1:1
  |
1 | / from sqlalchemy import Column, Integer, String, Boolean, ForeignKey, Text
2 | | from sqlalchemy.orm import relationship
3 | | from sqlalchemy.dialects.postgresql import JSONB
4 | |
5 | | from app.db.base import Base
  | |____________________________^
6 |
7 |   class Note(Base):
  |
help: Organize imports

E501 Line too long (89 > 88)
  --> app\db\models\note.py:14:89
   |
12 |     content = Column(Text, nullable=False)
13 |     
14 |     user_id = Column(Integer, ForeignKey("users.id", ondelete="CASCADE"), nullable=False)
   |                                                                                         ^
15 |     document_id = Column(Integer, ForeignKey("documents.id", ondelete="SET NULL"), nullable=True)
   |

E501 Line too long (97 > 88)
  --> app\db\models\note.py:15:89
   |
14 |     user_id = Column(Integer, ForeignKey("users.id", ondelete="CASCADE"), nullable=False)
15 |     document_id = Column(Integer, ForeignKey("documents.id", ondelete="SET NULL"), nullable=True)
   |                                                                                         ^^^^^^^^^
16 |     
17 |     is_pinned = Column(Boolean, default=False)
   |

I001 [*] Import block is un-sorted or un-formatted
 --> app\db\models\notification.py:1:1
  |
1 | / from sqlalchemy import Column, Integer, String, ForeignKey, DateTime, Text
2 | | from sqlalchemy.orm import relationship
3 | | from sqlalchemy.sql import func
4 | | from sqlalchemy.dialects.postgresql import JSONB
5 | | from app.db.base import Base
  | |____________________________^
6 |
7 |   class Notification(Base):
  |
help: Organize imports

E501 Line too long (89 > 88)
  --> app\db\models\notification.py:11:89
   |
10 |     id = Column(Integer, primary_key=True, index=True)
11 |     user_id = Column(Integer, ForeignKey("users.id", ondelete="CASCADE"), nullable=False)
   |                                                                                         ^
12 |     
13 |     title = Column(String(255), nullable=False)
   |

I001 [*] Import block is un-sorted or un-formatted
 --> app\db\models\oauth_credential.py:1:1
  |
1 | / from sqlalchemy import String, DateTime, ForeignKey
2 | | from sqlalchemy.orm import Mapped, mapped_column
3 | | from sqlalchemy.sql import func
4 | | from app.db.base import Base
  | |____________________________^
5 |
6 |   class OAuthCredential(Base):
  |
help: Organize imports

I001 [*] Import block is un-sorted or un-formatted
 --> app\db\models\oauth_state.py:1:1
  |
1 | / from typing import Optional
2 | | from sqlalchemy import Integer, String, DateTime, ForeignKey
3 | | from sqlalchemy.orm import Mapped, mapped_column
4 | | from sqlalchemy.sql import func
5 | | from app.db.base import Base
  | |____________________________^
6 |
7 |   class OAuthState(Base):
  |
help: Organize imports

F401 [*] `sqlalchemy.Integer` imported but unused
 --> app\db\models\oauth_state.py:2:24
  |
1 | from typing import Optional
2 | from sqlalchemy import Integer, String, DateTime, ForeignKey
  |                        ^^^^^^^
3 | from sqlalchemy.orm import Mapped, mapped_column
4 | from sqlalchemy.sql import func
  |
help: Remove unused import: `sqlalchemy.Integer`

UP045 [*] Use `X | None` for type annotations
  --> app\db\models\oauth_state.py:11:21
   |
10 |     state: Mapped[str] = mapped_column(String(64), primary_key=True, index=True)
11 |     user_id: Mapped[Optional[int]] = mapped_column(ForeignKey("users.id", ondelete="CASCADE"), nullable=True, index=True)
   |                     ^^^^^^^^^^^^^
12 |     expires_at: Mapped[DateTime] = mapped_column(DateTime(timezone=True), nullable=False)
13 |     created_at: Mapped[DateTime] = mapped_column(DateTime(timezone=True), server_default=func.now())
   |
help: Convert to `X | None`

E501 Line too long (121 > 88)
  --> app\db\models\oauth_state.py:11:89
   |
10 |     state: Mapped[str] = mapped_column(String(64), primary_key=True, index=True)
11 |     user_id: Mapped[Optional[int]] = mapped_column(ForeignKey("users.id", ondelete="CASCADE"), nullable=True, index=True)
   |                                                                                         ^^^^^^^^^^^^^^^^^^^^^^^^^^^^^^^^^
12 |     expires_at: Mapped[DateTime] = mapped_column(DateTime(timezone=True), nullable=False)
13 |     created_at: Mapped[DateTime] = mapped_column(DateTime(timezone=True), server_default=func.now())
   |

E501 Line too long (89 > 88)
  --> app\db\models\oauth_state.py:12:89
   |
10 |     state: Mapped[str] = mapped_column(String(64), primary_key=True, index=True)
11 |     user_id: Mapped[Optional[int]] = mapped_column(ForeignKey("users.id", ondelete="CASCADE"), nullable=True, index=True)
12 |     expires_at: Mapped[DateTime] = mapped_column(DateTime(timezone=True), nullable=False)
   |                                                                                         ^
13 |     created_at: Mapped[DateTime] = mapped_column(DateTime(timezone=True), server_default=func.now())
   |

E501 Line too long (100 > 88)
  --> app\db\models\oauth_state.py:13:89
   |
11 |     user_id: Mapped[Optional[int]] = mapped_column(ForeignKey("users.id", ondelete="CASCADE"), nullable=True, index=True)
12 |     expires_at: Mapped[DateTime] = mapped_column(DateTime(timezone=True), nullable=False)
13 |     created_at: Mapped[DateTime] = mapped_column(DateTime(timezone=True), server_default=func.now())
   |                                                                                         ^^^^^^^^^^^^
   |

I001 [*] Import block is un-sorted or un-formatted
 --> app\db\models\person.py:1:1
  |
1 | / from typing import Optional
2 | | from sqlalchemy import Column, Integer, String, DateTime, ForeignKey, Text, Table
3 | | from sqlalchemy.orm import Mapped, mapped_column, relationship
4 | | from sqlalchemy.sql import func
5 | | from app.db.base import Base
  | |____________________________^
6 |
7 |   person_memory_association = Table(
  |
help: Organize imports

F401 [*] `sqlalchemy.Integer` imported but unused
 --> app\db\models\person.py:2:32
  |
1 | from typing import Optional
2 | from sqlalchemy import Column, Integer, String, DateTime, ForeignKey, Text, Table
  |                                ^^^^^^^
3 | from sqlalchemy.orm import Mapped, mapped_column, relationship
4 | from sqlalchemy.sql import func
  |
help: Remove unused import: `sqlalchemy.Integer`

E501 Line too long (112 > 88)
  --> app\db\models\person.py:25:89
   |
24 |     id: Mapped[int] = mapped_column(primary_key=True, index=True)
25 |     user_id: Mapped[int] = mapped_column(ForeignKey("users.id", ondelete="CASCADE"), nullable=False, index=True)
   |                                                                                         ^^^^^^^^^^^^^^^^^^^^^^^^
26 |     
27 |     name: Mapped[str] = mapped_column(String(255), nullable=False)
   |

UP045 [*] Use `X | None` for type annotations
  --> app\db\models\person.py:28:31
   |
27 |     name: Mapped[str] = mapped_column(String(255), nullable=False)
28 |     relationship_type: Mapped[Optional[str]] = mapped_column(String(100), nullable=True)
   |                               ^^^^^^^^^^^^^
29 |     notes_summary: Mapped[Optional[str]] = mapped_column(Text, nullable=True)
   |
help: Convert to `X | None`

UP045 [*] Use `X | None` for type annotations
  --> app\db\models\person.py:29:27
   |
27 |     name: Mapped[str] = mapped_column(String(255), nullable=False)
28 |     relationship_type: Mapped[Optional[str]] = mapped_column(String(100), nullable=True)
29 |     notes_summary: Mapped[Optional[str]] = mapped_column(Text, nullable=True)
   |                           ^^^^^^^^^^^^^
30 |     
31 |     last_mentioned: Mapped[DateTime] = mapped_column(DateTime(timezone=True), server_default=func.now(), nullable=False)
   |
help: Convert to `X | None`

E501 Line too long (120 > 88)
  --> app\db\models\person.py:31:89
   |
29 |     notes_summary: Mapped[Optional[str]] = mapped_column(Text, nullable=True)
30 |     
31 |     last_mentioned: Mapped[DateTime] = mapped_column(DateTime(timezone=True), server_default=func.now(), nullable=False)
   |                                                                                         ^^^^^^^^^^^^^^^^^^^^^^^^^^^^^^^^
32 |     created_at: Mapped[DateTime] = mapped_column(DateTime(timezone=True), server_default=func.now(), nullable=False)
33 |     updated_at: Mapped[DateTime] = mapped_column(DateTime(timezone=True), server_default=func.now(), onupdate=func.now(), nullable=Falâ€¦
   |

E501 Line too long (116 > 88)
  --> app\db\models\person.py:32:89
   |
31 |     last_mentioned: Mapped[DateTime] = mapped_column(DateTime(timezone=True), server_default=func.now(), nullable=False)
32 |     created_at: Mapped[DateTime] = mapped_column(DateTime(timezone=True), server_default=func.now(), nullable=False)
   |                                                                                         ^^^^^^^^^^^^^^^^^^^^^^^^^^^^
33 |     updated_at: Mapped[DateTime] = mapped_column(DateTime(timezone=True), server_default=func.now(), onupdate=func.now(), nullable=Falâ€¦
   |

E501 Line too long (137 > 88)
  --> app\db\models\person.py:33:89
   |
31 | â€¦column(DateTime(timezone=True), server_default=func.now(), nullable=False)
32 | â€¦mn(DateTime(timezone=True), server_default=func.now(), nullable=False)
33 | â€¦mn(DateTime(timezone=True), server_default=func.now(), onupdate=func.now(), nullable=False)
   |                                            ^^^^^^^^^^^^^^^^^^^^^^^^^^^^^^^^^^^^^^^^^^^^^^^^^
34 | â€¦
35 | â€¦="people")
   |

E501 Line too long (99 > 88)
  --> app\db\models\person.py:36:89
   |
35 |     user = relationship("User", back_populates="people")
36 |     memories = relationship("Memory", secondary=person_memory_association, back_populates="people")
   |                                                                                         ^^^^^^^^^^^
37 |     notes = relationship("Note", secondary=person_note_association, back_populates="people")
   |

E501 Line too long (92 > 88)
  --> app\db\models\person.py:37:89
   |
35 |     user = relationship("User", back_populates="people")
36 |     memories = relationship("Memory", secondary=person_memory_association, back_populates="people")
37 |     notes = relationship("Note", secondary=person_note_association, back_populates="people")
   |                                                                                         ^^^^
   |

I001 [*] Import block is un-sorted or un-formatted
 --> app\db\models\reminder.py:1:1
  |
1 | / from typing import TYPE_CHECKING, Optional
2 | | from sqlalchemy import Integer, String, Boolean, ForeignKey, DateTime, Float
3 | | from sqlalchemy.orm import relationship, Mapped, mapped_column
4 | | from datetime import datetime
5 | |
6 | | from app.db.base import Base
  | |____________________________^
7 |
8 |   if TYPE_CHECKING:
  |
help: Organize imports

UP045 [*] Use `X | None` for type annotations
  --> app\db\models\reminder.py:18:26
   |
16 |     user_id: Mapped[int] = mapped_column(ForeignKey("users.id", ondelete="CASCADE"))
17 |     
18 |     location_lat: Mapped[Optional[float]] = mapped_column(Float, nullable=True)
   |                          ^^^^^^^^^^^^^^^
19 |     location_lon: Mapped[Optional[float]] = mapped_column(Float, nullable=True)
20 |     location_name: Mapped[Optional[str]] = mapped_column(String(255), nullable=True)
   |
help: Convert to `X | None`

UP045 [*] Use `X | None` for type annotations
  --> app\db\models\reminder.py:19:26
   |
18 |     location_lat: Mapped[Optional[float]] = mapped_column(Float, nullable=True)
19 |     location_lon: Mapped[Optional[float]] = mapped_column(Float, nullable=True)
   |                          ^^^^^^^^^^^^^^^
20 |     location_name: Mapped[Optional[str]] = mapped_column(String(255), nullable=True)
   |
help: Convert to `X | None`

UP045 [*] Use `X | None` for type annotations
  --> app\db\models\reminder.py:20:27
   |
18 |     location_lat: Mapped[Optional[float]] = mapped_column(Float, nullable=True)
19 |     location_lon: Mapped[Optional[float]] = mapped_column(Float, nullable=True)
20 |     location_name: Mapped[Optional[str]] = mapped_column(String(255), nullable=True)
   |                           ^^^^^^^^^^^^^
21 |     
22 |     reminder_time: Mapped[datetime] = mapped_column(DateTime(timezone=True))
   |
help: Convert to `X | None`

I001 [*] Import block is un-sorted or un-formatted
 --> app\db\models\scheduled_job.py:1:1
  |
1 | / from typing import Optional, TYPE_CHECKING
2 | | from datetime import datetime
3 | | from sqlalchemy import Integer, String, ForeignKey, DateTime, Text, Enum as SQLEnum
4 | | from sqlalchemy.orm import relationship, Mapped, mapped_column
5 | | from sqlalchemy.sql import func
6 | | from app.db.base import Base
7 | | import enum
  | |___________^
8 |
9 |   if TYPE_CHECKING:
  |
help: Organize imports

F401 [*] `sqlalchemy.Enum` imported but unused
 --> app\db\models\scheduled_job.py:3:77
  |
1 | from typing import Optional, TYPE_CHECKING
2 | from datetime import datetime
3 | from sqlalchemy import Integer, String, ForeignKey, DateTime, Text, Enum as SQLEnum
  |                                                                             ^^^^^^^
4 | from sqlalchemy.orm import relationship, Mapped, mapped_column
5 | from sqlalchemy.sql import func
  |
help: Remove unused import: `sqlalchemy.Enum`

I001 [*] Import block is un-sorted or un-formatted
  --> app\db\models\scheduled_job.py:10:5
   |
 9 |   if TYPE_CHECKING:
10 | /     from app.db.models.user import User
11 | |     from app.db.models.reminder import Reminder
   | |_______________________________________________^
12 |
13 |   class JobStatus(str, enum.Enum):
   |
help: Organize imports

UP042 Class JobStatus inherits from both `str` and `enum.Enum`
  --> app\db\models\scheduled_job.py:13:7
   |
11 |     from app.db.models.reminder import Reminder
12 |
13 | class JobStatus(str, enum.Enum):
   |       ^^^^^^^^^
14 |     PENDING = "PENDING"
15 |     RUNNING = "RUNNING"
   |
help: Inherit from `enum.StrEnum`

UP045 [*] Use `X | None` for type annotations
  --> app\db\models\scheduled_job.py:24:25
   |
22 |     id: Mapped[int] = mapped_column(Integer, primary_key=True, index=True)
23 |     user_id: Mapped[int] = mapped_column(ForeignKey("users.id", ondelete="CASCADE"))
24 |     reminder_id: Mapped[Optional[int]] = mapped_column(ForeignKey("reminders.id", ondelete="SET NULL")) # Linked if spawned by reminder
   |                         ^^^^^^^^^^^^^
25 |     
26 |     execution_time: Mapped[Optional[datetime]] = mapped_column(DateTime(timezone=True)) # Actual time executed
   |
help: Convert to `X | None`

E501 Line too long (135 > 88)
  --> app\db\models\scheduled_job.py:24:89
   |
22 |     id: Mapped[int] = mapped_column(Integer, primary_key=True, index=True)
23 |     user_id: Mapped[int] = mapped_column(ForeignKey("users.id", ondelete="CASCADE"))
24 |     reminder_id: Mapped[Optional[int]] = mapped_column(ForeignKey("reminders.id", ondelete="SET NULL")) # Linked if spawned by reminder
   |                                                                                         ^^^^^^^^^^^^^^^^^^^^^^^^^^^^^^^^^^^^^^^^^^^^^^^
25 |     
26 |     execution_time: Mapped[Optional[datetime]] = mapped_column(DateTime(timezone=True)) # Actual time executed
   |

UP045 [*] Use `X | None` for type annotations
  --> app\db\models\scheduled_job.py:26:28
   |
24 |     reminder_id: Mapped[Optional[int]] = mapped_column(ForeignKey("reminders.id", ondelete="SET NULL")) # Linked if spawned by reminder
25 |     
26 |     execution_time: Mapped[Optional[datetime]] = mapped_column(DateTime(timezone=True)) # Actual time executed
   |                            ^^^^^^^^^^^^^^^^^^
27 |     scheduled_time: Mapped[datetime] = mapped_column(DateTime(timezone=True), index=True) # Expected time to run
28 |     planner_execution_id: Mapped[Optional[str]] = mapped_column(String(255))
   |
help: Convert to `X | None`

E501 Line too long (110 > 88)
  --> app\db\models\scheduled_job.py:26:89
   |
24 |     reminder_id: Mapped[Optional[int]] = mapped_column(ForeignKey("reminders.id", ondelete="SET NULL")) # Linked if spawned by reminder
25 |     
26 |     execution_time: Mapped[Optional[datetime]] = mapped_column(DateTime(timezone=True)) # Actual time executed
   |                                                                                         ^^^^^^^^^^^^^^^^^^^^^^
27 |     scheduled_time: Mapped[datetime] = mapped_column(DateTime(timezone=True), index=True) # Expected time to run
28 |     planner_execution_id: Mapped[Optional[str]] = mapped_column(String(255))
   |

E501 Line too long (112 > 88)
  --> app\db\models\scheduled_job.py:27:89
   |
26 |     execution_time: Mapped[Optional[datetime]] = mapped_column(DateTime(timezone=True)) # Actual time executed
27 |     scheduled_time: Mapped[datetime] = mapped_column(DateTime(timezone=True), index=True) # Expected time to run
   |                                                                                         ^^^^^^^^^^^^^^^^^^^^^^^^
28 |     planner_execution_id: Mapped[Optional[str]] = mapped_column(String(255))
   |

UP045 [*] Use `X | None` for type annotations
  --> app\db\models\scheduled_job.py:28:34
   |
26 |     execution_time: Mapped[Optional[datetime]] = mapped_column(DateTime(timezone=True)) # Actual time executed
27 |     scheduled_time: Mapped[datetime] = mapped_column(DateTime(timezone=True), index=True) # Expected time to run
28 |     planner_execution_id: Mapped[Optional[str]] = mapped_column(String(255))
   |                                  ^^^^^^^^^^^^^
29 |     
30 |     cron_expression: Mapped[Optional[str]] = mapped_column(String(50)) # For recurring Celery-beat like schedules 
   |
help: Convert to `X | None`

UP045 [*] Use `X | None` for type annotations
  --> app\db\models\scheduled_job.py:30:29
   |
28 |     planner_execution_id: Mapped[Optional[str]] = mapped_column(String(255))
29 |     
30 |     cron_expression: Mapped[Optional[str]] = mapped_column(String(50)) # For recurring Celery-beat like schedules 
   |                             ^^^^^^^^^^^^^
31 |     recurring_action: Mapped[Optional[str]] = mapped_column(Text) # Explicit agent logic to deploy
   |
help: Convert to `X | None`

E501 Line too long (114 > 88)
  --> app\db\models\scheduled_job.py:30:89
   |
28 |     planner_execution_id: Mapped[Optional[str]] = mapped_column(String(255))
29 |     
30 |     cron_expression: Mapped[Optional[str]] = mapped_column(String(50)) # For recurring Celery-beat like schedules 
   |                                                                                         ^^^^^^^^^^^^^^^^^^^^^^^^^^
31 |     recurring_action: Mapped[Optional[str]] = mapped_column(Text) # Explicit agent logic to deploy
   |

UP045 [*] Use `X | None` for type annotations
  --> app\db\models\scheduled_job.py:31:30
   |
30 |     cron_expression: Mapped[Optional[str]] = mapped_column(String(50)) # For recurring Celery-beat like schedules 
31 |     recurring_action: Mapped[Optional[str]] = mapped_column(Text) # Explicit agent logic to deploy
   |                              ^^^^^^^^^^^^^
32 |     
33 |     retry_count: Mapped[int] = mapped_column(Integer, default=0)
   |
help: Convert to `X | None`

E501 Line too long (98 > 88)
  --> app\db\models\scheduled_job.py:31:89
   |
30 |     cron_expression: Mapped[Optional[str]] = mapped_column(String(50)) # For recurring Celery-beat like schedules 
31 |     recurring_action: Mapped[Optional[str]] = mapped_column(Text) # Explicit agent logic to deploy
   |                                                                                         ^^^^^^^^^^
32 |     
33 |     retry_count: Mapped[int] = mapped_column(Integer, default=0)
   |

UP045 [*] Use `X | None` for type annotations
  --> app\db\models\scheduled_job.py:35:28
   |
33 |     retry_count: Mapped[int] = mapped_column(Integer, default=0)
34 |     status: Mapped[JobStatus] = mapped_column(String, default=JobStatus.PENDING)
35 |     failure_reason: Mapped[Optional[str]] = mapped_column(Text)
   |                            ^^^^^^^^^^^^^
36 |     
37 |     created_at: Mapped[datetime] = mapped_column(DateTime(timezone=True), server_default=func.now())
   |
help: Convert to `X | None`

E501 Line too long (100 > 88)
  --> app\db\models\scheduled_job.py:37:89
   |
35 |     failure_reason: Mapped[Optional[str]] = mapped_column(Text)
36 |     
37 |     created_at: Mapped[datetime] = mapped_column(DateTime(timezone=True), server_default=func.now())
   |                                                                                         ^^^^^^^^^^^^
38 |     
39 |     user: Mapped["User"] = relationship("User")
   |

I001 [*] Import block is un-sorted or un-formatted
 --> app\db\models\task.py:1:1
  |
1 | / from sqlalchemy import Column, Integer, String, Boolean, ForeignKey, DateTime
2 | | from sqlalchemy.orm import relationship
3 | | from sqlalchemy.dialects.postgresql import JSONB
4 | |
5 | | from app.db.base import Base
  | |____________________________^
6 |
7 |   class Task(Base):
  |
help: Organize imports

E501 Line too long (89 > 88)
  --> app\db\models\task.py:12:89
   |
10 |     id = Column(Integer, primary_key=True, index=True)
11 |     title = Column(String(255), nullable=False)
12 |     user_id = Column(Integer, ForeignKey("users.id", ondelete="CASCADE"), nullable=False)
   |                                                                                         ^
13 |     
14 |     is_completed = Column(Boolean, default=False)
   |

I001 [*] Import block is un-sorted or un-formatted
 --> app\db\models\user.py:1:1
  |
1 | / from sqlalchemy import Boolean, DateTime, String
2 | | from sqlalchemy.orm import Mapped, mapped_column, relationship
3 | | from sqlalchemy.sql import func
4 | |
5 | |
6 | | from app.db.base import Base
  | |____________________________^
  |
help: Organize imports

I001 [*] Import block is un-sorted or un-formatted
   --> app\dependencies.py:1:1
    |
  1 | / from collections.abc import AsyncGenerator
  2 | |
  3 | | from fastapi import Depends, HTTPException, status
  4 | | from fastapi.security import OAuth2PasswordBearer
  5 | | from sqlalchemy.ext.asyncio import AsyncSession
  6 | |
  7 | | from app.db.session import AsyncSessionLocal
  8 | | from app.config import settings
  9 | |
 10 | | # Repositories
 11 | | from app.repositories.user_repository import UserRepository
 12 | | from app.repositories.conversation_repository import ConversationRepository
 13 | | from app.repositories.message_repository import MessageRepository
 14 | | from app.repositories.memory_repository import MemoryRepository
 15 | | from app.repositories.document_repository import DocumentRepository
 16 | | from app.repositories.document_chunk_repository import (
 17 | |     DocumentChunkRepository,
 18 | | )
 19 | | from app.repositories.note_repository import NoteRepository
 20 | | from app.repositories.task_repository import TaskRepository
 21 | | from app.repositories.reminder_repository import ReminderRepository
 22 | |
 23 | | # Services
 24 | | from app.services.auth_service import AuthService
 25 | | from app.services.conversation_service import ConversationService
 26 | | from app.services.message_service import MessageService
 27 | | from app.services.document_service import DocumentService
 28 | | from app.services.storage_service import StorageService
 29 | | from app.services.notes.note_service import NoteService
 30 | | from app.services.tasks.task_service import TaskService
 31 | | from app.services.reminders.reminder_service import ReminderService
 32 | | from app.services.retrieval.retrieval_service import RetrievalService
 33 | | from app.services.retrieval.fusion import ResultFusion
 34 | | from app.services.retrieval.reranking import Reranker, CrossEncoderReranker
 35 | |
 36 | |
 37 | | # AI
 38 | | from app.services.ai.ai_service import AIService
 39 | | from app.services.ai.providers import GeminiProvider
 40 | | from app.services.ai.context import ContextBuilder
 41 | | from app.services.ai.providers import OllamaProvider
 42 | |
 43 | | # Embeddings
 44 | | from app.services.ai.embeddings import (
 45 | |     EmbeddingService,
 46 | | )
 47 | |
 48 | | from app.services.ai.embeddings.providers.gemini import (
 49 | |     GeminiEmbeddingProvider,
 50 | | )
 51 | |
 52 | | from app.services.ai.embeddings.providers.ollama import (
 53 | |     OllamaEmbeddingProvider,
 54 | | )
 55 | |
 56 | | from app.services.ai.embeddings.providers.base import (
 57 | |     BaseEmbeddingProvider,
 58 | | )
 59 | |
 60 | | #  Indexing
 61 | | from app.services.indexing import IndexingService
 62 | |
 63 | | # Memory
 64 | | from app.services.ai.memory import (
 65 | |     MemoryExtractor,
 66 | |     MemoryService,
 67 | | )
 68 | |
 69 | | # Tools
 70 | | from app.services.ai.tools.registry import ToolRegistry
 71 | | from app.services.ai.tools.orchestrator import ToolOrchestrator
 72 | | from app.services.ai.tools.datetime_tool import CurrentTimeTool
 73 | | from app.services.ai.tools.calculator import CalculatorTool
 74 | | from app.services.ai.tools.document_search import DocumentSearchTool
 75 | | from app.services.ai.tools.memory_search import MemorySearchTool
 76 | | from app.services.ai.tools.web_search import WebSearchTool
 77 | | from app.services.ai.tools.notes_tool import NotesTool
 78 | | from app.services.ai.tools.tasks_tool import TasksTool
 79 | | from app.services.ai.tools.reminders_tool import RemindersTool
 80 | | from app.services.ai.tools.implementations.mcp_adapter import MCPAdapterTool
 81 | | from app.services.ai.tools.implementations.browser import BrowserAXTreeTool
 82 | | from app.integrations.search.tavily import TavilySearchProvider
 83 | | from app.services.ai.tools.google_calendar import CalendarTool
 84 | | from app.services.ai.tools.google_gmail import GmailTool
 85 | | from app.services.ai.tools.google_drive import DriveTool
 86 | | from app.services.ai.tools.google_tasks import GoogleTasksTool
 87 | | from app.integrations.google.auth import GoogleAuthService
 88 | | from app.integrations.google.calendar import GoogleCalendarService
 89 | | from app.integrations.google.tasks import GoogleTasksService
 90 | | from app.integrations.google.gmail import GoogleGmailService
 91 | | from app.integrations.google.drive import GoogleDriveService
 92 | | from app.repositories.oauth_repository import OAuthRepository
 93 | |
 94 | | # Documents
 95 | | from app.services.documents.processor import DocumentProcessor
 96 | | from app.services.documents.extractors.registry import (
 97 | |     ExtractorRegistry,
 98 | | )
 99 | | from app.services.documents.chunking.text_chunker import (
100 | |     TextChunker,
101 | | )
102 | |
103 | | # Utils
104 | | from app.utils.jwt import decode_access_token
    | |_____________________________________________^
    |
help: Organize imports

F401 [*] `app.services.ai.embeddings.providers.gemini.GeminiEmbeddingProvider` imported but unused
  --> app\dependencies.py:49:5
   |
48 | from app.services.ai.embeddings.providers.gemini import (
49 |     GeminiEmbeddingProvider,
   |     ^^^^^^^^^^^^^^^^^^^^^^^
50 | )
   |
help: Remove unused import: `app.services.ai.embeddings.providers.gemini.GeminiEmbeddingProvider`

B008 Do not perform function call `Depends` in argument defaults; instead, perform the call within the function, or read the default from a module-level singleton variable
   --> app\dependencies.py:127:24
    |
126 | def get_user_repository(
127 |     db: AsyncSession = Depends(get_db),
    |                        ^^^^^^^^^^^^^^^
128 | ) -> UserRepository:
129 |     return UserRepository(db)
    |

B008 Do not perform function call `Depends` in argument defaults; instead, perform the call within the function, or read the default from a module-level singleton variable
   --> app\dependencies.py:133:24
    |
132 | def get_conversation_repository(
133 |     db: AsyncSession = Depends(get_db),
    |                        ^^^^^^^^^^^^^^^
134 | ) -> ConversationRepository:
135 |     return ConversationRepository(db)
    |

B008 Do not perform function call `Depends` in argument defaults; instead, perform the call within the function, or read the default from a module-level singleton variable
   --> app\dependencies.py:139:24
    |
138 | def get_message_repository(
139 |     db: AsyncSession = Depends(get_db),
    |                        ^^^^^^^^^^^^^^^
140 | ) -> MessageRepository:
141 |     return MessageRepository(db)
    |

B008 Do not perform function call `Depends` in argument defaults; instead, perform the call within the function, or read the default from a module-level singleton variable
   --> app\dependencies.py:145:24
    |
144 | def get_memory_repository(
145 |     db: AsyncSession = Depends(get_db),
    |                        ^^^^^^^^^^^^^^^
146 | ) -> MemoryRepository:
147 |     return MemoryRepository(db)
    |

B008 Do not perform function call `Depends` in argument defaults; instead, perform the call within the function, or read the default from a module-level singleton variable
   --> app\dependencies.py:151:24
    |
150 | def get_document_repository(
151 |     db: AsyncSession = Depends(get_db),
    |                        ^^^^^^^^^^^^^^^
152 | ) -> DocumentRepository:
153 |     return DocumentRepository(db)
    |

B008 Do not perform function call `Depends` in argument defaults; instead, perform the call within the function, or read the default from a module-level singleton variable
   --> app\dependencies.py:157:24
    |
156 | def get_document_chunk_repository(
157 |     db: AsyncSession = Depends(get_db),
    |                        ^^^^^^^^^^^^^^^
158 | ) -> DocumentChunkRepository:
159 |     return DocumentChunkRepository(db)
    |

B008 Do not perform function call `Depends` in argument defaults; instead, perform the call within the function, or read the default from a module-level singleton variable
   --> app\dependencies.py:162:44
    |
162 | def get_note_repository(db: AsyncSession = Depends(get_db)) -> NoteRepository:
    |                                            ^^^^^^^^^^^^^^^
163 |     return NoteRepository(db)
    |

B008 Do not perform function call `Depends` in argument defaults; instead, perform the call within the function, or read the default from a module-level singleton variable
   --> app\dependencies.py:165:44
    |
163 |     return NoteRepository(db)
164 |
165 | def get_task_repository(db: AsyncSession = Depends(get_db)) -> TaskRepository:
    |                                            ^^^^^^^^^^^^^^^
166 |     return TaskRepository(db)
    |

B008 Do not perform function call `Depends` in argument defaults; instead, perform the call within the function, or read the default from a module-level singleton variable
   --> app\dependencies.py:168:48
    |
166 |     return TaskRepository(db)
167 |
168 | def get_reminder_repository(db: AsyncSession = Depends(get_db)) -> ReminderRepository:
    |                                                ^^^^^^^^^^^^^^^
169 |     return ReminderRepository(db)
    |

B008 Do not perform function call `Depends` in argument defaults; instead, perform the call within the function, or read the default from a module-level singleton variable
   --> app\dependencies.py:177:34
    |
176 |   def get_auth_service(
177 |       repository: UserRepository = Depends(
    |  __________________________________^
178 | |         get_user_repository,
179 | |     ),
    | |_____^
180 |   ) -> AuthService:
181 |       return AuthService(repository)
    |

B008 Do not perform function call `Depends` in argument defaults; instead, perform the call within the function, or read the default from a module-level singleton variable
   --> app\dependencies.py:185:42
    |
184 |   def get_conversation_service(
185 |       repository: ConversationRepository = Depends(
    |  __________________________________________^
186 | |         get_conversation_repository,
187 | |     ),
    | |_____^
188 |   ) -> ConversationService:
189 |       return ConversationService(repository)
    |

B008 Do not perform function call `Depends` in argument defaults; instead, perform the call within the function, or read the default from a module-level singleton variable
   --> app\dependencies.py:193:45
    |
192 |   def get_message_service(
193 |       message_repository: MessageRepository = Depends(
    |  _____________________________________________^
194 | |         get_message_repository,
195 | |     ),
    | |_____^
196 |       conversation_repository: ConversationRepository = Depends(
197 |           get_conversation_repository,
    |

B008 Do not perform function call `Depends` in argument defaults; instead, perform the call within the function, or read the default from a module-level singleton variable
   --> app\dependencies.py:196:55
    |
194 |           get_message_repository,
195 |       ),
196 |       conversation_repository: ConversationRepository = Depends(
    |  _______________________________________________________^
197 | |         get_conversation_repository,
198 | |     ),
    | |_____^
199 |   ) -> MessageService:
200 |       return MessageService(
    |

E402 Module level import not at top of file
   --> app\dependencies.py:212:1
    |
210 | # AI Provider
211 | # ==========================================================
212 | from app.services.ai.providers.router import ProviderRouter
    | ^^^^^^^^^^^^^^^^^^^^^^^^^^^^^^^^^^^^^^^^^^^^^^^^^^^^^^^^^^^
213 |
214 | _router_instance = None
    |

E501 Line too long (123 > 88)
   --> app\dependencies.py:223:89
    |
222 |         # 1. Google Gemini Native Providers
223 |         _router_instance.register_provider(GeminiProvider(model_name="gemini-2.5-flash", provider_name="gemini-2.5-flash"))
    |                                                                                         ^^^^^^^^^^^^^^^^^^^^^^^^^^^^^^^^^^^
224 |         _router_instance.register_provider(GeminiProvider(model_name="gemini-2.0-flash-lite", provider_name="gemini-2.0-flash-lite"))
225 |         _router_instance.register_provider(GeminiProvider(model_name="gemini-2.5-flash-lite", provider_name="gemini-2.5-flash-lite"))
    |

E501 Line too long (133 > 88)
   --> app\dependencies.py:224:89
    |
222 |         # 1. Google Gemini Native Providers
223 |         _router_instance.register_provider(GeminiProvider(model_name="gemini-2.5-flash", provider_name="gemini-2.5-flash"))
224 |         _router_instance.register_provider(GeminiProvider(model_name="gemini-2.0-flash-lite", provider_name="gemini-2.0-flash-lite"))
    |                                                                                         ^^^^^^^^^^^^^^^^^^^^^^^^^^^^^^^^^^^^^^^^^^^^^
225 |         _router_instance.register_provider(GeminiProvider(model_name="gemini-2.5-flash-lite", provider_name="gemini-2.5-flash-lite"))
226 |         _router_instance.register_provider(GeminiProvider(model_name="gemini-3.0-flash", provider_name="gemini-3.0-flash"))
    |

E501 Line too long (133 > 88)
   --> app\dependencies.py:225:89
    |
223 |         _router_instance.register_provider(GeminiProvider(model_name="gemini-2.5-flash", provider_name="gemini-2.5-flash"))
224 |         _router_instance.register_provider(GeminiProvider(model_name="gemini-2.0-flash-lite", provider_name="gemini-2.0-flash-lite"))
225 |         _router_instance.register_provider(GeminiProvider(model_name="gemini-2.5-flash-lite", provider_name="gemini-2.5-flash-lite"))
    |                                                                                         ^^^^^^^^^^^^^^^^^^^^^^^^^^^^^^^^^^^^^^^^^^^^^
226 |         _router_instance.register_provider(GeminiProvider(model_name="gemini-3.0-flash", provider_name="gemini-3.0-flash"))
227 |         _router_instance.register_provider(GeminiProvider(model_name="gemini-3.5-flash", provider_name="gemini-3.5-flash"))
    |

E501 Line too long (123 > 88)
   --> app\dependencies.py:226:89
    |
224 |         _router_instance.register_provider(GeminiProvider(model_name="gemini-2.0-flash-lite", provider_name="gemini-2.0-flash-lite"))
225 |         _router_instance.register_provider(GeminiProvider(model_name="gemini-2.5-flash-lite", provider_name="gemini-2.5-flash-lite"))
226 |         _router_instance.register_provider(GeminiProvider(model_name="gemini-3.0-flash", provider_name="gemini-3.0-flash"))
    |                                                                                         ^^^^^^^^^^^^^^^^^^^^^^^^^^^^^^^^^^^
227 |         _router_instance.register_provider(GeminiProvider(model_name="gemini-3.5-flash", provider_name="gemini-3.5-flash"))
228 |         _router_instance.register_provider(GeminiProvider(model_name="gemini-3.5-pro", provider_name="gemini-3.5-pro"))
    |

E501 Line too long (123 > 88)
   --> app\dependencies.py:227:89
    |
225 |         _router_instance.register_provider(GeminiProvider(model_name="gemini-2.5-flash-lite", provider_name="gemini-2.5-flash-lite"))
226 |         _router_instance.register_provider(GeminiProvider(model_name="gemini-3.0-flash", provider_name="gemini-3.0-flash"))
227 |         _router_instance.register_provider(GeminiProvider(model_name="gemini-3.5-flash", provider_name="gemini-3.5-flash"))
    |                                                                                         ^^^^^^^^^^^^^^^^^^^^^^^^^^^^^^^^^^^
228 |         _router_instance.register_provider(GeminiProvider(model_name="gemini-3.5-pro", provider_name="gemini-3.5-pro"))
    |

E501 Line too long (119 > 88)
   --> app\dependencies.py:228:89
    |
226 |         _router_instance.register_provider(GeminiProvider(model_name="gemini-3.0-flash", provider_name="gemini-3.0-flash"))
227 |         _router_instance.register_provider(GeminiProvider(model_name="gemini-3.5-flash", provider_name="gemini-3.5-flash"))
228 |         _router_instance.register_provider(GeminiProvider(model_name="gemini-3.5-pro", provider_name="gemini-3.5-pro"))
    |                                                                                         ^^^^^^^^^^^^^^^^^^^^^^^^^^^^^^^
229 |         
230 |         # 2. Local Ollama Native Providers
    |

E501 Line too long (120 > 88)
   --> app\dependencies.py:231:89
    |
230 |         # 2. Local Ollama Native Providers
231 |         _router_instance.register_provider(OllamaProvider(model_name="qwen2.5-coder:14b", provider_name="ollama-coder"))
    |                                                                                         ^^^^^^^^^^^^^^^^^^^^^^^^^^^^^^^^
232 |         _router_instance.register_provider(OllamaProvider(model_name="deepseek-r1", provider_name="ollama-reasoning"))
233 |         _router_instance.register_provider(OllamaProvider(model_name="qwen3:8b", provider_name="ollama-default"))
    |

E501 Line too long (118 > 88)
   --> app\dependencies.py:232:89
    |
230 |         # 2. Local Ollama Native Providers
231 |         _router_instance.register_provider(OllamaProvider(model_name="qwen2.5-coder:14b", provider_name="ollama-coder"))
232 |         _router_instance.register_provider(OllamaProvider(model_name="deepseek-r1", provider_name="ollama-reasoning"))
    |                                                                                         ^^^^^^^^^^^^^^^^^^^^^^^^^^^^^^
233 |         _router_instance.register_provider(OllamaProvider(model_name="qwen3:8b", provider_name="ollama-default"))
    |

E501 Line too long (113 > 88)
   --> app\dependencies.py:233:89
    |
231 |         _router_instance.register_provider(OllamaProvider(model_name="qwen2.5-coder:14b", provider_name="ollama-coder"))
232 |         _router_instance.register_provider(OllamaProvider(model_name="deepseek-r1", provider_name="ollama-reasoning"))
233 |         _router_instance.register_provider(OllamaProvider(model_name="qwen3:8b", provider_name="ollama-default"))
    |                                                                                         ^^^^^^^^^^^^^^^^^^^^^^^^^
234 |         
235 |         # 3. Groq Fast OpenAI-Compatible Pipeline
    |

B008 Do not perform function call `Depends` in argument defaults; instead, perform the call within the function, or read the default from a module-level singleton variable
   --> app\dependencies.py:261:32
    |
260 |   def get_memory_extractor(
261 |       provider: ProviderRouter = Depends(
    |  ________________________________^
262 | |         get_provider_router,
263 | |     ),
    | |_____^
264 |   ) -> MemoryExtractor:
    |

B008 Do not perform function call `Depends` in argument defaults; instead, perform the call within the function, or read the default from a module-level singleton variable
   --> app\dependencies.py:270:36
    |
269 |   def get_memory_service(
270 |       repository: MemoryRepository = Depends(
    |  ____________________________________^
271 | |         get_memory_repository,
272 | |     ),
    | |_____^
273 |       extractor: MemoryExtractor = Depends(
274 |           get_memory_extractor,
    |

B008 Do not perform function call `Depends` in argument defaults; instead, perform the call within the function, or read the default from a module-level singleton variable
   --> app\dependencies.py:273:34
    |
271 |           get_memory_repository,
272 |       ),
273 |       extractor: MemoryExtractor = Depends(
    |  __________________________________^
274 | |         get_memory_extractor,
275 | |     ),
    | |_____^
276 |   ) -> MemoryService:
    |

B008 Do not perform function call `Depends` in argument defaults; instead, perform the call within the function, or read the default from a module-level singleton variable
   --> app\dependencies.py:308:39
    |
307 |   def get_embedding_service(
308 |       provider: BaseEmbeddingProvider = Depends(
    |  _______________________________________^
309 | |         get_embedding_provider,
310 | |     ),
    | |_____^
311 |   ) -> EmbeddingService:
    |

B008 Do not perform function call `Depends` in argument defaults; instead, perform the call within the function, or read the default from a module-level singleton variable
   --> app\dependencies.py:339:49
    |
337 |   def get_retrieval_service(
338 |
339 |       chunk_repository: DocumentChunkRepository = Depends(
    |  _________________________________________________^
340 | |         get_document_chunk_repository,
341 | |     ),
    | |_____^
342 |
343 |       embedding_service: EmbeddingService = Depends(
    |

B008 Do not perform function call `Depends` in argument defaults; instead, perform the call within the function, or read the default from a module-level singleton variable
   --> app\dependencies.py:343:43
    |
341 |       ),
342 |
343 |       embedding_service: EmbeddingService = Depends(
    |  ___________________________________________^
344 | |         get_embedding_service,
345 | |     ),
    | |_____^
346 |       
347 |       result_fusion: ResultFusion = Depends(
    |

B008 Do not perform function call `Depends` in argument defaults; instead, perform the call within the function, or read the default from a module-level singleton variable
   --> app\dependencies.py:347:35
    |
345 |       ),
346 |       
347 |       result_fusion: ResultFusion = Depends(
    |  ___________________________________^
348 | |         get_result_fusion,
349 | |     ),
    | |_____^
350 |       
351 |       reranker: Reranker = Depends(
    |

B008 Do not perform function call `Depends` in argument defaults; instead, perform the call within the function, or read the default from a module-level singleton variable
   --> app\dependencies.py:351:26
    |
349 |       ),
350 |       
351 |       reranker: Reranker = Depends(
    |  __________________________^
352 | |         get_reranker,
353 | |     ),
    | |_____^
354 |
355 |   ) -> RetrievalService:
    |

B008 Do not perform function call `Depends` in argument defaults; instead, perform the call within the function, or read the default from a module-level singleton variable
   --> app\dependencies.py:370:39
    |
369 |   def get_context_builder(
370 |       message_service: MessageService = Depends(
    |  _______________________________________^
371 | |         get_message_service,
372 | |     ),
    | |_____^
373 |       memory_service: MemoryService = Depends(
374 |           get_memory_service,
    |

B008 Do not perform function call `Depends` in argument defaults; instead, perform the call within the function, or read the default from a module-level singleton variable
   --> app\dependencies.py:373:37
    |
371 |           get_message_service,
372 |       ),
373 |       memory_service: MemoryService = Depends(
    |  _____________________________________^
374 | |         get_memory_service,
375 | |     ),
    | |_____^
376 |       retrieval_service: RetrievalService = Depends(
377 |           get_retrieval_service,
    |

B008 Do not perform function call `Depends` in argument defaults; instead, perform the call within the function, or read the default from a module-level singleton variable
   --> app\dependencies.py:376:43
    |
374 |           get_memory_service,
375 |       ),
376 |       retrieval_service: RetrievalService = Depends(
    |  ___________________________________________^
377 | |         get_retrieval_service,
378 | |     ),
    | |_____^
379 |   ) -> ContextBuilder:
    |

B008 Do not perform function call `Depends` in argument defaults; instead, perform the call within the function, or read the default from a module-level singleton variable
   --> app\dependencies.py:389:49
    |
388 |   def get_indexing_service(
389 |       chunk_repository: DocumentChunkRepository = Depends(
    |  _________________________________________________^
390 | |         get_document_chunk_repository,
391 | |     ),
    | |_____^
392 |       document_repository: DocumentRepository = Depends(
393 |           get_document_repository,
    |

B008 Do not perform function call `Depends` in argument defaults; instead, perform the call within the function, or read the default from a module-level singleton variable
   --> app\dependencies.py:392:47
    |
390 |           get_document_chunk_repository,
391 |       ),
392 |       document_repository: DocumentRepository = Depends(
    |  _______________________________________________^
393 | |         get_document_repository,
394 | |     ),
    | |_____^
395 |       embedding_service: EmbeddingService = Depends(
396 |           get_embedding_service,
    |

B008 Do not perform function call `Depends` in argument defaults; instead, perform the call within the function, or read the default from a module-level singleton variable
   --> app\dependencies.py:395:43
    |
393 |           get_document_repository,
394 |       ),
395 |       embedding_service: EmbeddingService = Depends(
    |  ___________________________________________^
396 | |         get_embedding_service,
397 | |     ),
    | |_____^
398 |   ) -> IndexingService:
    |

B008 Do not perform function call `Depends` in argument defaults; instead, perform the call within the function, or read the default from a module-level singleton variable
   --> app\dependencies.py:408:47
    |
407 |   def get_document_processor(
408 |       document_repository: DocumentRepository = Depends(
    |  _______________________________________________^
409 | |         get_document_repository,
410 | |     ),
    | |_____^
411 |       chunk_repository: DocumentChunkRepository = Depends(
412 |           get_document_chunk_repository,
    |

B008 Do not perform function call `Depends` in argument defaults; instead, perform the call within the function, or read the default from a module-level singleton variable
   --> app\dependencies.py:411:49
    |
409 |           get_document_repository,
410 |       ),
411 |       chunk_repository: DocumentChunkRepository = Depends(
    |  _________________________________________________^
412 | |         get_document_chunk_repository,
413 | |     ),
    | |_____^
414 |       extractor_registry: ExtractorRegistry = Depends(
415 |           get_extractor_registry,
    |

B008 Do not perform function call `Depends` in argument defaults; instead, perform the call within the function, or read the default from a module-level singleton variable
   --> app\dependencies.py:414:45
    |
412 |           get_document_chunk_repository,
413 |       ),
414 |       extractor_registry: ExtractorRegistry = Depends(
    |  _____________________________________________^
415 | |         get_extractor_registry,
416 | |     ),
    | |_____^
417 |       chunker: TextChunker = Depends(
418 |           get_text_chunker,
    |

B008 Do not perform function call `Depends` in argument defaults; instead, perform the call within the function, or read the default from a module-level singleton variable
   --> app\dependencies.py:417:28
    |
415 |           get_extractor_registry,
416 |       ),
417 |       chunker: TextChunker = Depends(
    |  ____________________________^
418 | |         get_text_chunker,
419 | |     ),
    | |_____^
420 |       indexing_service: IndexingService = Depends(
421 |           get_indexing_service,
    |

B008 Do not perform function call `Depends` in argument defaults; instead, perform the call within the function, or read the default from a module-level singleton variable
   --> app\dependencies.py:420:41
    |
418 |           get_text_chunker,
419 |       ),
420 |       indexing_service: IndexingService = Depends(
    |  _________________________________________^
421 | |         get_indexing_service,
422 | |     ),
    | |_____^
423 |   ) -> DocumentProcessor:
    |

B008 Do not perform function call `Depends` in argument defaults; instead, perform the call within the function, or read the default from a module-level singleton variable
   --> app\dependencies.py:435:38
    |
434 |   def get_document_service(
435 |       repository: DocumentRepository = Depends(
    |  ______________________________________^
436 | |         get_document_repository,
437 | |     ),
    | |_____^
438 |       storage_service: StorageService = Depends(
439 |           get_storage_service,
    |

B008 Do not perform function call `Depends` in argument defaults; instead, perform the call within the function, or read the default from a module-level singleton variable
   --> app\dependencies.py:438:39
    |
436 |           get_document_repository,
437 |       ),
438 |       storage_service: StorageService = Depends(
    |  _______________________________________^
439 | |         get_storage_service,
440 | |     ),
    | |_____^
441 |       processor: DocumentProcessor = Depends(
442 |           get_document_processor,
    |

B008 Do not perform function call `Depends` in argument defaults; instead, perform the call within the function, or read the default from a module-level singleton variable
   --> app\dependencies.py:441:36
    |
439 |           get_storage_service,
440 |       ),
441 |       processor: DocumentProcessor = Depends(
    |  ____________________________________^
442 | |         get_document_processor,
443 | |     ),
    | |_____^
444 |   ) -> DocumentService:
    |

B008 Do not perform function call `Depends` in argument defaults; instead, perform the call within the function, or read the default from a module-level singleton variable
   --> app\dependencies.py:453:39
    |
452 | def get_note_service(
453 |     note_repository: NoteRepository = Depends(get_note_repository),
    |                                       ^^^^^^^^^^^^^^^^^^^^^^^^^^^^
454 |     document_repository: DocumentRepository = Depends(get_document_repository),
455 |     document_processor: DocumentProcessor = Depends(get_document_processor),
    |

B008 Do not perform function call `Depends` in argument defaults; instead, perform the call within the function, or read the default from a module-level singleton variable
   --> app\dependencies.py:454:47
    |
452 | def get_note_service(
453 |     note_repository: NoteRepository = Depends(get_note_repository),
454 |     document_repository: DocumentRepository = Depends(get_document_repository),
    |                                               ^^^^^^^^^^^^^^^^^^^^^^^^^^^^^^^^
455 |     document_processor: DocumentProcessor = Depends(get_document_processor),
456 | ) -> NoteService:
    |

B008 Do not perform function call `Depends` in argument defaults; instead, perform the call within the function, or read the default from a module-level singleton variable
   --> app\dependencies.py:455:45
    |
453 |     note_repository: NoteRepository = Depends(get_note_repository),
454 |     document_repository: DocumentRepository = Depends(get_document_repository),
455 |     document_processor: DocumentProcessor = Depends(get_document_processor),
    |                                             ^^^^^^^^^^^^^^^^^^^^^^^^^^^^^^^
456 | ) -> NoteService:
457 |     return NoteService(note_repository, document_repository, document_processor)
    |

B008 Do not perform function call `Depends` in argument defaults; instead, perform the call within the function, or read the default from a module-level singleton variable
   --> app\dependencies.py:460:45
    |
460 | def get_task_service(repo: TaskRepository = Depends(get_task_repository)) -> TaskService:
    |                                             ^^^^^^^^^^^^^^^^^^^^^^^^^^^^
461 |     return TaskService(repo)
    |

E501 Line too long (89 > 88)
   --> app\dependencies.py:460:89
    |
460 | def get_task_service(repo: TaskRepository = Depends(get_task_repository)) -> TaskService:
    |                                                                                         ^
461 |     return TaskService(repo)
    |

B008 Do not perform function call `Depends` in argument defaults; instead, perform the call within the function, or read the default from a module-level singleton variable
   --> app\dependencies.py:464:53
    |
464 | def get_reminder_service(repo: ReminderRepository = Depends(get_reminder_repository)) -> ReminderService:
    |                                                     ^^^^^^^^^^^^^^^^^^^^^^^^^^^^^^^^
465 |     return ReminderService(repo)
    |

E501 Line too long (105 > 88)
   --> app\dependencies.py:464:89
    |
464 | def get_reminder_service(repo: ReminderRepository = Depends(get_reminder_repository)) -> ReminderService:
    |                                                                                         ^^^^^^^^^^^^^^^^^
465 |     return ReminderService(repo)
    |

B008 Do not perform function call `Depends` in argument defaults; instead, perform the call within the function, or read the default from a module-level singleton variable
   --> app\dependencies.py:473:43
    |
472 | def get_tool_orchestrator(
473 |     retrieval_service: RetrievalService = Depends(get_retrieval_service),
    |                                           ^^^^^^^^^^^^^^^^^^^^^^^^^^^^^^
474 |     memory_service: MemoryService = Depends(get_memory_service),
475 |     note_service: NoteService = Depends(get_note_service),
    |

B008 Do not perform function call `Depends` in argument defaults; instead, perform the call within the function, or read the default from a module-level singleton variable
   --> app\dependencies.py:474:37
    |
472 | def get_tool_orchestrator(
473 |     retrieval_service: RetrievalService = Depends(get_retrieval_service),
474 |     memory_service: MemoryService = Depends(get_memory_service),
    |                                     ^^^^^^^^^^^^^^^^^^^^^^^^^^^
475 |     note_service: NoteService = Depends(get_note_service),
476 |     task_service: TaskService = Depends(get_task_service),
    |

B008 Do not perform function call `Depends` in argument defaults; instead, perform the call within the function, or read the default from a module-level singleton variable
   --> app\dependencies.py:475:33
    |
473 |     retrieval_service: RetrievalService = Depends(get_retrieval_service),
474 |     memory_service: MemoryService = Depends(get_memory_service),
475 |     note_service: NoteService = Depends(get_note_service),
    |                                 ^^^^^^^^^^^^^^^^^^^^^^^^^
476 |     task_service: TaskService = Depends(get_task_service),
477 |     reminder_service: ReminderService = Depends(get_reminder_service),
    |

B008 Do not perform function call `Depends` in argument defaults; instead, perform the call within the function, or read the default from a module-level singleton variable
   --> app\dependencies.py:476:33
    |
474 |     memory_service: MemoryService = Depends(get_memory_service),
475 |     note_service: NoteService = Depends(get_note_service),
476 |     task_service: TaskService = Depends(get_task_service),
    |                                 ^^^^^^^^^^^^^^^^^^^^^^^^^
477 |     reminder_service: ReminderService = Depends(get_reminder_service),
478 |     db: AsyncSession = Depends(get_db),
    |

B008 Do not perform function call `Depends` in argument defaults; instead, perform the call within the function, or read the default from a module-level singleton variable
   --> app\dependencies.py:477:41
    |
475 |     note_service: NoteService = Depends(get_note_service),
476 |     task_service: TaskService = Depends(get_task_service),
477 |     reminder_service: ReminderService = Depends(get_reminder_service),
    |                                         ^^^^^^^^^^^^^^^^^^^^^^^^^^^^^
478 |     db: AsyncSession = Depends(get_db),
479 | ) -> ToolOrchestrator:
    |

B008 Do not perform function call `Depends` in argument defaults; instead, perform the call within the function, or read the default from a module-level singleton variable
   --> app\dependencies.py:478:24
    |
476 |     task_service: TaskService = Depends(get_task_service),
477 |     reminder_service: ReminderService = Depends(get_reminder_service),
478 |     db: AsyncSession = Depends(get_db),
    |                        ^^^^^^^^^^^^^^^
479 | ) -> ToolOrchestrator:
    |

B008 Do not perform function call `Depends` in argument defaults; instead, perform the call within the function, or read the default from a module-level singleton variable
   --> app\dependencies.py:516:32
    |
515 |   def get_ai_service(
516 |       provider: ProviderRouter = Depends(
    |  ________________________________^
517 | |         get_provider_router,
518 | |     ),
    | |_____^
519 |       message_service: MessageService = Depends(
520 |           get_message_service,
    |

B008 Do not perform function call `Depends` in argument defaults; instead, perform the call within the function, or read the default from a module-level singleton variable
   --> app\dependencies.py:519:39
    |
517 |           get_provider_router,
518 |       ),
519 |       message_service: MessageService = Depends(
    |  _______________________________________^
520 | |         get_message_service,
521 | |     ),
    | |_____^
522 |       conversation_service: ConversationService = Depends(
523 |           get_conversation_service,
    |

B008 Do not perform function call `Depends` in argument defaults; instead, perform the call within the function, or read the default from a module-level singleton variable
   --> app\dependencies.py:522:49
    |
520 |           get_message_service,
521 |       ),
522 |       conversation_service: ConversationService = Depends(
    |  _________________________________________________^
523 | |         get_conversation_service,
524 | |     ),
    | |_____^
525 |       context_builder: ContextBuilder = Depends(
526 |           get_context_builder,
    |

B008 Do not perform function call `Depends` in argument defaults; instead, perform the call within the function, or read the default from a module-level singleton variable
   --> app\dependencies.py:525:39
    |
523 |           get_conversation_service,
524 |       ),
525 |       context_builder: ContextBuilder = Depends(
    |  _______________________________________^
526 | |         get_context_builder,
527 | |     ),
    | |_____^
528 |       memory_service: MemoryService = Depends(
529 |           get_memory_service,
    |

B008 Do not perform function call `Depends` in argument defaults; instead, perform the call within the function, or read the default from a module-level singleton variable
   --> app\dependencies.py:528:37
    |
526 |           get_context_builder,
527 |       ),
528 |       memory_service: MemoryService = Depends(
    |  _____________________________________^
529 | |         get_memory_service,
530 | |     ),
    | |_____^
531 |       tool_orchestrator: ToolOrchestrator = Depends(
532 |           get_tool_orchestrator,
    |

B008 Do not perform function call `Depends` in argument defaults; instead, perform the call within the function, or read the default from a module-level singleton variable
   --> app\dependencies.py:531:43
    |
529 |           get_memory_service,
530 |       ),
531 |       tool_orchestrator: ToolOrchestrator = Depends(
    |  ___________________________________________^
532 | |         get_tool_orchestrator,
533 | |     ),
    | |_____^
534 |   ) -> AIService:
    |

B008 Do not perform function call `Depends` in argument defaults; instead, perform the call within the function, or read the default from a module-level singleton variable
   --> app\dependencies.py:552:34
    |
550 |   async def get_current_user(
551 |       token: str = Depends(oauth2_scheme),
552 |       repository: UserRepository = Depends(
    |  __________________________________^
553 | |         get_user_repository,
554 | |     ),
    | |_____^
555 |   ):
556 |       payload = decode_access_token(token)
    |

I001 [*] Import block is un-sorted or un-formatted
   --> app\dependencies.py:579:5
    |
578 |   def boot_scheduler():
579 | /     from app.services.scheduler.scheduler import BackgroundScheduler
580 | |     from app.services.scheduler.worker import SchedulerWorker
581 | |     from app.services.scheduler.dispatcher import AgentDispatcher
582 | |     from app.services.notifications.notification_service import NotificationService
583 | |     from app.services.notifications.providers.database_provider import DatabaseNotificationProvider
584 | |     from app.services.notifications.providers.email_provider import EmailNotificationProvider
585 | |     from app.services.notifications.providers.push_provider import PushNotificationProvider
586 | |     from app.db.session import AsyncSessionLocal
    | |________________________________________________^
587 |
588 |       async def worker_factory(session=None):
    |
help: Organize imports

E501 Line too long (99 > 88)
   --> app\dependencies.py:583:89
    |
581 |     from app.services.scheduler.dispatcher import AgentDispatcher
582 |     from app.services.notifications.notification_service import NotificationService
583 |     from app.services.notifications.providers.database_provider import DatabaseNotificationProvider
    |                                                                                         ^^^^^^^^^^^
584 |     from app.services.notifications.providers.email_provider import EmailNotificationProvider
585 |     from app.services.notifications.providers.push_provider import PushNotificationProvider
    |

E501 Line too long (93 > 88)
   --> app\dependencies.py:584:89
    |
582 |     from app.services.notifications.notification_service import NotificationService
583 |     from app.services.notifications.providers.database_provider import DatabaseNotificationProvider
584 |     from app.services.notifications.providers.email_provider import EmailNotificationProvider
    |                                                                                         ^^^^^
585 |     from app.services.notifications.providers.push_provider import PushNotificationProvider
586 |     from app.db.session import AsyncSessionLocal
    |

E501 Line too long (91 > 88)
   --> app\dependencies.py:585:89
    |
583 |     from app.services.notifications.providers.database_provider import DatabaseNotificationProvider
584 |     from app.services.notifications.providers.email_provider import EmailNotificationProvider
585 |     from app.services.notifications.providers.push_provider import PushNotificationProvider
    |                                                                                         ^^^
586 |     from app.db.session import AsyncSessionLocal
    |

I001 [*] Import block is un-sorted or un-formatted
   --> app\evaluation\runner.py:112:5
    |
111 |   async def _run(args: argparse.Namespace) -> int:
112 | /     from app.services.retrieval.evaluation import (
113 | |         RetrievalEvaluationConfig,
114 | |         evaluate_dataset,
115 | |         evaluate_grid,
116 | |         format_detailed_case_report,
117 | |         format_case_report,
118 | |         format_summary_report,
119 | |         format_scoring_rules,
120 | |         load_dataset,
121 | |     )
    | |_____^
122 |
123 |       dataset = load_dataset(args.dataset)
    |
help: Organize imports

I001 [*] Import block is un-sorted or un-formatted
  --> app\integrations\google\auth.py:1:1
   |
 1 | / import logging
 2 | | from typing import Optional
 3 | |
 4 | | from google.oauth2.credentials import Credentials
 5 | | from google.auth.transport.requests import Request
 6 | | from google_auth_oauthlib.flow import Flow
 7 | |
 8 | | from app.config import settings
 9 | | from app.repositories.oauth_repository import OAuthRepository
   | |_____________________________________________________________^
10 |
11 |   logger = logging.getLogger(__name__)
   |
help: Organize imports

E501 Line too long (104 > 88)
  --> app\integrations\google\auth.py:23:89
   |
21 |                 "auth_uri": "https://accounts.google.com/o/oauth2/auth",
22 |                 "token_uri": "https://oauth2.googleapis.com/token",
23 |                 "redirect_uris": [settings.GOOGLE_REDIRECT_URI] if settings.GOOGLE_REDIRECT_URI else [],
   |                                                                                         ^^^^^^^^^^^^^^^^
24 |             }
25 |         }
   |

E501 Line too long (97 > 88)
  --> app\integrations\google\auth.py:53:89
   |
51 |         params = {
52 |             "client_id": settings.GOOGLE_CLIENT_ID,
53 |             "redirect_uri": settings.GOOGLE_REDIRECT_URI if settings.GOOGLE_REDIRECT_URI else "",
   |                                                                                         ^^^^^^^^^
54 |             "response_type": "code",
55 |             "scope": " ".join(self.scopes),
   |

E501 Line too long (92 > 88)
  --> app\integrations\google\auth.py:61:89
   |
59 |             "state": state
60 |         }
61 |         return "https://accounts.google.com/o/oauth2/auth?" + urllib.parse.urlencode(params)
   |                                                                                         ^^^^
62 |
63 |     async def exchange_code(self, code: str, user_id: int):
   |

UP045 [*] Use `X | None` for type annotations
  --> app\integrations\google\auth.py:79:54
   |
77 |         )
78 |         
79 |     async def get_credentials(self, user_id: int) -> Optional[Credentials]:
   |                                                      ^^^^^^^^^^^^^^^^^^^^^
80 |         record = await self.oauth_repo.get_by_user_id(user_id, "google")
81 |         if not record:
   |
help: Convert to `X | None`

E501 Line too long (98 > 88)
   --> app\integrations\google\auth.py:104:89
    |
102 |                     provider="google"
103 |                 )
104 |                 logger.info(f"Successfully refreshed Google OAuth credentials for user {user_id}")
    |                                                                                         ^^^^^^^^^^
105 |             except Exception as e:
106 |                 logger.error(f"Failed to refresh Google OAuth credentials for user {user_id}: {e}")
    |

E501 Line too long (99 > 88)
   --> app\integrations\google\auth.py:106:89
    |
104 |                 logger.info(f"Successfully refreshed Google OAuth credentials for user {user_id}")
105 |             except Exception as e:
106 |                 logger.error(f"Failed to refresh Google OAuth credentials for user {user_id}: {e}")
    |                                                                                         ^^^^^^^^^^^
107 |                 
108 |         return creds
    |

I001 [*] Import block is un-sorted or un-formatted
 --> app\integrations\google\calendar.py:1:1
  |
1 | / import logging
2 | | import datetime
3 | | from googleapiclient.discovery import build
4 | | from app.integrations.google.auth import GoogleAuthService
  | |__________________________________________________________^
5 |
6 |   logger = logging.getLogger(__name__)
  |
help: Organize imports

UP017 [*] Use `datetime.UTC` alias
  --> app\integrations\google\calendar.py:21:37
   |
19 |         service = await self._get_client(user_id)
20 |         
21 |         now = datetime.datetime.now(datetime.timezone.utc)
   |                                     ^^^^^^^^^^^^^^^^^^^^^
22 |         start_of_day = now.replace(hour=0, minute=0, second=0, microsecond=0).isoformat().replace('+00:00', 'Z')
23 |         end_of_day = now.replace(hour=23, minute=59, second=59, microsecond=999999).isoformat().replace('+00:00', 'Z')
   |
help: Convert to `datetime.UTC` alias

E501 Line too long (112 > 88)
  --> app\integrations\google\calendar.py:22:89
   |
21 |         now = datetime.datetime.now(datetime.timezone.utc)
22 |         start_of_day = now.replace(hour=0, minute=0, second=0, microsecond=0).isoformat().replace('+00:00', 'Z')
   |                                                                                         ^^^^^^^^^^^^^^^^^^^^^^^^
23 |         end_of_day = now.replace(hour=23, minute=59, second=59, microsecond=999999).isoformat().replace('+00:00', 'Z')
   |

E501 Line too long (118 > 88)
  --> app\integrations\google\calendar.py:23:89
   |
21 |         now = datetime.datetime.now(datetime.timezone.utc)
22 |         start_of_day = now.replace(hour=0, minute=0, second=0, microsecond=0).isoformat().replace('+00:00', 'Z')
23 |         end_of_day = now.replace(hour=23, minute=59, second=59, microsecond=999999).isoformat().replace('+00:00', 'Z')
   |                                                                                         ^^^^^^^^^^^^^^^^^^^^^^^^^^^^^^
24 |         
25 |         events_result = service.events().list(
   |

UP017 [*] Use `datetime.UTC` alias
  --> app\integrations\google\calendar.py:36:37
   |
34 |     async def get_upcoming_events(self, user_id: int, max_results: int = 10):
35 |         service = await self._get_client(user_id)
36 |         now = datetime.datetime.now(datetime.timezone.utc).isoformat().replace('+00:00', 'Z')
   |                                     ^^^^^^^^^^^^^^^^^^^^^
37 |         events_result = service.events().list(
38 |             calendarId='primary', 
   |
help: Convert to `datetime.UTC` alias

E501 Line too long (93 > 88)
  --> app\integrations\google\calendar.py:36:89
   |
34 |     async def get_upcoming_events(self, user_id: int, max_results: int = 10):
35 |         service = await self._get_client(user_id)
36 |         now = datetime.datetime.now(datetime.timezone.utc).isoformat().replace('+00:00', 'Z')
   |                                                                                         ^^^^^
37 |         events_result = service.events().list(
38 |             calendarId='primary', 
   |

E501 Line too long (111 > 88)
  --> app\integrations\google\calendar.py:46:89
   |
44 |         return events_result.get('items', [])
45 |
46 |     async def create_event(self, user_id: int, summary: str, description: str, start_time: str, end_time: str):
   |                                                                                         ^^^^^^^^^^^^^^^^^^^^^^^
47 |         service = await self._get_client(user_id)
48 |         event = {
   |

E501 Line too long (90 > 88)
  --> app\integrations\google\calendar.py:54:89
   |
52 |             'end': {'dateTime': end_time, 'timeZone': 'UTC'},
53 |         }
54 |         event_result = service.events().insert(calendarId='primary', body=event).execute()
   |                                                                                         ^^
55 |         return event_result
   |

E501 Line too long (109 > 88)
  --> app\integrations\google\calendar.py:65:89
   |
63 |             else:
64 |                 event[key] = value
65 |         updated_event = service.events().update(calendarId='primary', eventId=event_id, body=event).execute()
   |                                                                                         ^^^^^^^^^^^^^^^^^^^^^
66 |         return updated_event
   |

I001 [*] Import block is un-sorted or un-formatted
 --> app\integrations\google\drive.py:1:1
  |
1 | / import logging
2 | | import io
3 | | from googleapiclient.discovery import build
4 | | from googleapiclient.http import MediaIoBaseDownload, MediaFileUpload
5 | | from app.integrations.google.auth import GoogleAuthService
  | |__________________________________________________________^
6 |
7 |   logger = logging.getLogger(__name__)
  |
help: Organize imports

E501 Line too long (99 > 88)
  --> app\integrations\google\drive.py:19:89
   |
17 |         return build('drive', 'v3', credentials=creds)
18 |
19 |     async def list_files(self, user_id: int, max_results: int = 10, page_token: str | None = None):
   |                                                                                         ^^^^^^^^^^^
20 |         service = await self._get_client(user_id)
21 |         results = service.files().list(
   |

E501 Line too long (92 > 88)
  --> app\integrations\google\drive.py:47:89
   |
45 |         return result
46 |
47 |     async def download_file(self, user_id: int, file_id: str, mime_type: str | None = None):
   |                                                                                         ^^^^
48 |         service = await self._get_client(user_id)
49 |         request = service.files().get_media(fileId=file_id)
   |

E501 Line too long (92 > 88)
  --> app\integrations\google\drive.py:67:89
   |
65 |         return fh.read()
66 |
67 |     async def upload_file(self, user_id: int, filename: str, filepath: str, mime_type: str):
   |                                                                                         ^^^^
68 |         service = await self._get_client(user_id)
69 |         file_metadata = {'name': filename}
   |

I001 [*] Import block is un-sorted or un-formatted
 --> app\integrations\google\gmail.py:1:1
  |
1 | / import logging
2 | | import base64
3 | | from email.message import EmailMessage
4 | | from googleapiclient.discovery import build
5 | | from app.integrations.google.auth import GoogleAuthService
  | |__________________________________________________________^
6 |
7 |   logger = logging.getLogger(__name__)
  |
help: Organize imports

E501 Line too long (111 > 88)
  --> app\integrations\google\gmail.py:21:89
   |
19 |     async def list_unread_emails(self, user_id: int, max_results: int = 10):
20 |         service = await self._get_client(user_id)
21 |         results = service.users().messages().list(userId='me', q="is:unread", maxResults=max_results).execute()
   |                                                                                         ^^^^^^^^^^^^^^^^^^^^^^^
22 |         messages = results.get('messages', [])
23 |         return messages
   |

E501 Line too long (105 > 88)
  --> app\integrations\google\gmail.py:27:89
   |
25 |     async def search_emails(self, user_id: int, query: str, max_results: int = 10):
26 |         service = await self._get_client(user_id)
27 |         results = service.users().messages().list(userId='me', q=query, maxResults=max_results).execute()
   |                                                                                         ^^^^^^^^^^^^^^^^^
28 |         return results.get('messages', [])
   |

E501 Line too long (101 > 88)
  --> app\integrations\google\gmail.py:32:89
   |
30 |     async def read_email(self, user_id: int, message_id: str):
31 |         service = await self._get_client(user_id)
32 |         message = service.users().messages().get(userId='me', id=message_id, format='full').execute()
   |                                                                                         ^^^^^^^^^^^^^
33 |         return message
   |

E501 Line too long (91 > 88)
  --> app\integrations\google\gmail.py:45:89
   |
43 |         encoded_message = base64.urlsafe_b64encode(message.as_bytes()).decode()
44 |         create_message = {'message': {'raw': encoded_message}}
45 |         draft = service.users().drafts().create(userId='me', body=create_message).execute()
   |                                                                                         ^^^
46 |         return draft
   |

E501 Line too long (98 > 88)
  --> app\integrations\google\gmail.py:58:89
   |
56 |         encoded_message = base64.urlsafe_b64encode(message.as_bytes()).decode()
57 |         create_message = {'raw': encoded_message}
58 |         send_message = service.users().messages().send(userId='me', body=create_message).execute()
   |                                                                                         ^^^^^^^^^^
59 |         return send_message
   |

E501 Line too long (161 > 88)
  --> app\integrations\google\gmail.py:63:89
   |
61 | â€¦ody: str):
62 | â€¦
63 | â€¦Id='me', id=message_id, format='metadata', metadataHeaders=['Subject', 'From', 'Message-ID']).execute()
   |                                ^^^^^^^^^^^^^^^^^^^^^^^^^^^^^^^^^^^^^^^^^^^^^^^^^^^^^^^^^^^^^^^^^^^^^^^^^
64 | â€¦ders', [])
   |

E501 Line too long (98 > 88)
  --> app\integrations\google\gmail.py:92:89
   |
90 |         encoded_message = base64.urlsafe_b64encode(message.as_bytes()).decode()
91 |         create_message = {'raw': encoded_message, 'threadId': thread_id}
92 |         send_message = service.users().messages().send(userId='me', body=create_message).execute()
   |                                                                                         ^^^^^^^^^^
93 |         return send_message
   |

E501 Line too long (100 > 88)
   --> app\integrations\google\gmail.py:101:89
    |
 99 |             'removeLabelIds': ['INBOX']
100 |         }
101 |         service.users().messages().modify(userId='me', id=message_id, body=modify_request).execute()
    |                                                                                         ^^^^^^^^^^^^
102 |         return True
    |

UP035 `typing.List` is deprecated, use `list` instead
 --> app\integrations\google\tasks.py:1:1
  |
1 | from typing import List, Dict, Any, Optional
  | ^^^^^^^^^^^^^^^^^^^^^^^^^^^^^^^^^^^^^^^^^^^^
2 | import httpx
3 | from app.integrations.google.auth import GoogleAuthService
  |

UP035 `typing.Dict` is deprecated, use `dict` instead
 --> app\integrations\google\tasks.py:1:1
  |
1 | from typing import List, Dict, Any, Optional
  | ^^^^^^^^^^^^^^^^^^^^^^^^^^^^^^^^^^^^^^^^^^^^
2 | import httpx
3 | from app.integrations.google.auth import GoogleAuthService
  |

I001 [*] Import block is un-sorted or un-formatted
 --> app\integrations\google\tasks.py:1:1
  |
1 | / from typing import List, Dict, Any, Optional
2 | | import httpx
3 | | from app.integrations.google.auth import GoogleAuthService
4 | | import logging
  | |______________^
5 |
6 |   logger = logging.getLogger(__name__)
  |
help: Organize imports

UP006 [*] Use `list` instead of `List` for type annotation
  --> app\integrations\google\tasks.py:12:53
   |
10 |         self.auth_service = auth_service
11 |         
12 |     async def get_task_lists(self, user_id: int) -> List[Dict[str, Any]]:
   |                                                     ^^^^
13 |         credentials = await self.auth_service.get_credentials(user_id)
14 |         if not credentials:
   |
help: Replace with `list`

UP006 [*] Use `dict` instead of `Dict` for type annotation
  --> app\integrations\google\tasks.py:12:58
   |
10 |         self.auth_service = auth_service
11 |         
12 |     async def get_task_lists(self, user_id: int) -> List[Dict[str, Any]]:
   |                                                          ^^^^
13 |         credentials = await self.auth_service.get_credentials(user_id)
14 |         if not credentials:
   |
help: Replace with `dict`

UP006 [*] Use `list` instead of `List` for type annotation
  --> app\integrations\google\tasks.py:30:80
   |
28 |             return []
29 |
30 |     async def get_tasks(self, user_id: int, task_list_id: str = "@default") -> List[Dict[str, Any]]:
   |                                                                                ^^^^
31 |         credentials = await self.auth_service.get_credentials(user_id)
32 |         if not credentials:
   |
help: Replace with `list`

UP006 [*] Use `dict` instead of `Dict` for type annotation
  --> app\integrations\google\tasks.py:30:85
   |
28 |             return []
29 |
30 |     async def get_tasks(self, user_id: int, task_list_id: str = "@default") -> List[Dict[str, Any]]:
   |                                                                                     ^^^^
31 |         credentials = await self.auth_service.get_credentials(user_id)
32 |         if not credentials:
   |
help: Replace with `dict`

E501 Line too long (100 > 88)
  --> app\integrations\google\tasks.py:30:89
   |
28 |             return []
29 |
30 |     async def get_tasks(self, user_id: int, task_list_id: str = "@default") -> List[Dict[str, Any]]:
   |                                                                                         ^^^^^^^^^^^^
31 |         credentials = await self.auth_service.get_credentials(user_id)
32 |         if not credentials:
   |

UP045 [*] Use `X | None` for type annotations
  --> app\integrations\google\tasks.py:54:66
   |
52 |             return []
53 |
54 |     async def insert_task(self, user_id: int, title: str, notes: Optional[str] = None, due: Optional[str] = None, task_list_id: str = â€¦
   |                                                                  ^^^^^^^^^^^^^
55 |         credentials = await self.auth_service.get_credentials(user_id)
56 |         if not credentials:
   |
help: Convert to `X | None`

E501 Line too long (164 > 88)
  --> app\integrations\google\tasks.py:54:89
   |
52 | â€¦
53 | â€¦
54 | â€¦tes: Optional[str] = None, due: Optional[str] = None, task_list_id: str = "@default") -> Dict[str, Any]:
   |                              ^^^^^^^^^^^^^^^^^^^^^^^^^^^^^^^^^^^^^^^^^^^^^^^^^^^^^^^^^^^^^^^^^^^^^^^^^^^^
55 | â€¦s(user_id)
56 | â€¦
   |

UP045 [*] Use `X | None` for type annotations
  --> app\integrations\google\tasks.py:54:93
   |
52 |             return []
53 |
54 |     async def insert_task(self, user_id: int, title: str, notes: Optional[str] = None, due: Optional[str] = None, task_list_id: str = â€¦
   |                                                                                             ^^^^^^^^^^^^^
55 |         credentials = await self.auth_service.get_credentials(user_id)
56 |         if not credentials:
   |
help: Convert to `X | None`

UP006 [*] Use `dict` instead of `Dict` for type annotation
  --> app\integrations\google\tasks.py:54:150
   |
52 | â€¦
53 | â€¦
54 | â€¦, due: Optional[str] = None, task_list_id: str = "@default") -> Dict[str, Any]:
   |                                                                  ^^^^
55 | â€¦
56 | â€¦
   |
help: Replace with `dict`

I001 [*] Import block is un-sorted or un-formatted
 --> app\integrations\search\base.py:1:1
  |
1 | / from abc import ABC, abstractmethod
2 | | from app.schemas.search import SearchResult
  | |___________________________________________^
3 |
4 |   class SearchProvider(ABC):
  |
help: Organize imports

I001 [*] Import block is un-sorted or un-formatted
 --> app\integrations\search\tavily.py:1:1
  |
1 | / import logging
2 | | import httpx
3 | | from typing import Any
4 | |
5 | | from app.schemas.search import SearchResult
6 | | from app.integrations.search.base import SearchProvider
7 | | from app.config import get_settings
  | |___________________________________^
8 |
9 |   logger = logging.getLogger(__name__)
  |
help: Organize imports

F401 [*] `typing.Any` imported but unused
 --> app\integrations\search\tavily.py:3:20
  |
1 | import logging
2 | import httpx
3 | from typing import Any
  |                    ^^^
4 |
5 | from app.schemas.search import SearchResult
  |
help: Remove unused import: `typing.Any`

E501 Line too long (93 > 88)
  --> app\integrations\search\tavily.py:60:89
   |
58 |             except httpx.HTTPStatusError as e:
59 |                 logger.error(f"Tavily search API error: {e.response.text}")
60 |                 raise RuntimeError(f"Search provider error: {e.response.status_code}") from e
   |                                                                                         ^^^^^
61 |             except httpx.RequestError as e:
62 |                 logger.error(f"Tavily search request failed: {str(e)}")
   |

I001 [*] Import block is un-sorted or un-formatted
  --> app\lifespan.py:17:5
   |
15 |       print("===================================")
16 |
17 | /     from app.dependencies import boot_scheduler
18 | |     from app.config import get_settings
   | |_______________________________________^
19 |       settings = get_settings()
   |
help: Organize imports

I001 [*] Import block is un-sorted or un-formatted
  --> app\lifespan.py:27:9
   |
25 |           scheduler = boot_scheduler()
26 |           
27 | /         from app.services.scheduler.reflection import ReflectionLoop
28 | |         from app.dependencies import _router_instance
   | |_____________________________________________________^
29 |           print("Booting Daily Reflection Loop...")
30 |           reflection = ReflectionLoop(provider=_router_instance)
   |
help: Organize imports

I001 [*] Import block is un-sorted or un-formatted
 --> app\logging.py:1:1
  |
1 | / import logging
2 | | import structlog
  | |________________^
  |
help: Organize imports

I001 [*] Import block is un-sorted or un-formatted
  --> app\main.py:1:1
   |
 1 | / from fastapi import FastAPI
 2 | | from fastapi.middleware.cors import CORSMiddleware
 3 | |
 4 | | from app.config import get_settings
 5 | | from app.lifespan import lifespan
 6 | | from app.logging import setup_logging
 7 | | from app.routers import (
 8 | |     auth_router,
 9 | |     health_router,
10 | |     users_router,
11 | |     conversation_router,
12 | |     skills_router,
13 | | )
14 | | from app.routers.chat import router as chat_router
15 | | from app.routers.document import router as document_router
16 | | from app.routers.debug import router as debug_router
17 | | from app.routers.debug_router import router as debug_router2
18 | | from app.routers.notes import router as notes_router
19 | | from app.routers.tasks import router as tasks_router
20 | | from app.routers.reminders import router as reminders_router
21 | | from app.routers.devices import router as devices_router
22 | | from app.routers.voice import router as voice_router
23 | | from app.routers.dashboard import router as dashboard_router
   | |____________________________________________________________^
24 |
25 |   settings = get_settings()
   |
help: Organize imports

I001 [*] Import block is un-sorted or un-formatted
 --> app\repositories\__init__.py:1:1
  |
1 | / from .conversation_repository import ConversationRepository
2 | | from .document_repository import DocumentRepository
3 | | from .document_chunk_repository import DocumentChunkRepository
4 | | from .message_repository import MessageRepository
5 | | from .user_repository import UserRepository
6 | | from .memory_repository import MemoryRepository
  | |_______________________________________________^
7 |
8 |   __all__ = [
  |
help: Organize imports

I001 [*] Import block is un-sorted or un-formatted
 --> app\repositories\document_chunk_repository.py:1:1
  |
1 | / from sqlalchemy import select, case, func
2 | | from sqlalchemy.ext.asyncio import AsyncSession
3 | | from sqlalchemy.orm import selectinload
4 | |
5 | | from app.db.models import (
6 | |     Document,
7 | |     DocumentChunk,
8 | |     DocumentStatus,
9 | | )
  | |_^
  |
help: Organize imports

I001 [*] Import block is un-sorted or un-formatted
 --> app\repositories\document_repository.py:1:1
  |
1 | / from sqlalchemy import select
2 | | from sqlalchemy.ext.asyncio import AsyncSession
3 | |
4 | | from app.db.models import Document
5 | | from app.db.models.document import DocumentStatus
  | |_________________________________________________^
6 |
7 |   class DocumentRepository:
  |
help: Organize imports

I001 [*] Import block is un-sorted or un-formatted
 --> app\repositories\note_repository.py:1:1
  |
1 | / from sqlalchemy import select
2 | | from sqlalchemy.ext.asyncio import AsyncSession
3 | | from app.db.models.note import Note
  | |___________________________________^
4 |
5 |   class NoteRepository:
  |
help: Organize imports

I001 [*] Import block is un-sorted or un-formatted
 --> app\repositories\oauth_repository.py:1:1
  |
1 | / from typing import Optional
2 | | from sqlalchemy import select
3 | | from sqlalchemy.ext.asyncio import AsyncSession
4 | |
5 | | from app.db.models.oauth_credential import OAuthCredential
  | |__________________________________________________________^
6 |
7 |   class OAuthRepository:
  |
help: Organize imports

UP045 [*] Use `X | None` for type annotations
  --> app\repositories\oauth_repository.py:11:79
   |
 9 |         self.db = db
10 |
11 |     async def get_by_user_id(self, user_id: int, provider: str = "google") -> Optional[OAuthCredential]:
   |                                                                               ^^^^^^^^^^^^^^^^^^^^^^^^^
12 |         stmt = select(OAuthCredential).where(
13 |             OAuthCredential.user_id == user_id,
   |
help: Convert to `X | None`

E501 Line too long (104 > 88)
  --> app\repositories\oauth_repository.py:11:89
   |
 9 |         self.db = db
10 |
11 |     async def get_by_user_id(self, user_id: int, provider: str = "google") -> Optional[OAuthCredential]:
   |                                                                                         ^^^^^^^^^^^^^^^^
12 |         stmt = select(OAuthCredential).where(
13 |             OAuthCredential.user_id == user_id,
   |

UP045 [*] Use `X | None` for type annotations
  --> app\repositories\oauth_repository.py:23:24
   |
21 |         user_id: int,
22 |         access_token: str,
23 |         refresh_token: Optional[str] = None,
   |                        ^^^^^^^^^^^^^
24 |         scopes: Optional[str] = None,
25 |         expires_at=None,
   |
help: Convert to `X | None`

UP045 [*] Use `X | None` for type annotations
  --> app\repositories\oauth_repository.py:24:17
   |
22 |         access_token: str,
23 |         refresh_token: Optional[str] = None,
24 |         scopes: Optional[str] = None,
   |                 ^^^^^^^^^^^^^
25 |         expires_at=None,
26 |         provider: str = "google"
   |
help: Convert to `X | None`

I001 [*] Import block is un-sorted or un-formatted
  --> app\repositories\oauth_state_repository.py:1:1
   |
 1 | / import secrets
 2 | | from datetime import datetime, timedelta, timezone
 3 | | from typing import Optional, Tuple
 4 | |
 5 | | from sqlalchemy import select
 6 | | from sqlalchemy.ext.asyncio import AsyncSession
 7 | |
 8 | | from app.db.models.oauth_state import OAuthState
   | |________________________________________________^
 9 |
10 |   class OAuthStateRepository:
   |
help: Organize imports

UP035 `typing.Tuple` is deprecated, use `tuple` instead
 --> app\repositories\oauth_state_repository.py:3:1
  |
1 | import secrets
2 | from datetime import datetime, timedelta, timezone
3 | from typing import Optional, Tuple
  | ^^^^^^^^^^^^^^^^^^^^^^^^^^^^^^^^^^
4 |
5 | from sqlalchemy import select
  |

UP045 [*] Use `X | None` for type annotations
  --> app\repositories\oauth_state_repository.py:14:43
   |
12 |         self.db = db
13 |
14 |     async def create_state(self, user_id: Optional[int] = None, expires_in_minutes: int = 15) -> str:
   |                                           ^^^^^^^^^^^^^
15 |         state_str = secrets.token_urlsafe(32)
16 |         expires_at = datetime.now(timezone.utc) + timedelta(minutes=expires_in_minutes)
   |
help: Convert to `X | None`

E501 Line too long (101 > 88)
  --> app\repositories\oauth_state_repository.py:14:89
   |
12 |         self.db = db
13 |
14 |     async def create_state(self, user_id: Optional[int] = None, expires_in_minutes: int = 15) -> str:
   |                                                                                         ^^^^^^^^^^^^^
15 |         state_str = secrets.token_urlsafe(32)
16 |         expires_at = datetime.now(timezone.utc) + timedelta(minutes=expires_in_minutes)
   |

UP017 [*] Use `datetime.UTC` alias
  --> app\repositories\oauth_state_repository.py:16:35
   |
14 |     async def create_state(self, user_id: Optional[int] = None, expires_in_minutes: int = 15) -> str:
15 |         state_str = secrets.token_urlsafe(32)
16 |         expires_at = datetime.now(timezone.utc) + timedelta(minutes=expires_in_minutes)
   |                                   ^^^^^^^^^^^^
17 |         
18 |         state_record = OAuthState(
   |
help: Convert to `datetime.UTC` alias

UP006 [*] Use `tuple` instead of `Tuple` for type annotation
  --> app\repositories\oauth_state_repository.py:27:50
   |
25 |         return state_str
26 |         
27 |     async def consume_state(self, state: str) -> Tuple[bool, Optional[int]]:
   |                                                  ^^^^^
28 |         stmt = select(OAuthState).where(OAuthState.state == state)
29 |         result = await self.db.execute(stmt)
   |
help: Replace with `tuple`

UP045 [*] Use `X | None` for type annotations
  --> app\repositories\oauth_state_repository.py:27:62
   |
25 |         return state_str
26 |         
27 |     async def consume_state(self, state: str) -> Tuple[bool, Optional[int]]:
   |                                                              ^^^^^^^^^^^^^
28 |         stmt = select(OAuthState).where(OAuthState.state == state)
29 |         result = await self.db.execute(stmt)
   |
help: Convert to `X | None`

UP017 [*] Use `datetime.UTC` alias
  --> app\repositories\oauth_state_repository.py:42:52
   |
40 |         if isinstance(exp_time, datetime):
41 |             if exp_time.tzinfo is None:
42 |                 exp_time = exp_time.replace(tzinfo=timezone.utc)
   |                                                    ^^^^^^^^^^^^
43 |             is_expired = datetime.now(timezone.utc) > exp_time
   |
help: Convert to `datetime.UTC` alias

UP017 [*] Use `datetime.UTC` alias
  --> app\repositories\oauth_state_repository.py:43:39
   |
41 |             if exp_time.tzinfo is None:
42 |                 exp_time = exp_time.replace(tzinfo=timezone.utc)
43 |             is_expired = datetime.now(timezone.utc) > exp_time
   |                                       ^^^^^^^^^^^^
44 |         
45 |         # Invalidate state securely to prevent replay attacks (Single-use property)
   |
help: Convert to `datetime.UTC` alias

I001 [*] Import block is un-sorted or un-formatted
 --> app\repositories\reminder_repository.py:1:1
  |
1 | / from sqlalchemy import select
2 | | from sqlalchemy.ext.asyncio import AsyncSession
3 | | from app.db.models.reminder import Reminder
  | |___________________________________________^
4 |
5 |   class ReminderRepository:
  |
help: Organize imports

E501 Line too long (91 > 88)
  --> app\repositories\reminder_repository.py:17:89
   |
15 |     async def get_by_id(self, reminder_id: int, user_id: int) -> Reminder | None:
16 |         result = await self.session.execute(
17 |             select(Reminder).where(Reminder.id == reminder_id, Reminder.user_id == user_id)
   |                                                                                         ^^^
18 |         )
19 |         return result.scalar_one_or_none()
   |

E501 Line too long (102 > 88)
  --> app\repositories\reminder_repository.py:23:89
   |
21 |     async def list_by_user(self, user_id: int) -> list[Reminder]:
22 |         result = await self.session.execute(
23 |             select(Reminder).where(Reminder.user_id == user_id).order_by(Reminder.reminder_time.asc())
   |                                                                                         ^^^^^^^^^^^^^^
24 |         )
25 |         return list(result.scalars().all())
   |

I001 [*] Import block is un-sorted or un-formatted
 --> app\repositories\task_repository.py:1:1
  |
1 | / from sqlalchemy import select
2 | | from sqlalchemy.ext.asyncio import AsyncSession
3 | | from app.db.models.task import Task
  | |___________________________________^
4 |
5 |   class TaskRepository:
  |
help: Organize imports

E501 Line too long (120 > 88)
  --> app\repositories\task_repository.py:23:89
   |
21 |     async def list_by_user(self, user_id: int) -> list[Task]:
22 |         result = await self.session.execute(
23 |             select(Task).where(Task.user_id == user_id).order_by(Task.due_date.asc().nulls_last(), Task.priority.desc())
   |                                                                                         ^^^^^^^^^^^^^^^^^^^^^^^^^^^^^^^^
24 |         )
25 |         return list(result.scalars().all())
   |

I001 [*] Import block is un-sorted or un-formatted
  --> app\routers\__init__.py:1:1
   |
 1 | / from app.routers.auth import router as auth_router
 2 | | from app.routers.health import router as health_router
 3 | | from app.routers.users import router as users_router
 4 | | from .auth import router as auth_router
 5 | | from .conversation import router as conversation_router
 6 | | from .users import router as users_router
 7 | | from app.routers.document import router as document_router
 8 | | from .skills import router as skills_router
   | |___________________________________________^
 9 |
10 |   __all__ = [
   |
help: Organize imports

F811 Redefinition of unused `auth_router` from line 1
 --> app\routers\__init__.py:1:40
  |
1 | from app.routers.auth import router as auth_router
  |                                        ----------- previous definition of `auth_router` here
2 | from app.routers.health import router as health_router
3 | from app.routers.users import router as users_router
4 | from .auth import router as auth_router
  |                             ^^^^^^^^^^^ `auth_router` redefined here
5 | from .conversation import router as conversation_router
6 | from .users import router as users_router
  |
help: Remove definition: `auth_router`

F811 Redefinition of unused `users_router` from line 3
 --> app\routers\__init__.py:3:41
  |
1 | from app.routers.auth import router as auth_router
2 | from app.routers.health import router as health_router
3 | from app.routers.users import router as users_router
  |                                         ------------ previous definition of `users_router` here
4 | from .auth import router as auth_router
5 | from .conversation import router as conversation_router
6 | from .users import router as users_router
  |                              ^^^^^^^^^^^^ `users_router` redefined here
7 | from app.routers.document import router as document_router
8 | from .skills import router as skills_router
  |
help: Remove definition: `users_router`

I001 [*] Import block is un-sorted or un-formatted
  --> app\routers\auth.py:1:1
   |
 1 | / from fastapi import APIRouter, Depends, HTTPException, status, Request
 2 | | from fastapi.security import OAuth2PasswordRequestForm
 3 | |
 4 | | from app.core.exceptions import (
 5 | |     InvalidCredentialsException,
 6 | |     UserAlreadyExistsException,
 7 | | )
 8 | | from app.dependencies import get_auth_service
 9 | | from app.schemas.user import (
10 | |     TokenResponse,
11 | |     UserCreate,
12 | |     UserResponse,
13 | | )
14 | | from app.services.auth_service import AuthService
15 | | from fastapi.responses import RedirectResponse, Response
16 | | from sqlalchemy.ext.asyncio import AsyncSession
17 | | from app.dependencies import get_db, get_current_user
18 | | from app.integrations.google.auth import GoogleAuthService
19 | | from app.repositories.oauth_repository import OAuthRepository
20 | | from app.repositories.user_repository import UserRepository
21 | | from app.utils.security import hash_password
22 | | from app.utils.jwt import create_access_token
23 | | from app.db.models.user import User
24 | | import secrets
25 | | from typing import Dict
   | |_______________________^
26 |
27 |   # In-memory store for transferring volatile OAuth frontend ports across the redirect sequence
   |
help: Organize imports

UP035 `typing.Dict` is deprecated, use `dict` instead
  --> app\routers\auth.py:25:1
   |
23 | from app.db.models.user import User
24 | import secrets
25 | from typing import Dict
   | ^^^^^^^^^^^^^^^^^^^^^^^
26 |
27 | # In-memory store for transferring volatile OAuth frontend ports across the redirect sequence
   |

E501 Line too long (93 > 88)
  --> app\routers\auth.py:27:89
   |
25 | from typing import Dict
26 |
27 | # In-memory store for transferring volatile OAuth frontend ports across the redirect sequence
   |                                                                                         ^^^^^
28 | OAUTH_METADATA: Dict[str, str] = {}
   |

UP006 [*] Use `dict` instead of `Dict` for type annotation
  --> app\routers\auth.py:28:17
   |
27 | # In-memory store for transferring volatile OAuth frontend ports across the redirect sequence
28 | OAUTH_METADATA: Dict[str, str] = {}
   |                 ^^^^
   |
help: Replace with `dict`

B008 Do not perform function call `Depends` in argument defaults; instead, perform the call within the function, or read the default from a module-level singleton variable
  --> app\routers\auth.py:44:28
   |
42 | async def register(
43 |     user: UserCreate,
44 |     service: AuthService = Depends(get_auth_service),
   |                            ^^^^^^^^^^^^^^^^^^^^^^^^^
45 | ):
46 |     try:
   |

B904 Within an `except` clause, raise exceptions with `raise ... from err` or `raise ... from None` to distinguish them from errors in exception handling
  --> app\routers\auth.py:51:9
   |
50 |       except UserAlreadyExistsException as e:
51 | /         raise HTTPException(
52 | |             status_code=status.HTTP_409_CONFLICT,
53 | |             detail=str(e),
54 | |         )
   | |_________^
55 |
56 |   @router.post(
   |

B008 Do not perform function call `Depends` in argument defaults; instead, perform the call within the function, or read the default from a module-level singleton variable
  --> app\routers\auth.py:61:44
   |
59 | )
60 | async def login(
61 |     form_data: OAuth2PasswordRequestForm = Depends(),
   |                                            ^^^^^^^^^
62 |     service: AuthService = Depends(get_auth_service),
63 | ):
   |

B008 Do not perform function call `Depends` in argument defaults; instead, perform the call within the function, or read the default from a module-level singleton variable
  --> app\routers\auth.py:62:28
   |
60 | async def login(
61 |     form_data: OAuth2PasswordRequestForm = Depends(),
62 |     service: AuthService = Depends(get_auth_service),
   |                            ^^^^^^^^^^^^^^^^^^^^^^^^^
63 | ):
64 |     try:
   |

B904 Within an `except` clause, raise exceptions with `raise ... from err` or `raise ... from None` to distinguish them from errors in exception handling
  --> app\routers\auth.py:75:9
   |
74 |       except InvalidCredentialsException as e:
75 | /         raise HTTPException(
76 | |             status_code=status.HTTP_401_UNAUTHORIZED,
77 | |             detail=str(e),
78 | |         )
   | |_________^
79 |
80 |   @router.get("/google/login")
   |

B008 Do not perform function call `Depends` in argument defaults; instead, perform the call within the function, or read the default from a module-level singleton variable
  --> app\routers\auth.py:82:24
   |
80 | @router.get("/google/login")
81 | async def google_login(
82 |     db: AsyncSession = Depends(get_db),
   |                        ^^^^^^^^^^^^^^^
83 |     user=Depends(get_current_user),
84 | ):
   |

B008 Do not perform function call `Depends` in argument defaults; instead, perform the call within the function, or read the default from a module-level singleton variable
  --> app\routers\auth.py:83:10
   |
81 | async def google_login(
82 |     db: AsyncSession = Depends(get_db),
83 |     user=Depends(get_current_user),
   |          ^^^^^^^^^^^^^^^^^^^^^^^^^
84 | ):
85 |     try:
   |

B904 Within an `except` clause, raise exceptions with `raise ... from err` or `raise ... from None` to distinguish them from errors in exception handling
   --> app\routers\auth.py:95:9
    |
 93 |           return {"authorization_url": url}
 94 |       except Exception as e:
 95 | /         raise HTTPException(
 96 | |             status_code=status.HTTP_500_INTERNAL_SERVER_ERROR,
 97 | |             detail=str(e),
 98 | |         )
    | |_________^
 99 |
100 |   @router.get("/google/callback")
    |

B008 Do not perform function call `Depends` in argument defaults; instead, perform the call within the function, or read the default from a module-level singleton variable
   --> app\routers\auth.py:104:24
    |
102 |     code: str,
103 |     state: str,
104 |     db: AsyncSession = Depends(get_db),
    |                        ^^^^^^^^^^^^^^^
105 | ):
106 |     """Account linking callback â€” links Google to an existing logged-in user."""
    |

B904 Within an `except` clause, raise exceptions with `raise ... from err` or `raise ... from None` to distinguish them from errors in exception handling
   --> app\routers\auth.py:120:9
    |
118 |           return {"message": "Google account linked successfully."}
119 |       except ValueError as val_e:
120 | /         raise HTTPException(
121 | |             status_code=status.HTTP_400_BAD_REQUEST,
122 | |             detail=str(val_e),
123 | |         )
    | |_________^
124 |       except Exception as e:
125 |           raise HTTPException(
    |

B904 Within an `except` clause, raise exceptions with `raise ... from err` or `raise ... from None` to distinguish them from errors in exception handling
   --> app\routers\auth.py:125:9
    |
123 |           )
124 |       except Exception as e:
125 | /         raise HTTPException(
126 | |             status_code=status.HTTP_400_BAD_REQUEST,
127 | |             detail=str(e),
128 | |         )
    | |_________^
    |

B008 Do not perform function call `Depends` in argument defaults; instead, perform the call within the function, or read the default from a module-level singleton variable
   --> app\routers\auth.py:135:24
    |
133 |     response: Response,
134 |     frontend_url: str = "http://localhost:8080",
135 |     db: AsyncSession = Depends(get_db),
    |                        ^^^^^^^^^^^^^^^
136 | ):
137 |     """
    |

B904 Within an `except` clause, raise exceptions with `raise ... from err` or `raise ... from None` to distinguish them from errors in exception handling
   --> app\routers\auth.py:157:9
    |
155 |           return {"authorization_url": url}
156 |       except Exception as e:
157 | /         raise HTTPException(
158 | |             status_code=status.HTTP_500_INTERNAL_SERVER_ERROR,
159 | |             detail=str(e),
160 | |         )
    | |_________^
    |

B008 Do not perform function call `Depends` in argument defaults; instead, perform the call within the function, or read the default from a module-level singleton variable
   --> app\routers\auth.py:168:24
    |
166 |     code: str,
167 |     state: str,
168 |     db: AsyncSession = Depends(get_db),
    |                        ^^^^^^^^^^^^^^^
169 | ):
170 |     """
    |

I001 [*] Import block is un-sorted or un-formatted
   --> app\routers\auth.py:176:9
    |
174 |       """
175 |       try:
176 | /         from app.repositories.oauth_state_repository import OAuthStateRepository
177 | |         import httpx
    | |____________________^
178 |
179 |           state_repo = OAuthStateRepository(db)
    |
help: Organize imports

B904 Within an `except` clause, raise exceptions with `raise ... from err` or `raise ... from None` to distinguish them from errors in exception handling
   --> app\routers\auth.py:240:9
    |
239 |     except ValueError as val_e:
240 |         raise HTTPException(status_code=status.HTTP_400_BAD_REQUEST, detail=str(val_e))
    |         ^^^^^^^^^^^^^^^^^^^^^^^^^^^^^^^^^^^^^^^^^^^^^^^^^^^^^^^^^^^^^^^^^^^^^^^^^^^^^^^
241 |     except Exception as e:
242 |         raise HTTPException(status_code=status.HTTP_400_BAD_REQUEST, detail=str(e))
    |

B904 Within an `except` clause, raise exceptions with `raise ... from err` or `raise ... from None` to distinguish them from errors in exception handling
   --> app\routers\auth.py:242:9
    |
240 |         raise HTTPException(status_code=status.HTTP_400_BAD_REQUEST, detail=str(val_e))
241 |     except Exception as e:
242 |         raise HTTPException(status_code=status.HTTP_400_BAD_REQUEST, detail=str(e))
    |         ^^^^^^^^^^^^^^^^^^^^^^^^^^^^^^^^^^^^^^^^^^^^^^^^^^^^^^^^^^^^^^^^^^^^^^^^^^^
    |

I001 [*] Import block is un-sorted or un-formatted
  --> app\routers\chat.py:1:1
   |
 1 | / from fastapi import APIRouter, Depends, Request
 2 | | from fastapi.responses import StreamingResponse
 3 | | from app.dependencies import (
 4 | |     get_ai_service,
 5 | |     get_current_user,
 6 | | )
 7 | | from app.schemas.chat import ChatRequest, ChatResponse
 8 | | from app.services.ai.ai_service import AIService
   | |________________________________________________^
 9 |
10 |   router = APIRouter(
   |
help: Organize imports

B008 Do not perform function call `Depends` in argument defaults; instead, perform the call within the function, or read the default from a module-level singleton variable
  --> app\routers\chat.py:23:18
   |
21 |     request: ChatRequest,
22 |     fastapi_req: Request,
23 |     current_user=Depends(get_current_user),
   |                  ^^^^^^^^^^^^^^^^^^^^^^^^^
24 |     service: AIService = Depends(get_ai_service),
25 | ):
   |

B008 Do not perform function call `Depends` in argument defaults; instead, perform the call within the function, or read the default from a module-level singleton variable
  --> app\routers\chat.py:24:26
   |
22 |     fastapi_req: Request,
23 |     current_user=Depends(get_current_user),
24 |     service: AIService = Depends(get_ai_service),
   |                          ^^^^^^^^^^^^^^^^^^^^^^^
25 | ):
26 |     lat = fastapi_req.headers.get('X-User-Lat')
   |

B008 Do not perform function call `Depends` in argument defaults; instead, perform the call within the function, or read the default from a module-level singleton variable
  --> app\routers\chat.py:55:18
   |
53 |     request: ChatRequest,
54 |     fastapi_req: Request,
55 |     current_user=Depends(get_current_user),
   |                  ^^^^^^^^^^^^^^^^^^^^^^^^^
56 |     service: AIService = Depends(get_ai_service),
57 | ):
   |

B008 Do not perform function call `Depends` in argument defaults; instead, perform the call within the function, or read the default from a module-level singleton variable
  --> app\routers\chat.py:56:26
   |
54 |     fastapi_req: Request,
55 |     current_user=Depends(get_current_user),
56 |     service: AIService = Depends(get_ai_service),
   |                          ^^^^^^^^^^^^^^^^^^^^^^^
57 | ):
58 |     from app.security.injection_scanner import InjectionScanner
   |

I001 [*] Import block is un-sorted or un-formatted
  --> app\routers\chat.py:58:5
   |
56 |       service: AIService = Depends(get_ai_service),
57 |   ):
58 | /     from app.security.injection_scanner import InjectionScanner
59 | |     from fastapi import HTTPException
   | |_____________________________________^
60 |       
61 |       scan_res = InjectionScanner().scan(request.message)
   |
help: Organize imports

E501 Line too long (95 > 88)
  --> app\routers\chat.py:63:89
   |
61 |     scan_res = InjectionScanner().scan(request.message)
62 |     if not scan_res["is_clean"]:
63 |         raise HTTPException(status_code=400, detail=f"Prompt rejected: {scan_res['findings']}")
   |                                                                                         ^^^^^^^
64 |         
65 |     lat = fastapi_req.headers.get('X-User-Lat')
   |

B008 Do not perform function call `Depends` in argument defaults; instead, perform the call within the function, or read the default from a module-level singleton variable
  --> app\routers\conversation.py:28:26
   |
26 | async def create_conversation(
27 |     data: ConversationCreate,
28 |     current_user: User = Depends(get_current_user),
   |                          ^^^^^^^^^^^^^^^^^^^^^^^^^
29 |     service: ConversationService = Depends(
30 |         get_conversation_service,
   |

B008 Do not perform function call `Depends` in argument defaults; instead, perform the call within the function, or read the default from a module-level singleton variable
  --> app\routers\conversation.py:29:36
   |
27 |       data: ConversationCreate,
28 |       current_user: User = Depends(get_current_user),
29 |       service: ConversationService = Depends(
   |  ____________________________________^
30 | |         get_conversation_service,
31 | |     ),
   | |_____^
32 |   ):
33 |       return await service.create(
   |

B008 Do not perform function call `Depends` in argument defaults; instead, perform the call within the function, or read the default from a module-level singleton variable
  --> app\routers\conversation.py:44:26
   |
42 | )
43 | async def list_conversations(
44 |     current_user: User = Depends(get_current_user),
   |                          ^^^^^^^^^^^^^^^^^^^^^^^^^
45 |     service: ConversationService = Depends(
46 |         get_conversation_service,
   |

B008 Do not perform function call `Depends` in argument defaults; instead, perform the call within the function, or read the default from a module-level singleton variable
  --> app\routers\conversation.py:45:36
   |
43 |   async def list_conversations(
44 |       current_user: User = Depends(get_current_user),
45 |       service: ConversationService = Depends(
   |  ____________________________________^
46 | |         get_conversation_service,
47 | |     ),
   | |_____^
48 |   ):
49 |       return await service.list_by_user(
   |

B008 Do not perform function call `Depends` in argument defaults; instead, perform the call within the function, or read the default from a module-level singleton variable
  --> app\routers\conversation.py:60:26
   |
58 | async def get_conversation(
59 |     conversation_id: int,
60 |     current_user: User = Depends(get_current_user),
   |                          ^^^^^^^^^^^^^^^^^^^^^^^^^
61 |     service: ConversationService = Depends(
62 |         get_conversation_service,
   |

B008 Do not perform function call `Depends` in argument defaults; instead, perform the call within the function, or read the default from a module-level singleton variable
  --> app\routers\conversation.py:61:36
   |
59 |       conversation_id: int,
60 |       current_user: User = Depends(get_current_user),
61 |       service: ConversationService = Depends(
   |  ____________________________________^
62 | |         get_conversation_service,
63 | |     ),
   | |_____^
64 |   ):
65 |       return await service.get_by_id(
   |

B008 Do not perform function call `Depends` in argument defaults; instead, perform the call within the function, or read the default from a module-level singleton variable
  --> app\routers\conversation.py:78:26
   |
76 |     conversation_id: int,
77 |     data: ConversationUpdate,
78 |     current_user: User = Depends(get_current_user),
   |                          ^^^^^^^^^^^^^^^^^^^^^^^^^
79 |     service: ConversationService = Depends(
80 |         get_conversation_service,
   |

B008 Do not perform function call `Depends` in argument defaults; instead, perform the call within the function, or read the default from a module-level singleton variable
  --> app\routers\conversation.py:79:36
   |
77 |       data: ConversationUpdate,
78 |       current_user: User = Depends(get_current_user),
79 |       service: ConversationService = Depends(
   |  ____________________________________^
80 | |         get_conversation_service,
81 | |     ),
   | |_____^
82 |   ):
83 |       return await service.update(
   |

B008 Do not perform function call `Depends` in argument defaults; instead, perform the call within the function, or read the default from a module-level singleton variable
  --> app\routers\conversation.py:96:26
   |
94 | async def delete_conversation(
95 |     conversation_id: int,
96 |     current_user: User = Depends(get_current_user),
   |                          ^^^^^^^^^^^^^^^^^^^^^^^^^
97 |     service: ConversationService = Depends(
98 |         get_conversation_service,
   |

B008 Do not perform function call `Depends` in argument defaults; instead, perform the call within the function, or read the default from a module-level singleton variable
   --> app\routers\conversation.py:97:36
    |
 95 |       conversation_id: int,
 96 |       current_user: User = Depends(get_current_user),
 97 |       service: ConversationService = Depends(
    |  ____________________________________^
 98 | |         get_conversation_service,
 99 | |     ),
    | |_____^
100 |   ):
101 |       await service.delete(
    |

I001 [*] Import block is un-sorted or un-formatted
  --> app\routers\dashboard.py:1:1
   |
 1 | / from fastapi import APIRouter, Request, HTTPException
 2 | | from typing import Dict, Any
 3 | | import httpx
 4 | | import asyncio
 5 | | import datetime
 6 | | import json
 7 | | from app.dependencies import get_provider_router, get_current_user, get_db
 8 | | from sqlalchemy.ext.asyncio import AsyncSession
 9 | | from fastapi import Depends
   | |___________________________^
10 |   router = APIRouter(prefix="/dashboard", tags=["Dashboard"])
   |
help: Organize imports

F401 [*] `fastapi.HTTPException` imported but unused
 --> app\routers\dashboard.py:1:41
  |
1 | from fastapi import APIRouter, Request, HTTPException
  |                                         ^^^^^^^^^^^^^
2 | from typing import Dict, Any
3 | import httpx
  |
help: Remove unused import: `fastapi.HTTPException`

UP035 `typing.Dict` is deprecated, use `dict` instead
 --> app\routers\dashboard.py:2:1
  |
1 | from fastapi import APIRouter, Request, HTTPException
2 | from typing import Dict, Any
  | ^^^^^^^^^^^^^^^^^^^^^^^^^^^^
3 | import httpx
4 | import asyncio
  |

UP006 [*] Use `dict` instead of `Dict` for type annotation
  --> app\routers\dashboard.py:31:72
   |
29 |     return budgets_info
30 |
31 | async def fetch_weather(lat: str = "28.6139", lon: str = "77.2090") -> Dict[str, Any]:
   |                                                                        ^^^^
32 |     try:
33 |         # Open-Meteo for real weather + daily forecast
   |
help: Replace with `dict`

UP006 [*] Use `dict` instead of `Dict` for type annotation
  --> app\routers\dashboard.py:60:27
   |
58 |     return {"title": "31.8Â°C", "subtitle": "Live Location Context", "forecast": []}
59 |
60 | async def fetch_news() -> Dict[str, str]:
   |                           ^^^^
61 |     return {"title": "Tech Innovations Surge", "subtitle": "Major technological breakthroughs in the region"}
   |
help: Replace with `dict`

E501 Line too long (109 > 88)
  --> app\routers\dashboard.py:61:89
   |
60 | async def fetch_news() -> Dict[str, str]:
61 |     return {"title": "Tech Innovations Surge", "subtitle": "Major technological breakthroughs in the region"}
   |                                                                                         ^^^^^^^^^^^^^^^^^^^^^
62 |
63 | async def _generate_calendar_grid(user_id: int, db: AsyncSession):
   |

I001 [*] Import block is un-sorted or un-formatted
  --> app\routers\dashboard.py:70:9
   |
69 |       try:
70 | /         from app.repositories.oauth_repository import OAuthRepository
71 | |         from app.integrations.google.auth import GoogleAuthService
72 | |         from app.integrations.google.calendar import GoogleCalendarService
   | |__________________________________________________________________________^
73 |           repo = OAuthRepository(db)
74 |           auth = GoogleAuthService(repo)
   |
help: Organize imports

E501 Line too long (95 > 88)
  --> app\routers\dashboard.py:79:89
   |
77 |         events = await cal.get_upcoming_events(user_id, max_results=30)
78 |         for evt in events:
79 |             start_dt = evt.get('start', {}).get('dateTime') or evt.get('start', {}).get('date')
   |                                                                                         ^^^^^^^
80 |             if start_dt:
81 |                 dt = datetime.datetime.fromisoformat(start_dt.replace("Z", "+00:00"))
   |

E501 Line too long (101 > 88)
  --> app\routers\dashboard.py:85:89
   |
83 |                     events_set.add(dt.day)
84 |                     if dt.day == today:
85 |                         today_events_titles.append(f"{evt.get('summary')} at {dt.strftime('%H:%M')}")
   |                                                                                         ^^^^^^^^^^^^^
86 |     except Exception:
87 |         pass # Silently fallback to an empty grid if user has no Google Account OAuth explicitly granted
   |

E501 Line too long (104 > 88)
  --> app\routers\dashboard.py:87:89
   |
85 |                         today_events_titles.append(f"{evt.get('summary')} at {dt.strftime('%H:%M')}")
86 |     except Exception:
87 |         pass # Silently fallback to an empty grid if user has no Google Account OAuth explicitly granted
   |                                                                                         ^^^^^^^^^^^^^^^^
88 |         
89 |     for i in range(-2, 33):
   |

E501 Line too long (123 > 88)
   --> app\routers\dashboard.py:98:89
    |
 96 |         from app.integrations.search.tavily import TavilySearchProvider
 97 |         tavily = TavilySearchProvider()
 98 |         res = await tavily.search("latest essential top breaking news headlines india tech business sports", max_results=6)
    |                                                                                         ^^^^^^^^^^^^^^^^^^^^^^^^^^^^^^^^^^^
 99 |         return str(res)
100 |     except Exception:
    |

E501 Line too long (124 > 88)
   --> app\routers\dashboard.py:101:89
    |
 99 |         return str(res)
100 |     except Exception:
101 |         return "Tavily search unavailable. Generate broadly plausible breaking news based on implicit parametric knowledge."
    |                                                                                         ^^^^^^^^^^^^^^^^^^^^^^^^^^^^^^^^^^^^
102 |
103 | async def _generate_ai_dashboard_payload(weather_data: dict, today_events_titles: list, lat: str, lon: str):
    |

E501 Line too long (108 > 88)
   --> app\routers\dashboard.py:103:89
    |
101 |         return "Tavily search unavailable. Generate broadly plausible breaking news based on implicit parametric knowledge."
102 |
103 | async def _generate_ai_dashboard_payload(weather_data: dict, today_events_titles: list, lat: str, lon: str):
    |                                                                                         ^^^^^^^^^^^^^^^^^^^^
104 |     router = get_provider_router()
105 |     news_context = await fetch_real_time_news()
    |

E501 Line too long (105 > 88)
   --> app\routers\dashboard.py:109:89
    |
108 |     prompt = f"""
109 |     You are an expert AI dashboard curator. Based on this live context, generate exactly one JSON object.
    |                                                                                         ^^^^^^^^^^^^^^^^^
110 |     
111 |     Current Date: {today_dt}
    |

E501 Line too long (102 > 88)
   --> app\routers\dashboard.py:114:89
    |
112 |     User Coordinates (Lat, Lon): {lat}, {lon}
113 |     Weather: {weather_data.get('title')} {weather_data.get('subtitle')}
114 |     Calendar Events Today: {today_events_titles if today_events_titles else 'None explicitly defined'}
    |                                                                                         ^^^^^^^^^^^^^^
115 |     Raw News Search Context: {news_context}
    |

E501 Line too long (97 > 88)
   --> app\routers\dashboard.py:119:89
    |
117 |     The JSON MUST have:
118 |     1. "weather_summary": A professional summary (roughly 2-3 lines, max 25 words).
119 |     2. "calendar_summary": An insight about the schedule today (roughly 2-3 lines, max 25 words).
    |                                                                                         ^^^^^^^^^
120 |     3. "news_articles": An array of objects matching EXACTLY this structure:
121 |        [ {{"domain": "tech", "title": "Headline", "summary": "â€¢ First bullet roughly 2 lines max 25 words\\nâ€¢ Second bullet roughly 2â€¦
    |

E501 Line too long (162 > 88)
   --> app\routers\dashboard.py:121:89
    |
119 | â€¦day (roughly 2-3 lines, max 25 words).
120 | â€¦Y this structure:
121 | â€¦: "â€¢ First bullet roughly 2 lines max 25 words\\nâ€¢ Second bullet roughly 2 lines max 25 words"}}, ... ]
    |                               ^^^^^^^^^^^^^^^^^^^^^^^^^^^^^^^^^^^^^^^^^^^^^^^^^^^^^^^^^^^^^^^^^^^^^^^^^^
122 | â€¦business", "foreign", "sports". EXACTLY 2 bullet points for the summary string.
123 | â€¦ or real-time insights/plausible generation for India/Global if context is missing or vague.
    |

E501 Line too long (138 > 88)
   --> app\routers\dashboard.py:122:89
    |
120 | â€¦ching EXACTLY this structure:
121 | â€¦", "summary": "â€¢ First bullet roughly 2 lines max 25 words\\nâ€¢ Second bullet roughly 2 lines max 25 words"}}, ... ]
122 | â€¦", "tech", "business", "foreign", "sports". EXACTLY 2 bullet points for the summary string.
    |                                           ^^^^^^^^^^^^^^^^^^^^^^^^^^^^^^^^^^^^^^^^^^^^^^^^^^
123 | â€¦ext provided or real-time insights/plausible generation for India/Global if context is missing or vague.
    |

E501 Line too long (151 > 88)
   --> app\routers\dashboard.py:123:89
    |
121 | â€¦mary": "â€¢ First bullet roughly 2 lines max 25 words\\nâ€¢ Second bullet roughly 2 lines max 25 words"}}, ... ]
122 | â€¦h", "business", "foreign", "sports". EXACTLY 2 bullet points for the summary string.
123 | â€¦vided or real-time insights/plausible generation for India/Global if context is missing or vague.
    |                                    ^^^^^^^^^^^^^^^^^^^^^^^^^^^^^^^^^^^^^^^^^^^^^^^^^^^^^^^^^^^^^^^
124 | â€¦
125 | â€¦ng with }}. Do not wrap in markdown ``` codeblocks.
    |

E501 Line too long (105 > 88)
   --> app\routers\dashboard.py:125:89
    |
123 |        Format the news based on the search context provided or real-time insights/plausible generation for India/Global if context isâ€¦
124 |        
125 |     Output strictly raw JSON starting with {{ and ending with }}. Do not wrap in markdown ``` codeblocks.
    |                                                                                         ^^^^^^^^^^^^^^^^^
126 |     """
    |

E501 Line too long (119 > 88)
   --> app\routers\dashboard.py:129:89
    |
128 |     try:
129 |         response = await router._execute_with_router("chat", [{"role": "user", "content": prompt}], intent="dashboard")
    |                                                                                         ^^^^^^^^^^^^^^^^^^^^^^^^^^^^^^^
130 |         
131 |         # Accommodate object response from Gemini native providers lacking a raw strip()
    |

E501 Line too long (154 > 88)
   --> app\routers\dashboard.py:149:89
    |
147 | â€¦ively light today.",
148 | â€¦
149 | â€¦rd Finalized", "summary": "â€¢ Pre-launch integrations finalized.\nâ€¢ Payload launching next month."},
    |                                   ^^^^^^^^^^^^^^^^^^^^^^^^^^^^^^^^^^^^^^^^^^^^^^^^^^^^^^^^^^^^^^^^^^
150 | â€¦nfrastructure", "summary": "â€¢ Government allocates resources for GPU clusters.\nâ€¢ Startups receive subsidies."},
151 | â€¦s Rally", "summary": "â€¢ IT sectors lead breakaway.\nâ€¢ Institutions increase holdings."},
    |

E501 Line too long (167 > 88)
   --> app\routers\dashboard.py:150:89
    |
148 | â€¦
149 | â€¦lized", "summary": "â€¢ Pre-launch integrations finalized.\nâ€¢ Payload launching next month."},
150 | â€¦ucture", "summary": "â€¢ Government allocates resources for GPU clusters.\nâ€¢ Startups receive subsidies."},
    |                            ^^^^^^^^^^^^^^^^^^^^^^^^^^^^^^^^^^^^^^^^^^^^^^^^^^^^^^^^^^^^^^^^^^^^^^^^^^^^^^^
151 | â€¦", "summary": "â€¢ IT sectors lead breakaway.\nâ€¢ Institutions increase holdings."},
152 | â€¦"summary": "â€¢ New regulations passed.\nâ€¢ Compliance standards updated."},
    |

E501 Line too long (143 > 88)
   --> app\routers\dashboard.py:151:89
    |
149 | â€¦ Accord Finalized", "summary": "â€¢ Pre-launch integrations finalized.\nâ€¢ Payload launching next month."},
150 | â€¦ AI Infrastructure", "summary": "â€¢ Government allocates resources for GPU clusters.\nâ€¢ Startups receive subsidies."},
151 | â€¦arkets Rally", "summary": "â€¢ IT sectors lead breakaway.\nâ€¢ Institutions increase holdings."},
    |                                        ^^^^^^^^^^^^^^^^^^^^^^^^^^^^^^^^^^^^^^^^^^^^^^^^^^^^^^^
152 | â€¦ Policies", "summary": "â€¢ New regulations passed.\nâ€¢ Compliance standards updated."},
153 | â€¦ad Secures Finish", "summary": "â€¢ Top order chases down limit.\nâ€¢ Key players rotated."}
    |

E501 Line too long (135 > 88)
   --> app\routers\dashboard.py:152:89
    |
150 | â€¦ndia AI Infrastructure", "summary": "â€¢ Government allocates resources for GPU clusters.\nâ€¢ Startups receive subsidies."},
151 | â€¦: "Markets Rally", "summary": "â€¢ IT sectors lead breakaway.\nâ€¢ Institutions increase holdings."},
152 | â€¦ "EU Policies", "summary": "â€¢ New regulations passed.\nâ€¢ Compliance standards updated."},
    |                                            ^^^^^^^^^^^^^^^^^^^^^^^^^^^^^^^^^^^^^^^^^^^^^^^
153 | â€¦"Squad Secures Finish", "summary": "â€¢ Top order chases down limit.\nâ€¢ Key players rotated."}
154 | â€¦
    |

E501 Line too long (138 > 88)
   --> app\routers\dashboard.py:153:89
    |
151 | â€¦ "Markets Rally", "summary": "â€¢ IT sectors lead breakaway.\nâ€¢ Institutions increase holdings."},
152 | â€¦"EU Policies", "summary": "â€¢ New regulations passed.\nâ€¢ Compliance standards updated."},
153 | â€¦Squad Secures Finish", "summary": "â€¢ Top order chases down limit.\nâ€¢ Key players rotated."}
    |                                           ^^^^^^^^^^^^^^^^^^^^^^^^^^^^^^^^^^^^^^^^^^^^^^^^^^
154 | â€¦
155 | â€¦
    |

B008 Do not perform function call `Depends` in argument defaults; instead, perform the call within the function, or read the default from a module-level singleton variable
   --> app\routers\dashboard.py:160:12
    |
158 | async def get_dashboard_widgets(
159 |     request: Request,
160 |     user = Depends(get_current_user),
    |            ^^^^^^^^^^^^^^^^^^^^^^^^^
161 |     db: AsyncSession = Depends(get_db)
162 | ) -> Dict[str, Any]:
    |

B008 Do not perform function call `Depends` in argument defaults; instead, perform the call within the function, or read the default from a module-level singleton variable
   --> app\routers\dashboard.py:161:24
    |
159 |     request: Request,
160 |     user = Depends(get_current_user),
161 |     db: AsyncSession = Depends(get_db)
    |                        ^^^^^^^^^^^^^^^
162 | ) -> Dict[str, Any]:
163 |     lat = request.headers.get("X-User-Lat", "28.6139")
    |

UP006 [*] Use `dict` instead of `Dict` for type annotation
   --> app\routers\dashboard.py:162:6
    |
160 |     user = Depends(get_current_user),
161 |     db: AsyncSession = Depends(get_db)
162 | ) -> Dict[str, Any]:
    |      ^^^^
163 |     lat = request.headers.get("X-User-Lat", "28.6139")
164 |     lon = request.headers.get("X-User-Lon", "77.2090")
    |
help: Replace with `dict`

E501 Line too long (93 > 88)
   --> app\routers\dashboard.py:176:89
    |
175 |     # Build dynamic next_up string
176 |     next_up_str = today_events[0] if today_events else "No immediate events â€¢ Schedule Clear"
    |                                                                                         ^^^^^
177 |     
178 |     return {
    |

E501 Line too long (90 > 88)
   --> app\routers\dashboard.py:192:89
    |
190 |                 "title": calendar_title,
191 |                 "subtitle": next_up_str,
192 |                 "ai_summary": ai_data.get("calendar_summary", "Routine schedule loaded."),
    |                                                                                         ^^
193 |                 "current_day": today,
194 |                 "month_grid": calendar_grid
    |

I001 [*] Import block is un-sorted or un-formatted
 --> app\routers\debug.py:1:1
  |
1 | / from fastapi import APIRouter, Depends
2 | |
3 | | from app.dependencies import (
4 | |     get_current_user,
5 | |     get_retrieval_service,
6 | | )
7 | |
8 | | from app.services.retrieval.retrieval_service import RetrievalService
  | |_____________________________________________________________________^
  |
help: Organize imports

B008 Do not perform function call `Depends` in argument defaults; instead, perform the call within the function, or read the default from a module-level singleton variable
  --> app\routers\debug.py:30:18
   |
28 |       query: str,
29 |
30 |       current_user=Depends(
   |  __________________^
31 | |         get_current_user,
32 | |     ),
   | |_____^
33 |
34 |       retrieval: RetrievalService = Depends(
   |

B008 Do not perform function call `Depends` in argument defaults; instead, perform the call within the function, or read the default from a module-level singleton variable
  --> app\routers\debug.py:34:35
   |
32 |       ),
33 |
34 |       retrieval: RetrievalService = Depends(
   |  ___________________________________^
35 | |         get_retrieval_service,
36 | |     ),
   | |_____^
37 |
38 |   ):
   |

I001 [*] Import block is un-sorted or un-formatted
  --> app\routers\debug_router.py:1:1
   |
 1 | / from fastapi import APIRouter
 2 | | from fastapi import Depends
 3 | | from fastapi import Query
 4 | |
 5 | | from app.dependencies import get_current_user
 6 | | from app.dependencies import get_retrieval_service
 7 | | from app.schemas.debug import (
 8 | |     RetrievalDebugResponse,
 9 | |     RetrievalDebugResult,
10 | | )
11 | | from app.services.retrieval.retrieval_service import RetrievalService
   | |_____________________________________________________________________^
12 |
13 |   router = APIRouter(
   |
help: Organize imports

B008 Do not perform function call `Depends` in argument defaults; instead, perform the call within the function, or read the default from a module-level singleton variable
  --> app\routers\debug_router.py:41:18
   |
39 |           le=20,
40 |       ),
41 |       current_user=Depends(
   |  __________________^
42 | |         get_current_user,
43 | |     ),
   | |_____^
44 |       retrieval_service: RetrievalService = Depends(
45 |           get_retrieval_service,
   |

B008 Do not perform function call `Depends` in argument defaults; instead, perform the call within the function, or read the default from a module-level singleton variable
  --> app\routers\debug_router.py:44:43
   |
42 |           get_current_user,
43 |       ),
44 |       retrieval_service: RetrievalService = Depends(
   |  ___________________________________________^
45 | |         get_retrieval_service,
46 | |     ),
   | |_____^
47 |   ):
   |

I001 [*] Import block is un-sorted or un-formatted
 --> app\routers\devices.py:1:1
  |
1 | / from fastapi import APIRouter, Depends
2 | | from sqlalchemy.ext.asyncio import AsyncSession
3 | | from sqlalchemy import select
4 | | from app.dependencies import get_db, get_current_user
5 | | from app.db.models.user import User
6 | | from app.db.models.device import Device
7 | | from pydantic import BaseModel
  | |______________________________^
8 |
9 |   router = APIRouter(prefix="/devices", tags=["Devices"])
  |
help: Organize imports

B008 Do not perform function call `Depends` in argument defaults; instead, perform the call within the function, or read the default from a module-level singleton variable
  --> app\routers\devices.py:16:57
   |
15 | @router.post("/register")
16 | async def register(req: RegisterDeviceReq, user: User = Depends(get_current_user), db: AsyncSession = Depends(get_db)):
   |                                                         ^^^^^^^^^^^^^^^^^^^^^^^^^
17 |     result = await db.execute(select(Device).where(Device.device_token == req.device_token))
18 |     existing = result.scalar_one_or_none()
   |

E501 Line too long (119 > 88)
  --> app\routers\devices.py:16:89
   |
15 | @router.post("/register")
16 | async def register(req: RegisterDeviceReq, user: User = Depends(get_current_user), db: AsyncSession = Depends(get_db)):
   |                                                                                         ^^^^^^^^^^^^^^^^^^^^^^^^^^^^^^^
17 |     result = await db.execute(select(Device).where(Device.device_token == req.device_token))
18 |     existing = result.scalar_one_or_none()
   |

B008 Do not perform function call `Depends` in argument defaults; instead, perform the call within the function, or read the default from a module-level singleton variable
  --> app\routers\devices.py:16:103
   |
15 | @router.post("/register")
16 | async def register(req: RegisterDeviceReq, user: User = Depends(get_current_user), db: AsyncSession = Depends(get_db)):
   |                                                                                                       ^^^^^^^^^^^^^^^
17 |     result = await db.execute(select(Device).where(Device.device_token == req.device_token))
18 |     existing = result.scalar_one_or_none()
   |

E501 Line too long (92 > 88)
  --> app\routers\devices.py:17:89
   |
15 | @router.post("/register")
16 | async def register(req: RegisterDeviceReq, user: User = Depends(get_current_user), db: AsyncSession = Depends(get_db)):
17 |     result = await db.execute(select(Device).where(Device.device_token == req.device_token))
   |                                                                                         ^^^^
18 |     existing = result.scalar_one_or_none()
   |

E501 Line too long (98 > 88)
  --> app\routers\devices.py:24:89
   |
22 |         existing.active = True
23 |     else:
24 |         new_device = Device(user_id=user.id, platform=req.platform, device_token=req.device_token)
   |                                                                                         ^^^^^^^^^^
25 |         db.add(new_device)
   |

B008 Do not perform function call `Depends` in argument defaults; instead, perform the call within the function, or read the default from a module-level singleton variable
  --> app\routers\devices.py:31:59
   |
30 | @router.post("/unregister")
31 | async def unregister(req: RegisterDeviceReq, user: User = Depends(get_current_user), db: AsyncSession = Depends(get_db)):
   |                                                           ^^^^^^^^^^^^^^^^^^^^^^^^^
32 |     result = await db.execute(select(Device).where(Device.device_token == req.device_token, Device.user_id == user.id))
33 |     existing = result.scalar_one_or_none()
   |

E501 Line too long (121 > 88)
  --> app\routers\devices.py:31:89
   |
30 | @router.post("/unregister")
31 | async def unregister(req: RegisterDeviceReq, user: User = Depends(get_current_user), db: AsyncSession = Depends(get_db)):
   |                                                                                         ^^^^^^^^^^^^^^^^^^^^^^^^^^^^^^^^^
32 |     result = await db.execute(select(Device).where(Device.device_token == req.device_token, Device.user_id == user.id))
33 |     existing = result.scalar_one_or_none()
   |

B008 Do not perform function call `Depends` in argument defaults; instead, perform the call within the function, or read the default from a module-level singleton variable
  --> app\routers\devices.py:31:105
   |
30 | @router.post("/unregister")
31 | async def unregister(req: RegisterDeviceReq, user: User = Depends(get_current_user), db: AsyncSession = Depends(get_db)):
   |                                                                                                         ^^^^^^^^^^^^^^^
32 |     result = await db.execute(select(Device).where(Device.device_token == req.device_token, Device.user_id == user.id))
33 |     existing = result.scalar_one_or_none()
   |

E501 Line too long (119 > 88)
  --> app\routers\devices.py:32:89
   |
30 | @router.post("/unregister")
31 | async def unregister(req: RegisterDeviceReq, user: User = Depends(get_current_user), db: AsyncSession = Depends(get_db)):
32 |     result = await db.execute(select(Device).where(Device.device_token == req.device_token, Device.user_id == user.id))
   |                                                                                         ^^^^^^^^^^^^^^^^^^^^^^^^^^^^^^^
33 |     existing = result.scalar_one_or_none()
   |

I001 [*] Import block is un-sorted or un-formatted
  --> app\routers\document.py:1:1
   |
 1 | / from fastapi import (
 2 | |     APIRouter,
 3 | |     Depends,
 4 | |     File,
 5 | |     Form,
 6 | |     UploadFile,
 7 | |     status,
 8 | |     BackgroundTasks,
 9 | | )
10 | |
11 | | from app.db.models import User
12 | | from app.dependencies import (
13 | |     get_current_user,
14 | |     get_document_service,
15 | | )
16 | | from app.schemas.document import DocumentResponse
17 | | from app.services.document_service import DocumentService
   | |_________________________________________________________^
18 |
19 |   router = APIRouter(
   |
help: Organize imports

B008 Do not perform function call `File` in argument defaults; instead, perform the call within the function, or read the default from a module-level singleton variable
  --> app\routers\document.py:33:24
   |
31 |     background_tasks: BackgroundTasks,
32 |     title: str = Form(...),
33 |     file: UploadFile = File(...),
   |                        ^^^^^^^^^
34 |     current_user: User = Depends(get_current_user),
35 |     service: DocumentService = Depends(get_document_service),
   |

B008 Do not perform function call `Depends` in argument defaults; instead, perform the call within the function, or read the default from a module-level singleton variable
  --> app\routers\document.py:34:26
   |
32 |     title: str = Form(...),
33 |     file: UploadFile = File(...),
34 |     current_user: User = Depends(get_current_user),
   |                          ^^^^^^^^^^^^^^^^^^^^^^^^^
35 |     service: DocumentService = Depends(get_document_service),
36 | ):
   |

B008 Do not perform function call `Depends` in argument defaults; instead, perform the call within the function, or read the default from a module-level singleton variable
  --> app\routers\document.py:35:32
   |
33 |     file: UploadFile = File(...),
34 |     current_user: User = Depends(get_current_user),
35 |     service: DocumentService = Depends(get_document_service),
   |                                ^^^^^^^^^^^^^^^^^^^^^^^^^^^^^
36 | ):
   |

B008 Do not perform function call `Depends` in argument defaults; instead, perform the call within the function, or read the default from a module-level singleton variable
  --> app\routers\document.py:51:26
   |
49 | )
50 | async def list_documents(
51 |     current_user: User = Depends(get_current_user),
   |                          ^^^^^^^^^^^^^^^^^^^^^^^^^
52 |     service: DocumentService = Depends(get_document_service),
53 | ):
   |

B008 Do not perform function call `Depends` in argument defaults; instead, perform the call within the function, or read the default from a module-level singleton variable
  --> app\routers\document.py:52:32
   |
50 | async def list_documents(
51 |     current_user: User = Depends(get_current_user),
52 |     service: DocumentService = Depends(get_document_service),
   |                                ^^^^^^^^^^^^^^^^^^^^^^^^^^^^^
53 | ):
   |

B008 Do not perform function call `Depends` in argument defaults; instead, perform the call within the function, or read the default from a module-level singleton variable
  --> app\routers\document.py:66:26
   |
64 | async def get_document(
65 |     document_id: int,
66 |     current_user: User = Depends(get_current_user),
   |                          ^^^^^^^^^^^^^^^^^^^^^^^^^
67 |     service: DocumentService = Depends(get_document_service),
68 | ):
   |

B008 Do not perform function call `Depends` in argument defaults; instead, perform the call within the function, or read the default from a module-level singleton variable
  --> app\routers\document.py:67:32
   |
65 |     document_id: int,
66 |     current_user: User = Depends(get_current_user),
67 |     service: DocumentService = Depends(get_document_service),
   |                                ^^^^^^^^^^^^^^^^^^^^^^^^^^^^^
68 | ):
   |

B008 Do not perform function call `Depends` in argument defaults; instead, perform the call within the function, or read the default from a module-level singleton variable
  --> app\routers\document.py:82:26
   |
80 | async def delete_document(
81 |     document_id: int,
82 |     current_user: User = Depends(get_current_user),
   |                          ^^^^^^^^^^^^^^^^^^^^^^^^^
83 |     service: DocumentService = Depends(get_document_service),
84 | ):
   |

B008 Do not perform function call `Depends` in argument defaults; instead, perform the call within the function, or read the default from a module-level singleton variable
  --> app\routers\document.py:83:32
   |
81 |     document_id: int,
82 |     current_user: User = Depends(get_current_user),
83 |     service: DocumentService = Depends(get_document_service),
   |                                ^^^^^^^^^^^^^^^^^^^^^^^^^^^^^
84 | ):
   |

I001 [*] Import block is un-sorted or un-formatted
 --> app\routers\notes.py:1:1
  |
1 | / from typing import Any
2 | | from fastapi import APIRouter, Depends
3 | | from app.dependencies import get_current_user, get_note_service
4 | | from app.db.models.user import User
5 | | from app.services.notes.note_service import NoteService
6 | | from pydantic import BaseModel
  | |______________________________^
7 |
8 |   router = APIRouter(prefix="/notes", tags=["Notes"])
  |
help: Organize imports

F401 [*] `typing.Any` imported but unused
 --> app\routers\notes.py:1:20
  |
1 | from typing import Any
  |                    ^^^
2 | from fastapi import APIRouter, Depends
3 | from app.dependencies import get_current_user, get_note_service
  |
help: Remove unused import: `typing.Any`

B008 Do not perform function call `Depends` in argument defaults; instead, perform the call within the function, or read the default from a module-level singleton variable
  --> app\routers\notes.py:21:56
   |
20 | @router.post("")
21 | async def create_note(req: NoteCreateReq, user: User = Depends(get_current_user), service: NoteService = Depends(get_note_service)):
   |                                                        ^^^^^^^^^^^^^^^^^^^^^^^^^
22 |     return await service.create_note(user.id, req.title, req.content, req.folder, req.tags)
   |

E501 Line too long (132 > 88)
  --> app\routers\notes.py:21:89
   |
20 | @router.post("")
21 | async def create_note(req: NoteCreateReq, user: User = Depends(get_current_user), service: NoteService = Depends(get_note_service)):
   |                                                                                         ^^^^^^^^^^^^^^^^^^^^^^^^^^^^^^^^^^^^^^^^^^^^
22 |     return await service.create_note(user.id, req.title, req.content, req.folder, req.tags)
   |

B008 Do not perform function call `Depends` in argument defaults; instead, perform the call within the function, or read the default from a module-level singleton variable
  --> app\routers\notes.py:21:106
   |
20 | @router.post("")
21 | async def create_note(req: NoteCreateReq, user: User = Depends(get_current_user), service: NoteService = Depends(get_note_service)):
   |                                                                                                          ^^^^^^^^^^^^^^^^^^^^^^^^^
22 |     return await service.create_note(user.id, req.title, req.content, req.folder, req.tags)
   |

E501 Line too long (91 > 88)
  --> app\routers\notes.py:22:89
   |
20 | @router.post("")
21 | async def create_note(req: NoteCreateReq, user: User = Depends(get_current_user), service: NoteService = Depends(get_note_service)):
22 |     return await service.create_note(user.id, req.title, req.content, req.folder, req.tags)
   |                                                                                         ^^^
23 |
24 | @router.get("")
   |

B008 Do not perform function call `Depends` in argument defaults; instead, perform the call within the function, or read the default from a module-level singleton variable
  --> app\routers\notes.py:25:35
   |
24 | @router.get("")
25 | async def list_notes(user: User = Depends(get_current_user), service: NoteService = Depends(get_note_service)):
   |                                   ^^^^^^^^^^^^^^^^^^^^^^^^^
26 |     return await service.list_notes(user.id)
   |

B008 Do not perform function call `Depends` in argument defaults; instead, perform the call within the function, or read the default from a module-level singleton variable
  --> app\routers\notes.py:25:85
   |
24 | @router.get("")
25 | async def list_notes(user: User = Depends(get_current_user), service: NoteService = Depends(get_note_service)):
   |                                                                                     ^^^^^^^^^^^^^^^^^^^^^^^^^
26 |     return await service.list_notes(user.id)
   |

E501 Line too long (111 > 88)
  --> app\routers\notes.py:25:89
   |
24 | @router.get("")
25 | async def list_notes(user: User = Depends(get_current_user), service: NoteService = Depends(get_note_service)):
   |                                                                                         ^^^^^^^^^^^^^^^^^^^^^^^
26 |     return await service.list_notes(user.id)
   |

B008 Do not perform function call `Depends` in argument defaults; instead, perform the call within the function, or read the default from a module-level singleton variable
  --> app\routers\notes.py:29:47
   |
28 | @router.get("/{note_id}")
29 | async def get_note(note_id: int, user: User = Depends(get_current_user), service: NoteService = Depends(get_note_service)):
   |                                               ^^^^^^^^^^^^^^^^^^^^^^^^^
30 |     return await service.get_note(note_id, user.id)
   |

E501 Line too long (123 > 88)
  --> app\routers\notes.py:29:89
   |
28 | @router.get("/{note_id}")
29 | async def get_note(note_id: int, user: User = Depends(get_current_user), service: NoteService = Depends(get_note_service)):
   |                                                                                         ^^^^^^^^^^^^^^^^^^^^^^^^^^^^^^^^^^^
30 |     return await service.get_note(note_id, user.id)
   |

B008 Do not perform function call `Depends` in argument defaults; instead, perform the call within the function, or read the default from a module-level singleton variable
  --> app\routers\notes.py:29:97
   |
28 | @router.get("/{note_id}")
29 | async def get_note(note_id: int, user: User = Depends(get_current_user), service: NoteService = Depends(get_note_service)):
   |                                                                                                 ^^^^^^^^^^^^^^^^^^^^^^^^^
30 |     return await service.get_note(note_id, user.id)
   |

B008 Do not perform function call `Depends` in argument defaults; instead, perform the call within the function, or read the default from a module-level singleton variable
  --> app\routers\notes.py:33:70
   |
32 | @router.patch("/{note_id}")
33 | async def update_note(note_id: int, req: NoteUpdateReq, user: User = Depends(get_current_user), service: NoteService = Depends(get_notâ€¦
   |                                                                      ^^^^^^^^^^^^^^^^^^^^^^^^^
34 |     return await service.update_note(note_id, user.id, req.model_dump(exclude_unset=True))
   |

E501 Line too long (146 > 88)
  --> app\routers\notes.py:33:89
   |
32 | â€¦
33 | â€¦Req, user: User = Depends(get_current_user), service: NoteService = Depends(get_note_service)):
   |                                       ^^^^^^^^^^^^^^^^^^^^^^^^^^^^^^^^^^^^^^^^^^^^^^^^^^^^^^^^^^
34 | â€¦id, req.model_dump(exclude_unset=True))
   |

B008 Do not perform function call `Depends` in argument defaults; instead, perform the call within the function, or read the default from a module-level singleton variable
  --> app\routers\notes.py:33:120
   |
32 | â€¦
33 | â€¦r = Depends(get_current_user), service: NoteService = Depends(get_note_service)):
   |                                                        ^^^^^^^^^^^^^^^^^^^^^^^^^
34 | â€¦dump(exclude_unset=True))
   |

E501 Line too long (90 > 88)
  --> app\routers\notes.py:34:89
   |
32 | @router.patch("/{note_id}")
33 | async def update_note(note_id: int, req: NoteUpdateReq, user: User = Depends(get_current_user), service: NoteService = Depends(get_notâ€¦
34 |     return await service.update_note(note_id, user.id, req.model_dump(exclude_unset=True))
   |                                                                                         ^^
35 |
36 | @router.delete("/{note_id}")
   |

B008 Do not perform function call `Depends` in argument defaults; instead, perform the call within the function, or read the default from a module-level singleton variable
  --> app\routers\notes.py:37:50
   |
36 | @router.delete("/{note_id}")
37 | async def delete_note(note_id: int, user: User = Depends(get_current_user), service: NoteService = Depends(get_note_service)):
   |                                                  ^^^^^^^^^^^^^^^^^^^^^^^^^
38 |     return await service.delete_note(note_id, user.id)
   |

E501 Line too long (126 > 88)
  --> app\routers\notes.py:37:89
   |
36 | @router.delete("/{note_id}")
37 | async def delete_note(note_id: int, user: User = Depends(get_current_user), service: NoteService = Depends(get_note_service)):
   |                                                                                         ^^^^^^^^^^^^^^^^^^^^^^^^^^^^^^^^^^^^^^
38 |     return await service.delete_note(note_id, user.id)
   |

B008 Do not perform function call `Depends` in argument defaults; instead, perform the call within the function, or read the default from a module-level singleton variable
  --> app\routers\notes.py:37:100
   |
36 | @router.delete("/{note_id}")
37 | async def delete_note(note_id: int, user: User = Depends(get_current_user), service: NoteService = Depends(get_note_service)):
   |                                                                                                    ^^^^^^^^^^^^^^^^^^^^^^^^^
38 |     return await service.delete_note(note_id, user.id)
   |

I001 [*] Import block is un-sorted or un-formatted
 --> app\routers\reminders.py:1:1
  |
1 | / from typing import Any
2 | | from fastapi import APIRouter, Depends
3 | | from app.dependencies import get_current_user, get_reminder_service
4 | | from app.db.models.user import User
5 | | from app.services.reminders.reminder_service import ReminderService
6 | | from pydantic import BaseModel
7 | | from datetime import datetime
  | |_____________________________^
8 |
9 |   router = APIRouter(prefix="/reminders", tags=["Reminders"])
  |
help: Organize imports

F401 [*] `typing.Any` imported but unused
 --> app\routers\reminders.py:1:20
  |
1 | from typing import Any
  |                    ^^^
2 | from fastapi import APIRouter, Depends
3 | from app.dependencies import get_current_user, get_reminder_service
  |
help: Remove unused import: `typing.Any`

B008 Do not perform function call `Depends` in argument defaults; instead, perform the call within the function, or read the default from a module-level singleton variable
  --> app\routers\reminders.py:17:64
   |
16 | @router.post("")
17 | async def create_reminder(req: ReminderCreateReq, user: User = Depends(get_current_user), service: ReminderService = Depends(get_reminâ€¦
   |                                                                ^^^^^^^^^^^^^^^^^^^^^^^^^
18 |     return await service.create_reminder(user.id, req.title, req.reminder_time, req.is_recurring)
   |

E501 Line too long (148 > 88)
  --> app\routers\reminders.py:17:89
   |
16 | â€¦
17 | â€¦er: User = Depends(get_current_user), service: ReminderService = Depends(get_reminder_service)):
   |                                      ^^^^^^^^^^^^^^^^^^^^^^^^^^^^^^^^^^^^^^^^^^^^^^^^^^^^^^^^^^^^
18 | â€¦q.title, req.reminder_time, req.is_recurring)
   |

B008 Do not perform function call `Depends` in argument defaults; instead, perform the call within the function, or read the default from a module-level singleton variable
  --> app\routers\reminders.py:17:118
   |
16 | â€¦
17 | â€¦pends(get_current_user), service: ReminderService = Depends(get_reminder_service)):
   |                                                      ^^^^^^^^^^^^^^^^^^^^^^^^^^^^^
18 | â€¦reminder_time, req.is_recurring)
   |

E501 Line too long (97 > 88)
  --> app\routers\reminders.py:18:89
   |
16 | @router.post("")
17 | async def create_reminder(req: ReminderCreateReq, user: User = Depends(get_current_user), service: ReminderService = Depends(get_reminâ€¦
18 |     return await service.create_reminder(user.id, req.title, req.reminder_time, req.is_recurring)
   |                                                                                         ^^^^^^^^^
19 |
20 | @router.get("")
   |

B008 Do not perform function call `Depends` in argument defaults; instead, perform the call within the function, or read the default from a module-level singleton variable
  --> app\routers\reminders.py:21:39
   |
20 | @router.get("")
21 | async def list_reminders(user: User = Depends(get_current_user), service: ReminderService = Depends(get_reminder_service)):
   |                                       ^^^^^^^^^^^^^^^^^^^^^^^^^
22 |     return await service.list_reminders(user.id)
   |

E501 Line too long (123 > 88)
  --> app\routers\reminders.py:21:89
   |
20 | @router.get("")
21 | async def list_reminders(user: User = Depends(get_current_user), service: ReminderService = Depends(get_reminder_service)):
   |                                                                                         ^^^^^^^^^^^^^^^^^^^^^^^^^^^^^^^^^^^
22 |     return await service.list_reminders(user.id)
   |

B008 Do not perform function call `Depends` in argument defaults; instead, perform the call within the function, or read the default from a module-level singleton variable
  --> app\routers\reminders.py:21:93
   |
20 | @router.get("")
21 | async def list_reminders(user: User = Depends(get_current_user), service: ReminderService = Depends(get_reminder_service)):
   |                                                                                             ^^^^^^^^^^^^^^^^^^^^^^^^^^^^^
22 |     return await service.list_reminders(user.id)
   |

B008 Do not perform function call `Depends` in argument defaults; instead, perform the call within the function, or read the default from a module-level singleton variable
  --> app\routers\reminders.py:25:60
   |
24 | @router.post("/{reminder_id}/complete")
25 | async def complete_reminder(reminder_id: int, user: User = Depends(get_current_user), service: ReminderService = Depends(get_reminder_â€¦
   |                                                            ^^^^^^^^^^^^^^^^^^^^^^^^^
26 |     return await service.mark_complete(reminder_id, user.id)
   |

E501 Line too long (144 > 88)
  --> app\routers\reminders.py:25:89
   |
24 | â€¦
25 | â€¦: User = Depends(get_current_user), service: ReminderService = Depends(get_reminder_service)):
   |                                        ^^^^^^^^^^^^^^^^^^^^^^^^^^^^^^^^^^^^^^^^^^^^^^^^^^^^^^^^
26 | â€¦, user.id)
   |

B008 Do not perform function call `Depends` in argument defaults; instead, perform the call within the function, or read the default from a module-level singleton variable
  --> app\routers\reminders.py:25:114
   |
24 | â€¦
25 | â€¦pends(get_current_user), service: ReminderService = Depends(get_reminder_service)):
   |                                                      ^^^^^^^^^^^^^^^^^^^^^^^^^^^^^
26 | â€¦
   |

B008 Do not perform function call `Depends` in argument defaults; instead, perform the call within the function, or read the default from a module-level singleton variable
  --> app\routers\reminders.py:29:58
   |
28 | @router.delete("/{reminder_id}")
29 | async def delete_reminder(reminder_id: int, user: User = Depends(get_current_user), service: ReminderService = Depends(get_reminder_seâ€¦
   |                                                          ^^^^^^^^^^^^^^^^^^^^^^^^^
30 |     return await service.delete_reminder(reminder_id, user.id)
   |

E501 Line too long (142 > 88)
  --> app\routers\reminders.py:29:89
   |
28 | â€¦
29 | â€¦ User = Depends(get_current_user), service: ReminderService = Depends(get_reminder_service)):
   |                                         ^^^^^^^^^^^^^^^^^^^^^^^^^^^^^^^^^^^^^^^^^^^^^^^^^^^^^^
30 | â€¦_id, user.id)
   |

B008 Do not perform function call `Depends` in argument defaults; instead, perform the call within the function, or read the default from a module-level singleton variable
  --> app\routers\reminders.py:29:112
   |
28 | â€¦
29 | â€¦pends(get_current_user), service: ReminderService = Depends(get_reminder_service)):
   |                                                      ^^^^^^^^^^^^^^^^^^^^^^^^^^^^^
30 | â€¦id)
   |

I001 [*] Import block is un-sorted or un-formatted
 --> app\routers\skills.py:1:1
  |
1 | / from fastapi import APIRouter, HTTPException, Depends
2 | | from pydantic import BaseModel
3 | | from typing import List
4 | |
5 | | from app.services.ai.skills.manager import SkillManager
6 | | from app.services.ai.tools.registry import ToolRegistry
  | |_______________________________________________________^
7 |
8 |   router = APIRouter(prefix="/skills", tags=["Skills"])
  |
help: Organize imports

F401 [*] `fastapi.Depends` imported but unused
 --> app\routers\skills.py:1:47
  |
1 | from fastapi import APIRouter, HTTPException, Depends
  |                                               ^^^^^^^
2 | from pydantic import BaseModel
3 | from typing import List
  |
help: Remove unused import: `fastapi.Depends`

UP035 `typing.List` is deprecated, use `list` instead
 --> app\routers\skills.py:3:1
  |
1 | from fastapi import APIRouter, HTTPException, Depends
2 | from pydantic import BaseModel
3 | from typing import List
  | ^^^^^^^^^^^^^^^^^^^^^^^
4 |
5 | from app.services.ai.skills.manager import SkillManager
  |

E501 Line too long (101 > 88)
  --> app\routers\skills.py:25:89
   |
23 | @router.post("/install", response_model=bool)
24 | async def install_skill(request: SkillDownloadRequest):
25 |     """Downloads a python script conforming to agentskills.io format and dynamically registers it."""
   |                                                                                         ^^^^^^^^^^^^^
26 |     success = await skill_manager.download_skill(request.url, request.name)
27 |     if not success:
   |

E501 Line too long (94 > 88)
  --> app\routers\skills.py:28:89
   |
26 |     success = await skill_manager.download_skill(request.url, request.name)
27 |     if not success:
28 |         raise HTTPException(status_code=400, detail=f"Failed to install skill {request.name}")
   |                                                                                         ^^^^^^
29 |     return True
   |

UP006 [*] Use `list` instead of `List` for type annotation
  --> app\routers\skills.py:31:37
   |
29 |     return True
30 |
31 | @router.get("/list", response_model=List[SkillSchemaResponse])
   |                                     ^^^^
32 | async def list_installed_skills():
33 |     """Lists all dynamically installed skills currently mapped to the Orchestrator."""
   |
help: Replace with `list`

I001 [*] Import block is un-sorted or un-formatted
 --> app\routers\tasks.py:1:1
  |
1 | / from typing import Any
2 | | from fastapi import APIRouter, Depends
3 | | from app.dependencies import get_current_user, get_task_service
4 | | from app.db.models.user import User
5 | | from app.services.tasks.task_service import TaskService
6 | | from pydantic import BaseModel
7 | | from datetime import datetime
  | |_____________________________^
8 |
9 |   router = APIRouter(prefix="/tasks", tags=["Tasks"])
  |
help: Organize imports

F401 [*] `typing.Any` imported but unused
 --> app\routers\tasks.py:1:20
  |
1 | from typing import Any
  |                    ^^^
2 | from fastapi import APIRouter, Depends
3 | from app.dependencies import get_current_user, get_task_service
  |
help: Remove unused import: `typing.Any`

B008 Do not perform function call `Depends` in argument defaults; instead, perform the call within the function, or read the default from a module-level singleton variable
  --> app\routers\tasks.py:19:56
   |
18 | @router.post("")
19 | async def create_task(req: TaskCreateReq, user: User = Depends(get_current_user), service: TaskService = Depends(get_task_service)):
   |                                                        ^^^^^^^^^^^^^^^^^^^^^^^^^
20 |     return await service.create_task(user.id, req.title, req.priority, req.due_date, req.project, req.tags)
   |

E501 Line too long (132 > 88)
  --> app\routers\tasks.py:19:89
   |
18 | @router.post("")
19 | async def create_task(req: TaskCreateReq, user: User = Depends(get_current_user), service: TaskService = Depends(get_task_service)):
   |                                                                                         ^^^^^^^^^^^^^^^^^^^^^^^^^^^^^^^^^^^^^^^^^^^^
20 |     return await service.create_task(user.id, req.title, req.priority, req.due_date, req.project, req.tags)
   |

B008 Do not perform function call `Depends` in argument defaults; instead, perform the call within the function, or read the default from a module-level singleton variable
  --> app\routers\tasks.py:19:106
   |
18 | @router.post("")
19 | async def create_task(req: TaskCreateReq, user: User = Depends(get_current_user), service: TaskService = Depends(get_task_service)):
   |                                                                                                          ^^^^^^^^^^^^^^^^^^^^^^^^^
20 |     return await service.create_task(user.id, req.title, req.priority, req.due_date, req.project, req.tags)
   |

E501 Line too long (107 > 88)
  --> app\routers\tasks.py:20:89
   |
18 | @router.post("")
19 | async def create_task(req: TaskCreateReq, user: User = Depends(get_current_user), service: TaskService = Depends(get_task_service)):
20 |     return await service.create_task(user.id, req.title, req.priority, req.due_date, req.project, req.tags)
   |                                                                                         ^^^^^^^^^^^^^^^^^^^
21 |
22 | @router.get("")
   |

B008 Do not perform function call `Depends` in argument defaults; instead, perform the call within the function, or read the default from a module-level singleton variable
  --> app\routers\tasks.py:23:35
   |
22 | @router.get("")
23 | async def list_tasks(user: User = Depends(get_current_user), service: TaskService = Depends(get_task_service)):
   |                                   ^^^^^^^^^^^^^^^^^^^^^^^^^
24 |     return await service.list_tasks(user.id)
   |

B008 Do not perform function call `Depends` in argument defaults; instead, perform the call within the function, or read the default from a module-level singleton variable
  --> app\routers\tasks.py:23:85
   |
22 | @router.get("")
23 | async def list_tasks(user: User = Depends(get_current_user), service: TaskService = Depends(get_task_service)):
   |                                                                                     ^^^^^^^^^^^^^^^^^^^^^^^^^
24 |     return await service.list_tasks(user.id)
   |

E501 Line too long (111 > 88)
  --> app\routers\tasks.py:23:89
   |
22 | @router.get("")
23 | async def list_tasks(user: User = Depends(get_current_user), service: TaskService = Depends(get_task_service)):
   |                                                                                         ^^^^^^^^^^^^^^^^^^^^^^^
24 |     return await service.list_tasks(user.id)
   |

B008 Do not perform function call `Depends` in argument defaults; instead, perform the call within the function, or read the default from a module-level singleton variable
  --> app\routers\tasks.py:27:52
   |
26 | @router.post("/{task_id}/complete")
27 | async def complete_task(task_id: int, user: User = Depends(get_current_user), service: TaskService = Depends(get_task_service)):
   |                                                    ^^^^^^^^^^^^^^^^^^^^^^^^^
28 |     return await service.mark_complete(task_id, user.id)
   |

E501 Line too long (128 > 88)
  --> app\routers\tasks.py:27:89
   |
26 | @router.post("/{task_id}/complete")
27 | async def complete_task(task_id: int, user: User = Depends(get_current_user), service: TaskService = Depends(get_task_service)):
   |                                                                                         ^^^^^^^^^^^^^^^^^^^^^^^^^^^^^^^^^^^^^^^^
28 |     return await service.mark_complete(task_id, user.id)
   |

B008 Do not perform function call `Depends` in argument defaults; instead, perform the call within the function, or read the default from a module-level singleton variable
  --> app\routers\tasks.py:27:102
   |
26 | @router.post("/{task_id}/complete")
27 | async def complete_task(task_id: int, user: User = Depends(get_current_user), service: TaskService = Depends(get_task_service)):
   |                                                                                                      ^^^^^^^^^^^^^^^^^^^^^^^^^
28 |     return await service.mark_complete(task_id, user.id)
   |

B008 Do not perform function call `Depends` in argument defaults; instead, perform the call within the function, or read the default from a module-level singleton variable
  --> app\routers\tasks.py:31:50
   |
30 | @router.delete("/{task_id}")
31 | async def delete_task(task_id: int, user: User = Depends(get_current_user), service: TaskService = Depends(get_task_service)):
   |                                                  ^^^^^^^^^^^^^^^^^^^^^^^^^
32 |     return await service.delete_task(task_id, user.id)
   |

E501 Line too long (126 > 88)
  --> app\routers\tasks.py:31:89
   |
30 | @router.delete("/{task_id}")
31 | async def delete_task(task_id: int, user: User = Depends(get_current_user), service: TaskService = Depends(get_task_service)):
   |                                                                                         ^^^^^^^^^^^^^^^^^^^^^^^^^^^^^^^^^^^^^^
32 |     return await service.delete_task(task_id, user.id)
   |

B008 Do not perform function call `Depends` in argument defaults; instead, perform the call within the function, or read the default from a module-level singleton variable
  --> app\routers\tasks.py:31:100
   |
30 | @router.delete("/{task_id}")
31 | async def delete_task(task_id: int, user: User = Depends(get_current_user), service: TaskService = Depends(get_task_service)):
   |                                                                                                    ^^^^^^^^^^^^^^^^^^^^^^^^^
32 |     return await service.delete_task(task_id, user.id)
   |

I001 [*] Import block is un-sorted or un-formatted
 --> app\routers\users.py:1:1
  |
1 | / from fastapi import APIRouter, Depends
2 | |
3 | | from app.dependencies import get_current_user
4 | | from app.db.models.user import User
5 | | from app.schemas.user import UserResponse
  | |_________________________________________^
6 |
7 |   router = APIRouter(
  |
help: Organize imports

B008 Do not perform function call `Depends` in argument defaults; instead, perform the call within the function, or read the default from a module-level singleton variable
  --> app\routers\users.py:18:26
   |
16 | )
17 | async def read_current_user(
18 |     current_user: User = Depends(get_current_user),
   |                          ^^^^^^^^^^^^^^^^^^^^^^^^^
19 | ):
20 |     return current_user
   |

I001 [*] Import block is un-sorted or un-formatted
  --> app\routers\voice.py:1:1
   |
 1 | / from fastapi import APIRouter, WebSocket, Depends
 2 | | from sqlalchemy.ext.asyncio import AsyncSession
 3 | |
 4 | | from app.dependencies import (
 5 | |     get_provider_router,
 6 | |     get_context_builder,
 7 | |     get_tool_orchestrator,
 8 | |     get_db
 9 | | )
10 | | from app.services.ai.planner.planner import Planner
11 | | from app.services.ai.planner.executor import AgentExecutor
12 | | from app.services.ai.tools.strategies import NativeFunctionStrategy
13 | | from app.services.voice.session import VoiceSession
14 | | from app.services.voice.streaming import StreamingCoordinator
15 | | from fastapi import APIRouter, WebSocket, Depends, UploadFile, File, WebSocketDisconnect
16 | | from fastapi.responses import StreamingResponse
17 | | from pydantic import BaseModel
18 | | from app.services.voice.providers.whisper_provider import WhisperProvider
19 | | from app.services.voice.providers.groq_tts_provider import GroqTTSProvider
   | |__________________________________________________________________________^
20 |
21 |   router = APIRouter(prefix="/voice", tags=["Voice"])
   |
help: Organize imports

F401 [*] `sqlalchemy.ext.asyncio.AsyncSession` imported but unused
 --> app\routers\voice.py:2:36
  |
1 | from fastapi import APIRouter, WebSocket, Depends
2 | from sqlalchemy.ext.asyncio import AsyncSession
  |                                    ^^^^^^^^^^^^
3 |
4 | from app.dependencies import (
  |
help: Remove unused import: `sqlalchemy.ext.asyncio.AsyncSession`

F401 [*] `app.dependencies.get_db` imported but unused
  --> app\routers\voice.py:8:5
   |
 6 |     get_context_builder,
 7 |     get_tool_orchestrator,
 8 |     get_db
   |     ^^^^^^
 9 | )
10 | from app.services.ai.planner.planner import Planner
   |
help: Remove unused import: `app.dependencies.get_db`

F811 [*] Redefinition of unused `APIRouter` from line 1
  --> app\routers\voice.py:15:21
   |
13 | from app.services.voice.session import VoiceSession
14 | from app.services.voice.streaming import StreamingCoordinator
15 | from fastapi import APIRouter, WebSocket, Depends, UploadFile, File, WebSocketDisconnect
   |                     ^^^^^^^^^ `APIRouter` redefined here
16 | from fastapi.responses import StreamingResponse
17 | from pydantic import BaseModel
   |
  ::: app\routers\voice.py:1:21
   |
 1 | from fastapi import APIRouter, WebSocket, Depends
   |                     --------- previous definition of `APIRouter` here
 2 | from sqlalchemy.ext.asyncio import AsyncSession
   |
help: Remove definition: `APIRouter`

F811 [*] Redefinition of unused `WebSocket` from line 1
  --> app\routers\voice.py:15:32
   |
13 | from app.services.voice.session import VoiceSession
14 | from app.services.voice.streaming import StreamingCoordinator
15 | from fastapi import APIRouter, WebSocket, Depends, UploadFile, File, WebSocketDisconnect
   |                                ^^^^^^^^^ `WebSocket` redefined here
16 | from fastapi.responses import StreamingResponse
17 | from pydantic import BaseModel
   |
  ::: app\routers\voice.py:1:32
   |
 1 | from fastapi import APIRouter, WebSocket, Depends
   |                                --------- previous definition of `WebSocket` here
 2 | from sqlalchemy.ext.asyncio import AsyncSession
   |
help: Remove definition: `WebSocket`

F811 [*] Redefinition of unused `Depends` from line 1
  --> app\routers\voice.py:15:43
   |
13 | from app.services.voice.session import VoiceSession
14 | from app.services.voice.streaming import StreamingCoordinator
15 | from fastapi import APIRouter, WebSocket, Depends, UploadFile, File, WebSocketDisconnect
   |                                           ^^^^^^^ `Depends` redefined here
16 | from fastapi.responses import StreamingResponse
17 | from pydantic import BaseModel
   |
  ::: app\routers\voice.py:1:43
   |
 1 | from fastapi import APIRouter, WebSocket, Depends
   |                                           ------- previous definition of `Depends` here
 2 | from sqlalchemy.ext.asyncio import AsyncSession
   |
help: Remove definition: `Depends`

I001 [*] Import block is un-sorted or un-formatted
  --> app\routers\voice.py:28:5
   |
26 |   @router.post("/tts")
27 |   async def tts_endpoint(request: TTSRequest):
28 | /     import httpx
29 | |     from app.config import settings
   | |___________________________________^
30 |
31 |       async def generate():
   |
help: Organize imports

B008 Do not perform function call `File` in argument defaults; instead, perform the call within the function, or read the default from a module-level singleton variable
  --> app\routers\voice.py:50:50
   |
49 | @router.post("/transcribe")
50 | async def transcribe_endpoint(file: UploadFile = File(...)):
   |                                                  ^^^^^^^^^
51 |     bytes_data = await file.read()
52 |     stt = WhisperProvider()
   |

E402 Module level import not at top of file
  --> app\routers\voice.py:59:1
   |
57 |     return {"text": transcript}
58 |
59 | import asyncio
   | ^^^^^^^^^^^^^^
60 | import json
61 | @router.websocket("/dictate")
   |

I001 [*] Import block is un-sorted or un-formatted
  --> app\routers\voice.py:59:1
   |
57 |       return {"text": transcript}
58 |
59 | / import asyncio
60 | | import json
   | |___________^
61 |   @router.websocket("/dictate")
62 |   async def dictate_websocket(
   |
help: Organize imports

E402 Module level import not at top of file
  --> app\routers\voice.py:60:1
   |
59 | import asyncio
60 | import json
   | ^^^^^^^^^^^
61 | @router.websocket("/dictate")
62 | async def dictate_websocket(
   |

B008 Do not perform function call `Depends` in argument defaults; instead, perform the call within the function, or read the default from a module-level singleton variable
   --> app\routers\voice.py:103:23
    |
101 |     websocket: WebSocket,
102 |     conversation_id: int,
103 |     provider_router = Depends(get_provider_router),
    |                       ^^^^^^^^^^^^^^^^^^^^^^^^^^^^
104 |     context_builder = Depends(get_context_builder),
105 |     tool_orchestrator = Depends(get_tool_orchestrator),
    |

B008 Do not perform function call `Depends` in argument defaults; instead, perform the call within the function, or read the default from a module-level singleton variable
   --> app\routers\voice.py:104:23
    |
102 |     conversation_id: int,
103 |     provider_router = Depends(get_provider_router),
104 |     context_builder = Depends(get_context_builder),
    |                       ^^^^^^^^^^^^^^^^^^^^^^^^^^^^
105 |     tool_orchestrator = Depends(get_tool_orchestrator),
106 | ):
    |

B008 Do not perform function call `Depends` in argument defaults; instead, perform the call within the function, or read the default from a module-level singleton variable
   --> app\routers\voice.py:105:25
    |
103 |     provider_router = Depends(get_provider_router),
104 |     context_builder = Depends(get_context_builder),
105 |     tool_orchestrator = Depends(get_tool_orchestrator),
    |                         ^^^^^^^^^^^^^^^^^^^^^^^^^^^^^^
106 | ):
107 |     # Strategy determination (Mocking Native strategy for Voice)
    |

I001 [*] Import block is un-sorted or un-formatted
  --> app\schemas\__init__.py:1:1
   |
 1 | / from app.schemas.user import (
 2 | |     TokenResponse,
 3 | |     UserBase,
 4 | |     UserCreate,
 5 | |     UserResponse,
 6 | | )
 7 | |
 8 | | from app.schemas.conversation import (
 9 | |     ConversationBase,
10 | |     ConversationCreate,
11 | |     ConversationResponse,
12 | |     ConversationUpdate,
13 | | )
14 | |
15 | | from .message import (
16 | |     MessageCreate,
17 | |     MessageResponse,
18 | |     MessageRole,
19 | |     MessageUpdate,
20 | | )
21 | |
22 | | from .chat import (
23 | |     ChatRequest,
24 | |     ChatResponse,
25 | | )
26 | |
27 | | from .conversation_summary import ConversationSummary
   | |_____________________________________________________^
28 |
29 |   __all__ = [
   |
help: Organize imports

UP042 Class DocumentStatus inherits from both `str` and `enum.Enum`
 --> app\schemas\document.py:7:7
  |
7 | class DocumentStatus(str, Enum):
  |       ^^^^^^^^^^^^^^
8 |     UPLOADED = "UPLOADED"
9 |     EXTRACTING = "EXTRACTING"
  |
help: Inherit from `enum.StrEnum`

UP042 Class MessageRole inherits from both `str` and `enum.Enum`
 --> app\schemas\message.py:7:7
  |
7 | class MessageRole(str, Enum):
  |       ^^^^^^^^^^^
8 |     USER = "user"
9 |     ASSISTANT = "assistant"
  |
help: Inherit from `enum.StrEnum`

I001 [*] Import block is un-sorted or un-formatted
 --> app\schemas\search.py:1:1
  |
1 | from pydantic import BaseModel, HttpUrl
  | ^^^^^^^^^^^^^^^^^^^^^^^^^^^^^^^^^^^^^^^
2 |
3 | class SearchResult(BaseModel):
  |
help: Organize imports

I001 [*] Import block is un-sorted or un-formatted
 --> app\schemas\tool.py:1:1
  |
1 | / from pydantic import BaseModel, Field
2 | | from typing import Any
  | |______________________^
3 |
4 |   class ToolRequest(BaseModel):
  |
help: Organize imports

UP035 `typing.List` is deprecated, use `list` instead
 --> app\security\credential_stripper.py:2:1
  |
1 | import re
2 | from typing import List, Tuple
  | ^^^^^^^^^^^^^^^^^^^^^^^^^^^^^^
3 |
4 | _CREDENTIAL_PATTERNS: List[Tuple[str, re.Pattern[str]]] = [
  |

UP035 `typing.Tuple` is deprecated, use `tuple` instead
 --> app\security\credential_stripper.py:2:1
  |
1 | import re
2 | from typing import List, Tuple
  | ^^^^^^^^^^^^^^^^^^^^^^^^^^^^^^
3 |
4 | _CREDENTIAL_PATTERNS: List[Tuple[str, re.Pattern[str]]] = [
  |

UP006 [*] Use `list` instead of `List` for type annotation
 --> app\security\credential_stripper.py:4:23
  |
2 | from typing import List, Tuple
3 |
4 | _CREDENTIAL_PATTERNS: List[Tuple[str, re.Pattern[str]]] = [
  |                       ^^^^
5 |     ("api_key", re.compile(r"sk-[a-zA-Z0-9_-]{20,}")),
6 |     ("aws_key", re.compile(r"AKIA[0-9A-Z]{16}")),
  |
help: Replace with `list`

UP006 [*] Use `tuple` instead of `Tuple` for type annotation
 --> app\security\credential_stripper.py:4:28
  |
2 | from typing import List, Tuple
3 |
4 | _CREDENTIAL_PATTERNS: List[Tuple[str, re.Pattern[str]]] = [
  |                            ^^^^^
5 |     ("api_key", re.compile(r"sk-[a-zA-Z0-9_-]{20,}")),
6 |     ("aws_key", re.compile(r"AKIA[0-9A-Z]{16}")),
  |
help: Replace with `tuple`

E501 Line too long (107 > 88)
 --> app\security\injection_scanner.py:4:89
  |
3 | _INJECTION_PATTERNS = [
4 |     (r"(?i)ignore\s+(all\s+)?(previous|prior|above)\s+(instructions?|prompts?|rules?)", "prompt_override"),
  |                                                                                         ^^^^^^^^^^^^^^^^^^^
5 |     (r"(?i)you\s+are\s+now\s+(?:a\s+)?(?:different|new|my)", "identity_override"),
6 |     (r"(?i)disregard\s+(?:all\s+)?(?:previous|prior|your)\s+(?:instructions?|programming|rules?)", "prompt_override"),
  |

E501 Line too long (118 > 88)
 --> app\security\injection_scanner.py:6:89
  |
4 |     (r"(?i)ignore\s+(all\s+)?(previous|prior|above)\s+(instructions?|prompts?|rules?)", "prompt_override"),
5 |     (r"(?i)you\s+are\s+now\s+(?:a\s+)?(?:different|new|my)", "identity_override"),
6 |     (r"(?i)disregard\s+(?:all\s+)?(?:previous|prior|your)\s+(?:instructions?|programming|rules?)", "prompt_override"),
  |                                                                                         ^^^^^^^^^^^^^^^^^^^^^^^^^^^^^^
7 |     (r"(?i)(?:execute|run|eval)\s*\(\s*['\"]", "code_injection"),
8 |     (r"(?:;|\||&&)\s*(?:rm|curl|wget|nc|ncat|bash|sh|python|perl)\s", "shell_injection"),
  |

E501 Line too long (89 > 88)
  --> app\security\injection_scanner.py:8:89
   |
 6 |     (r"(?i)disregard\s+(?:all\s+)?(?:previous|prior|your)\s+(?:instructions?|programming|rules?)", "prompt_override"),
 7 |     (r"(?i)(?:execute|run|eval)\s*\(\s*['\"]", "code_injection"),
 8 |     (r"(?:;|\||&&)\s*(?:rm|curl|wget|nc|ncat|bash|sh|python|perl)\s", "shell_injection"),
   |                                                                                         ^
 9 |     (r"(?i)(?:send|post|upload|exfiltrate|transmit)\s+(?:(?:to|data|all|everything)\s+)*(?:to\s+)?(?:https?://|my\s+server)", "exfiltrâ€¦
10 |     (r"(?i)(?:DAN|do\s+anything\s+now)\s+(?:mode|prompt|jailbreak)", "jailbreak"),
   |

E501 Line too long (142 > 88)
  --> app\security\injection_scanner.py:9:89
   |
 7 | â€¦ode_injection"),
 8 | â€¦|sh|python|perl)\s", "shell_injection"),
 9 | â€¦t)\s+(?:(?:to|data|all|everything)\s+)*(?:to\s+)?(?:https?://|my\s+server)", "exfiltration"),
   |                                         ^^^^^^^^^^^^^^^^^^^^^^^^^^^^^^^^^^^^^^^^^^^^^^^^^^^^^^
10 | â€¦prompt|jailbreak)", "jailbreak"),
11 | â€¦(?:restrictions?|limitations?|rules?|filters?)", "jailbreak"),
   |

E501 Line too long (111 > 88)
  --> app\security\injection_scanner.py:11:89
   |
 9 |     (r"(?i)(?:send|post|upload|exfiltrate|transmit)\s+(?:(?:to|data|all|everything)\s+)*(?:to\s+)?(?:https?://|my\s+server)", "exfiltrâ€¦
10 |     (r"(?i)(?:DAN|do\s+anything\s+now)\s+(?:mode|prompt|jailbreak)", "jailbreak"),
11 |     (r"(?i)pretend\s+(?:you\s+)?(?:have\s+)?no\s+(?:restrictions?|limitations?|rules?|filters?)", "jailbreak"),
   |                                                                                         ^^^^^^^^^^^^^^^^^^^^^^^
12 |     (r"```(?:system|assistant)\b", "delimiter_injection"),
13 |     (r"<\|(?:im_start|im_end|system|assistant)\|>", "delimiter_injection"),
   |

UP045 [*] Use `X | None` for type annotations
  --> app\security\ssrf.py:30:29
   |
28 |     return any(addr in net for net in _BLOCKED_CIDR)
29 |
30 | def check_ssrf(url: str) -> Optional[str]:
   |                             ^^^^^^^^^^^^^
31 |     from urllib.parse import urlparse
32 |     parsed = urlparse(url)
   |
help: Convert to `X | None`

E501 Line too long (91 > 88)
  --> app\security\ssrf.py:51:89
   |
50 |     try:
51 |         resolved = socket.getaddrinfo(hostname, None, socket.AF_UNSPEC, socket.SOCK_STREAM)
   |                                                                                         ^^^
52 |         for _, _, _, _, sockaddr in resolved:
53 |             ip = sockaddr[0]
   |

I001 [*] Import block is un-sorted or un-formatted
  --> app\services\ai\ai_service.py:1:1
   |
 1 | / from collections.abc import AsyncGenerator
 2 | | import json
 3 | |
 4 | | from app.schemas.chat import Citation
 5 | | from app.schemas.message import MessageCreate
 6 | | from app.schemas.message import MessageRole
 7 | | from app.services.ai.context.context_builder import ContextBuilder
 8 | | from app.services.ai.memory.memory_service import MemoryService
 9 | | from app.services.ai.providers.base import BaseLLMProvider
10 | | from app.services.conversation_service import ConversationService
11 | | from app.services.message_service import MessageService
12 | | from app.services.ai.tools.orchestrator import ToolOrchestrator
13 | | from app.services.ai.planner.planner import Planner
14 | | from app.services.ai.planner.executor import AgentExecutor
15 | | from app.services.ai.planner.agents.deep_research import DeepResearchAgent
16 | | import json
   | |___________^
17 |
18 |   class AIService:
   |
help: Organize imports

F811 [*] Redefinition of unused `json` from line 2
  --> app\services\ai\ai_service.py:16:8
   |
14 | from app.services.ai.planner.executor import AgentExecutor
15 | from app.services.ai.planner.agents.deep_research import DeepResearchAgent
16 | import json
   |        ^^^^ `json` redefined here
17 |
18 | class AIService:
   |
  ::: app\services\ai\ai_service.py:2:8
   |
 1 | from collections.abc import AsyncGenerator
 2 | import json
   |        ---- previous definition of `json` here
 3 |
 4 | from app.schemas.chat import Citation
   |
help: Remove definition: `json`

E501 Line too long (127 > 88)
  --> app\services\ai\ai_service.py:64:89
   |
62 |             await self.message_service.delete_last_n_messages(conversation_id, count=2)
63 |             
64 |         await self.message_service.create(conversation_id, MessageCreate(role=MessageRole.USER, content=prompt, images=images))
   |                                                                                         ^^^^^^^^^^^^^^^^^^^^^^^^^^^^^^^^^^^^^^^
65 |         await self.memory_service.process_message(user_id=user_id, message=prompt)
   |

E501 Line too long (180 > 88)
  --> app\services\ai\ai_service.py:67:89
   |
65 | â€¦essage=prompt)
66 | â€¦
67 | â€¦id=user_id, conversation_id=conversation_id, query=prompt, location_lat=location_lat, location_lon=location_lon)
   |                      ^^^^^^^^^^^^^^^^^^^^^^^^^^^^^^^^^^^^^^^^^^^^^^^^^^^^^^^^^^^^^^^^^^^^^^^^^^^^^^^^^^^^^^^^^^^^
68 | â€¦
69 | â€¦
   |

I001 [*] Import block is un-sorted or un-formatted
  --> app\services\ai\ai_service.py:83:13
   |
82 |           if intent == "deep_research":
83 | /             import typing
84 | |             from app.services.ai.providers.router import ProviderRouter
   | |_______________________________________________________________________^
85 |               router_inst = typing.cast(ProviderRouter, self.provider)
86 |               agent = DeepResearchAgent(router_inst)
   |
help: Organize imports

E501 Line too long (91 > 88)
  --> app\services\ai\ai_service.py:90:89
   |
88 |         else:
89 |             planner = Planner(self.provider, strategy, intent=intent)
90 |             agent = AgentExecutor(planner, self.tool_orchestrator, strategy, intent=intent)
   |                                                                                         ^^^
91 |             final_response = await agent.run(prompt, context, messages, tools_payload)
   |

E501 Line too long (240 > 88)
  --> app\services\ai\ai_service.py:96:89
   |
94 | â€¦
95 | â€¦
96 | â€¦engine. If the Draft Answer hallucinates facts unsupported by the Context, output the EXACT FULL CORRECTED ANSWER. If it perfectly matches, return 'PASS'."},
   |       ^^^^^^^^^^^^^^^^^^^^^^^^^^^^^^^^^^^^^^^^^^^^^^^^^^^^^^^^^^^^^^^^^^^^^^^^^^^^^^^^^^^^^^^^^^^^^^^^^^^^^^^^^^^^^^^^^^^^^^^^^^^^^^^^^^^^^^^^^^^^^^^^^^^^^^^^
97 | â€¦\\n\\nDraft Answer: {final_response}"}
98 | â€¦
   |

E501 Line too long (121 > 88)
  --> app\services\ai\ai_service.py:97:89
   |
95 | â€¦     verify_msgs = [
96 | â€¦         {"role": "system", "content": "You are a critical RAG verification engine. If the Draft Answer hallucinates facts unsupportâ€¦
97 | â€¦         {"role": "user", "content": f"Context: {messages[0].get('content')}\\n\\nDraft Answer: {final_response}"}
   |                                                                                   ^^^^^^^^^^^^^^^^^^^^^^^^^^^^^^^^^
98 | â€¦     ]
99 | â€¦     import copy
   |

F401 [*] `copy` imported but unused
   --> app\services\ai\ai_service.py:99:20
    |
 97 |                 {"role": "user", "content": f"Context: {messages[0].get('content')}\\n\\nDraft Answer: {final_response}"}
 98 |             ]
 99 |             import copy
    |                    ^^^^
100 |             router_inst = typing.cast(ProviderRouter, self.provider)
101 |             verification = await router_inst.chat(verify_msgs, intent="general")
    |
help: Remove unused import: `copy`

E501 Line too long (125 > 88)
   --> app\services\ai\ai_service.py:105:89
    |
103 |                 final_response = verification
104 |
105 |         await self.message_service.create(conversation_id, MessageCreate(role=MessageRole.ASSISTANT, content=final_response))
    |                                                                                         ^^^^^^^^^^^^^^^^^^^^^^^^^^^^^^^^^^^^^
106 |         
107 |         latency_ms = (time.perf_counter() - start_time) * 1000.0
    |

E501 Line too long (127 > 88)
   --> app\services\ai\ai_service.py:135:89
    |
133 |             await self.message_service.delete_last_n_messages(conversation_id, count=2)
134 |             
135 |         await self.message_service.create(conversation_id, MessageCreate(role=MessageRole.USER, content=prompt, images=images))
    |                                                                                         ^^^^^^^^^^^^^^^^^^^^^^^^^^^^^^^^^^^^^^^
136 |         await self.memory_service.process_message(user_id=user_id, message=prompt)
    |

E501 Line too long (180 > 88)
   --> app\services\ai\ai_service.py:138:89
    |
136 | â€¦essage=prompt)
137 | â€¦
138 | â€¦id=user_id, conversation_id=conversation_id, query=prompt, location_lat=location_lat, location_lon=location_lon)
    |                      ^^^^^^^^^^^^^^^^^^^^^^^^^^^^^^^^^^^^^^^^^^^^^^^^^^^^^^^^^^^^^^^^^^^^^^^^^^^^^^^^^^^^^^^^^^^^
139 | â€¦
140 | â€¦
    |

E501 Line too long (112 > 88)
   --> app\services\ai\ai_service.py:145:89
    |
143 |             messages[0]["content"] += tool_extension
144 |
145 |         yield f"data: {json.dumps({'type': 'citations', 'citations': [c.model_dump() for c in citations]})}\n\n"
    |                                                                                         ^^^^^^^^^^^^^^^^^^^^^^^^
146 |
147 |         context = {"user_id": user_id, "conversation_id": conversation_id}
    |

I001 [*] Import block is un-sorted or un-formatted
   --> app\services\ai\ai_service.py:158:13
    |
157 |           if intent == "deep_research":
158 | /             import typing
159 | |             from app.services.ai.providers.router import ProviderRouter
    | |_______________________________________________________________________^
160 |               router_inst = typing.cast(ProviderRouter, self.provider)
161 |               agent = DeepResearchAgent(router_inst)
    |
help: Organize imports

E501 Line too long (112 > 88)
   --> app\services\ai\ai_service.py:163:89
    |
161 |             agent = DeepResearchAgent(router_inst)
162 |             
163 |             yield f"data: {json.dumps({'type': 'tool', 'name': 'Initiating Multi-Hop Tavily Research...'})}\n\n"
    |                                                                                         ^^^^^^^^^^^^^^^^^^^^^^^^
164 |             final_response = await agent.run(prompt)
165 |             yield f"data: {json.dumps({'type': 'content', 'delta': final_response})}\n\n"
    |

E501 Line too long (89 > 88)
   --> app\services\ai\ai_service.py:165:89
    |
163 |             yield f"data: {json.dumps({'type': 'tool', 'name': 'Initiating Multi-Hop Tavily Research...'})}\n\n"
164 |             final_response = await agent.run(prompt)
165 |             yield f"data: {json.dumps({'type': 'content', 'delta': final_response})}\n\n"
    |                                                                                         ^
166 |             yield f"data: {json.dumps({'type': 'tool', 'name': 'Research completed.'})}\n\n"
167 |         else:
    |

E501 Line too long (92 > 88)
   --> app\services\ai\ai_service.py:166:89
    |
164 |             final_response = await agent.run(prompt)
165 |             yield f"data: {json.dumps({'type': 'content', 'delta': final_response})}\n\n"
166 |             yield f"data: {json.dumps({'type': 'tool', 'name': 'Research completed.'})}\n\n"
    |                                                                                         ^^^^
167 |         else:
168 |             planner = Planner(self.provider, strategy, intent=intent)
    |

E501 Line too long (91 > 88)
   --> app\services\ai\ai_service.py:169:89
    |
167 |         else:
168 |             planner = Planner(self.provider, strategy, intent=intent)
169 |             agent = AgentExecutor(planner, self.tool_orchestrator, strategy, intent=intent)
    |                                                                                         ^^^
170 |             
171 |             async for chunk in agent.stream_run(prompt, context, messages, tools_payload):
    |

E501 Line too long (90 > 88)
   --> app\services\ai\ai_service.py:171:89
    |
169 |             agent = AgentExecutor(planner, self.tool_orchestrator, strategy, intent=intent)
170 |             
171 |             async for chunk in agent.stream_run(prompt, context, messages, tools_payload):
    |                                                                                         ^^
172 |                 if chunk.startswith("data: ") and '"delta"' in chunk:
173 |                     try:
    |

E722 Do not use bare `except`
   --> app\services\ai\ai_service.py:176:21
    |
174 |                         delta = json.loads(chunk[6:])['delta']
175 |                         final_response += delta
176 |                     except:
    |                     ^^^^^^
177 |                         pass
178 |                 yield chunk
    |

E501 Line too long (125 > 88)
   --> app\services\ai\ai_service.py:180:89
    |
178 |                 yield chunk
179 |
180 |         await self.message_service.create(conversation_id, MessageCreate(role=MessageRole.ASSISTANT, content=final_response))
    |                                                                                         ^^^^^^^^^^^^^^^^^^^^^^^^^^^^^^^^^^^^^
181 |         
182 |         latency_ms = (time.perf_counter() - start_time) * 1000.0
    |

E501 Line too long (98 > 88)
  --> app\services\ai\context\context_builder.py:78:89
   |
76 |         loc_str = ""
77 |         if location_lat is not None and location_lon is not None:
78 |             loc_str = f" User's actual coordinates natively are ({location_lat}, {location_lon})."
   |                                                                                         ^^^^^^^^^^
79 |             
80 |         system_prompt = (
   |

E501 Line too long (100 > 88)
  --> app\services\ai\context\context_builder.py:83:89
   |
81 | â€¦     "You are a helpful, human-like AI assistant. "
82 | â€¦     "IMPORTANT RULES FOR YOUR BEHAVIOR:\n"
83 | â€¦     "1. You will be provided with system context (Tool Executions, Coordinates, Memories). "
   |                                                                                   ^^^^^^^^^^^^
84 | â€¦     "DO NOT explicitly mention, recite, or regurgitate this raw metadata (like 'I see your coordinates are...' or 'The tool executedâ€¦
85 | â€¦     "2. Seamlessly use the provided data to answer the user naturally. "
   |

E501 Line too long (154 > 88)
  --> app\services\ai\context\context_builder.py:84:89
   |
82 | â€¦
83 | â€¦t (Tool Executions, Coordinates, Memories). "
84 | â€¦rgitate this raw metadata (like 'I see your coordinates are...' or 'The tool executed with...').\n"
   |                                   ^^^^^^^^^^^^^^^^^^^^^^^^^^^^^^^^^^^^^^^^^^^^^^^^^^^^^^^^^^^^^^^^^^
85 | â€¦wer the user naturally. "
86 | â€¦er's query."
   |

E501 Line too long (100 > 88)
   --> app\services\ai\context\context_builder.py:167:89
    |
165 |                         document_title=doc_name,
166 |                         chunk_index=chunk.chunk_index,
167 |                         similarity=round(result.distance, 3) if result.distance is not None else 0.0
    |                                                                                         ^^^^^^^^^^^^
168 |                     )
169 |                 )
    |

E501 Line too long (146 > 88)
   --> app\services\ai\context\context_builder.py:174:89
    |
172 | â€¦=\n\n"
173 | â€¦er)
174 | â€¦-------------------------\n\n".join(rag_sections) + "\n\n-------------------------------------"
    |                                       ^^^^^^^^^^^^^^^^^^^^^^^^^^^^^^^^^^^^^^^^^^^^^^^^^^^^^^^^^^
175 | â€¦
    |

E501 Line too long (97 > 88)
   --> app\services\ai\context\context_builder.py:193:89
    |
192 |             if "<tool_response>" in msg.content:
193 |                 pattern = r"(Tool execution result for:.*?)?<tool_response>(.*?)</tool_response>"
    |                                                                                         ^^^^^^^^^
194 |                 matches = list(re.finditer(pattern, msg.content, re.DOTALL))
195 |                 for match in matches:
    |

E501 Line too long (89 > 88)
   --> app\services\ai\context\context_builder.py:201:89
    |
199 |                     tool_results.append(res)
200 |                     
201 |                 clean_content = re.sub(pattern, "", msg.content, flags=re.DOTALL).strip()
    |                                                                                         ^
202 |                 if clean_content:
203 |                      processed_history.append({"role": msg.role, "content": clean_content, "images": msg_images})
    |

E501 Line too long (113 > 88)
   --> app\services\ai\context\context_builder.py:203:89
    |
201 |                 clean_content = re.sub(pattern, "", msg.content, flags=re.DOTALL).strip()
202 |                 if clean_content:
203 |                      processed_history.append({"role": msg.role, "content": clean_content, "images": msg_images})
    |                                                                                         ^^^^^^^^^^^^^^^^^^^^^^^^^
204 |             else:
205 |                 processed_history.append({"role": msg.role, "content": msg.content, "images": msg_images})
    |

E501 Line too long (106 > 88)
   --> app\services\ai\context\context_builder.py:205:89
    |
203 |                      processed_history.append({"role": msg.role, "content": clean_content, "images": msg_images})
204 |             else:
205 |                 processed_history.append({"role": msg.role, "content": msg.content, "images": msg_images})
    |                                                                                         ^^^^^^^^^^^^^^^^^^
206 |                 
207 |         # --- Conversation Summarization Engine ---
    |

E501 Line too long (102 > 88)
   --> app\services\ai\context\context_builder.py:208:89
    |
207 |         # --- Conversation Summarization Engine ---
208 |         # Instead of truncating past N messages, we compress the older half into a dense summary block
    |                                                                                         ^^^^^^^^^^^^^^
209 |         MAX_TAIL = settings.max_history_messages
210 |         if len(processed_history) > MAX_TAIL:
    |

E501 Line too long (206 > 88)
   --> app\services\ai\context\context_builder.py:217:89
    |
215 | â€¦
216 | â€¦
217 | â€¦es, and established facts from these older conversation turns into a dense paragraph. Omit pleasantries:\\n\\n{old_messages}"
    |         ^^^^^^^^^^^^^^^^^^^^^^^^^^^^^^^^^^^^^^^^^^^^^^^^^^^^^^^^^^^^^^^^^^^^^^^^^^^^^^^^^^^^^^^^^^^^^^^^^^^^^^^^^^^^^^^^^^^^^^
218 | â€¦ent": compress_prompt}], intent="general")
219 | â€¦
    |

E501 Line too long (123 > 88)
   --> app\services\ai\context\context_builder.py:218:89
    |
216 | â€¦     if _router_instance:
217 | â€¦         compress_prompt = f"Summarize the core topics, user preferences, and established facts from these older conversation turns â€¦
218 | â€¦         summary = await _router_instance.chat([{"role": "user", "content": compress_prompt}], intent="general")
    |                                                                               ^^^^^^^^^^^^^^^^^^^^^^^^^^^^^^^^^^^
219 | â€¦         if summary:
220 | â€¦             summary_block = f"\\n\\n=== PAST CONVERSATION SUMMARY ===\\n{summary.strip()}\\n================================="
    |

E501 Line too long (138 > 88)
   --> app\services\ai\context\context_builder.py:220:89
    |
218 | â€¦     summary = await _router_instance.chat([{"role": "user", "content": compress_prompt}], intent="general")
219 | â€¦     if summary:
220 | â€¦         summary_block = f"\\n\\n=== PAST CONVERSATION SUMMARY ===\\n{summary.strip()}\\n================================="
    |                                                                           ^^^^^^^^^^^^^^^^^^^^^^^^^^^^^^^^^^^^^^^^^^^^^^^^^^
221 | â€¦         current_tokens += _estimate_tokens(summary_block)
222 | â€¦         system_blocks.append(summary_block)
    |

E501 Line too long (95 > 88)
   --> app\services\ai\context\context_builder.py:295:89
    |
293 |             f"docs:{stats['documents_used']}/{settings.max_document_chunks}, "
294 |             f"tools:{stats['tool_results_used']}/{settings.max_tool_results}, "
295 |             f"history:{stats['conversation_messages_used']}/{settings.max_history_messages}], "
    |                                                                                         ^^^^^^^
296 |             f"omitted=[mem:{stats['omitted_memories']}, docs:{stats['omitted_document_chunks']}, "
297 |             f"tools:{stats['omitted_tool_outputs']}, hist:{stats['omitted_conversation_messages']}], "
    |

E501 Line too long (98 > 88)
   --> app\services\ai\context\context_builder.py:296:89
    |
294 |             f"tools:{stats['tool_results_used']}/{settings.max_tool_results}, "
295 |             f"history:{stats['conversation_messages_used']}/{settings.max_history_messages}], "
296 |             f"omitted=[mem:{stats['omitted_memories']}, docs:{stats['omitted_document_chunks']}, "
    |                                                                                         ^^^^^^^^^^
297 |             f"tools:{stats['omitted_tool_outputs']}, hist:{stats['omitted_conversation_messages']}], "
298 |             f"tokens_used: {current_tokens}/{budget}"
    |

E501 Line too long (102 > 88)
   --> app\services\ai\context\context_builder.py:297:89
    |
295 |             f"history:{stats['conversation_messages_used']}/{settings.max_history_messages}], "
296 |             f"omitted=[mem:{stats['omitted_memories']}, docs:{stats['omitted_document_chunks']}, "
297 |             f"tools:{stats['omitted_tool_outputs']}, hist:{stats['omitted_conversation_messages']}], "
    |                                                                                         ^^^^^^^^^^^^^^
298 |             f"tokens_used: {current_tokens}/{budget}"
299 |         )
    |

I001 [*] Import block is un-sorted or un-formatted
 --> app\services\ai\embeddings\providers\gemini.py:1:1
  |
1 | / from google import genai
2 | |
3 | | from app.config import get_settings
4 | |
5 | | from .base import BaseEmbeddingProvider
  | |_______________________________________^
  |
help: Organize imports

I001 [*] Import block is un-sorted or un-formatted
 --> app\services\ai\intent_classifier.py:1:1
  |
1 | / import json
2 | | from app.dependencies import _router_instance
3 | | from app.services.ai.providers.exceptions import ProviderError
  | |______________________________________________________________^
4 |
5 |   class IntentClassifier:
  |
help: Organize imports

F401 [*] `app.services.ai.providers.exceptions.ProviderError` imported but unused
 --> app\services\ai\intent_classifier.py:3:50
  |
1 | import json
2 | from app.dependencies import _router_instance
3 | from app.services.ai.providers.exceptions import ProviderError
  |                                                  ^^^^^^^^^^^^^
4 |
5 | class IntentClassifier:
  |
help: Remove unused import: `app.services.ai.providers.exceptions.ProviderError`

E501 Line too long (104 > 88)
 --> app\services\ai\intent_classifier.py:7:89
  |
5 | class IntentClassifier:
6 |     """
7 |     Acts as the Fast Brain. Resolves user intents immediately before the slow context-assembly pipeline.
  |                                                                                         ^^^^^^^^^^^^^^^^
8 |     Bypassing Vector DBs and extensive prompt generation for simple atomic tasks saves tokens, compute, and latency.
9 |     """
  |

E501 Line too long (116 > 88)
  --> app\services\ai\intent_classifier.py:8:89
   |
 6 |     """
 7 |     Acts as the Fast Brain. Resolves user intents immediately before the slow context-assembly pipeline.
 8 |     Bypassing Vector DBs and extensive prompt generation for simple atomic tasks saves tokens, compute, and latency.
   |                                                                                         ^^^^^^^^^^^^^^^^^^^^^^^^^^^^
 9 |     """
10 |     def __init__(self):
   |

I001 [*] Import block is un-sorted or un-formatted
  --> app\services\ai\intent_classifier.py:32:13
   |
30 |           # We explicitly route this to the cheapest, fastest model possible
31 |           try:
32 | /             import typing
33 | |             from app.services.ai.providers.router import ProviderRouter
   | |_______________________________________________________________________^
34 |               router_inst = typing.cast(ProviderRouter, self.router)
35 |               # We enforce `intent="general"` which the ProviderRouter maps to Llama-3/Gemini Flash
   |
help: Organize imports

E501 Line too long (97 > 88)
  --> app\services\ai\intent_classifier.py:35:89
   |
33 |             from app.services.ai.providers.router import ProviderRouter
34 |             router_inst = typing.cast(ProviderRouter, self.router)
35 |             # We enforce `intent="general"` which the ProviderRouter maps to Llama-3/Gemini Flash
   |                                                                                         ^^^^^^^^^
36 |             result = await router_inst.chat(messages, intent="general")
37 |             start = result.find("{")
   |

E701 Multiple statements on one line (colon)
  --> app\services\ai\intent_classifier.py:49:86
   |
47 |         # Fallback to regex if LLM route fails/rejects
48 |         prompt_lower = prompt.lower()
49 |         if any(w in prompt_lower for w in ["remind", "todo", "alarm", "add to list"]): return "TASK"
   |                                                                                      ^
50 |         if any(w in prompt_lower for w in ["schedule", "meeting", "event", "calendar"]): return "CALENDAR"
51 |         if any(w in prompt_lower for w in ["search", "google", "weather", "news", "who won"]): return "SEARCH"
   |

E501 Line too long (100 > 88)
  --> app\services\ai\intent_classifier.py:49:89
   |
47 |         # Fallback to regex if LLM route fails/rejects
48 |         prompt_lower = prompt.lower()
49 |         if any(w in prompt_lower for w in ["remind", "todo", "alarm", "add to list"]): return "TASK"
   |                                                                                         ^^^^^^^^^^^^
50 |         if any(w in prompt_lower for w in ["schedule", "meeting", "event", "calendar"]): return "CALENDAR"
51 |         if any(w in prompt_lower for w in ["search", "google", "weather", "news", "who won"]): return "SEARCH"
   |

E701 Multiple statements on one line (colon)
  --> app\services\ai\intent_classifier.py:50:88
   |
48 |         prompt_lower = prompt.lower()
49 |         if any(w in prompt_lower for w in ["remind", "todo", "alarm", "add to list"]): return "TASK"
50 |         if any(w in prompt_lower for w in ["schedule", "meeting", "event", "calendar"]): return "CALENDAR"
   |                                                                                        ^
51 |         if any(w in prompt_lower for w in ["search", "google", "weather", "news", "who won"]): return "SEARCH"
52 |         if "my" in prompt_lower or "remember" in prompt_lower: return "MEMORY"
   |

E501 Line too long (106 > 88)
  --> app\services\ai\intent_classifier.py:50:89
   |
48 |         prompt_lower = prompt.lower()
49 |         if any(w in prompt_lower for w in ["remind", "todo", "alarm", "add to list"]): return "TASK"
50 |         if any(w in prompt_lower for w in ["schedule", "meeting", "event", "calendar"]): return "CALENDAR"
   |                                                                                         ^^^^^^^^^^^^^^^^^^
51 |         if any(w in prompt_lower for w in ["search", "google", "weather", "news", "who won"]): return "SEARCH"
52 |         if "my" in prompt_lower or "remember" in prompt_lower: return "MEMORY"
   |

E501 Line too long (110 > 88)
  --> app\services\ai\intent_classifier.py:51:89
   |
49 |         if any(w in prompt_lower for w in ["remind", "todo", "alarm", "add to list"]): return "TASK"
50 |         if any(w in prompt_lower for w in ["schedule", "meeting", "event", "calendar"]): return "CALENDAR"
51 |         if any(w in prompt_lower for w in ["search", "google", "weather", "news", "who won"]): return "SEARCH"
   |                                                                                         ^^^^^^^^^^^^^^^^^^^^^^
52 |         if "my" in prompt_lower or "remember" in prompt_lower: return "MEMORY"
   |

E701 Multiple statements on one line (colon)
  --> app\services\ai\intent_classifier.py:51:94
   |
49 |         if any(w in prompt_lower for w in ["remind", "todo", "alarm", "add to list"]): return "TASK"
50 |         if any(w in prompt_lower for w in ["schedule", "meeting", "event", "calendar"]): return "CALENDAR"
51 |         if any(w in prompt_lower for w in ["search", "google", "weather", "news", "who won"]): return "SEARCH"
   |                                                                                              ^
52 |         if "my" in prompt_lower or "remember" in prompt_lower: return "MEMORY"
   |

E701 Multiple statements on one line (colon)
  --> app\services\ai\intent_classifier.py:52:62
   |
50 |         if any(w in prompt_lower for w in ["schedule", "meeting", "event", "calendar"]): return "CALENDAR"
51 |         if any(w in prompt_lower for w in ["search", "google", "weather", "news", "who won"]): return "SEARCH"
52 |         if "my" in prompt_lower or "remember" in prompt_lower: return "MEMORY"
   |                                                              ^
53 |         
54 |         return "GENERAL"
   |

I001 [*] Import block is un-sorted or un-formatted
  --> app\services\ai\learning\miner.py:1:1
   |
 1 | / import asyncio
 2 | | import logging
 3 | | from sqlalchemy.ext.asyncio import AsyncSession
 4 | | from sqlalchemy import select
 5 | |
 6 | | from app.db.session import AsyncSessionLocal
 7 | | from app.db.models.message import Message
 8 | | from app.services.ai.providers.router import ProviderRouter
 9 | | from app.services.ai.memory.memory_service import MemoryExtractor
   | |_________________________________________________________________^
10 |
11 |   logger = logging.getLogger(__name__)
   |
help: Organize imports

E501 Line too long (114 > 88)
  --> app\services\ai\learning\miner.py:27:89
   |
25 |         Pull recent user trajectories from the db and compress memory facts out of them.
26 |         """
27 |         stmt = select(Message).where(Message.role == "user").order_by(Message.created_at.desc()).limit(batch_size)
   |                                                                                         ^^^^^^^^^^^^^^^^^^^^^^^^^^
28 |         result = await db.execute(stmt)
29 |         messages = result.scalars().all()
   |

E501 Line too long (102 > 88)
  --> app\services\ai\learning\miner.py:37:89
   |
35 |                 fact = await self.extractor.extract_memory(msg.content)
36 |                 if fact:
37 |                     # In a full implementation, we'd persist the memory item to the Memory table here.
   |                                                                                         ^^^^^^^^^^^^^^
38 |                     logger.info(f"[Trace Miner] Extracted new artifact: {fact}")
39 |                     extracted_count += 1
   |

E501 Line too long (113 > 88)
  --> app\services\ai\learning\miner.py:55:89
   |
53 |                     yielded = await self.mine_batch(db)
54 |                     if yielded > 0:
55 |                         logger.info(f"Trace Miner round successful. Yielded {yielded} structural optimizations.")
   |                                                                                         ^^^^^^^^^^^^^^^^^^^^^^^^^
56 |             except Exception as e:
57 |                 logger.error(f"Miner loop fatal error: {str(e)}")
   |

I001 [*] Import block is un-sorted or un-formatted
 --> app\services\ai\memory\__init__.py:1:1
  |
1 | / from .memory_service import MemoryService
2 | | from .memory_detector import MemoryDetector
3 | | from .memory_extractor import MemoryExtractor
  | |_____________________________________________^
4 |
5 |   __all__ = [
  |
help: Organize imports

I001 [*] Import block is un-sorted or un-formatted
 --> app\services\ai\planner\agents\deep_research.py:1:1
  |
1 | / import logging
2 | | import asyncio
3 | | from typing import AsyncGenerator
4 | | from app.services.ai.tools.web_search import WebSearchTool
5 | | from app.integrations.search.tavily import TavilySearchProvider
6 | | from app.services.ai.providers.router import ProviderRouter
  | |___________________________________________________________^
7 |
8 |   logger = logging.getLogger(__name__)
  |
help: Organize imports

UP035 [*] Import from `collections.abc` instead: `AsyncGenerator`
 --> app\services\ai\planner\agents\deep_research.py:3:1
  |
1 | import logging
2 | import asyncio
3 | from typing import AsyncGenerator
  | ^^^^^^^^^^^^^^^^^^^^^^^^^^^^^^^^^
4 | from app.services.ai.tools.web_search import WebSearchTool
5 | from app.integrations.search.tavily import TavilySearchProvider
  |
help: Import from `collections.abc`

F401 [*] `typing.AsyncGenerator` imported but unused
 --> app\services\ai\planner\agents\deep_research.py:3:20
  |
1 | import logging
2 | import asyncio
3 | from typing import AsyncGenerator
  |                    ^^^^^^^^^^^^^^
4 | from app.services.ai.tools.web_search import WebSearchTool
5 | from app.integrations.search.tavily import TavilySearchProvider
  |
help: Remove unused import: `typing.AsyncGenerator`

E501 Line too long (91 > 88)
  --> app\services\ai\planner\agents\deep_research.py:13:89
   |
11 |     """
12 |     Dedicated Multi-Hop planner explicitly designed to structure comprehensive 
13 |     Markdown artifacts utilizing sequential web searches over generic conversational loops.
   |                                                                                         ^^^
14 |     """
15 |     def __init__(self, router: ProviderRouter):
   |

E501 Line too long (160 > 88)
  --> app\services\ai\planner\agents\deep_research.py:24:89
   |
22 | â€¦ntent
23 | â€¦trategist. 
24 | â€¦ee (3) distinct Google search queries that would yield the most comprehensive information to solve it.
   |                                ^^^^^^^^^^^^^^^^^^^^^^^^^^^^^^^^^^^^^^^^^^^^^^^^^^^^^^^^^^^^^^^^^^^^^^^^
25 | â€¦without numbering. 
26 | â€¦
   |

E501 Line too long (143 > 88)
  --> app\services\ai\planner\agents\deep_research.py:29:89
   |
28 | â€¦
29 | â€¦ecute_with_router("chat", [{"role": "user", "content": synthesis_prompt}], intent="reasoning")
   |                                         ^^^^^^^^^^^^^^^^^^^^^^^^^^^^^^^^^^^^^^^^^^^^^^^^^^^^^^^
30 | â€¦
31 | â€¦
   |

E501 Line too long (95 > 88)
  --> app\services\ai\planner\agents\deep_research.py:37:89
   |
35 |             queries = [q.strip() for q in queries_text.split(",")][:3]
36 |         except Exception as e:
37 |             logger.warning(f"Failed to generate search schema, falling back to raw query. {e}")
   |                                                                                         ^^^^^^^
38 |             queries = [query]
   |

E501 Line too long (97 > 88)
  --> app\services\ai\planner\agents\deep_research.py:43:89
   |
42 |         # 2. Execute parallel search abstractions
43 |         search_tasks = [self.search_tool.execute(execution_context={}, query=q) for q in queries]
   |                                                                                         ^^^^^^^^^
44 |         search_reports = await asyncio.gather(*search_tasks, return_exceptions=True)
   |

E501 Line too long (141 > 88)
  --> app\services\ai\planner\agents\deep_research.py:55:89
   |
53 | â€¦
54 | â€¦ Deep Research agent.
55 | â€¦generate a highly comprehensive, academic-grade markdown report answering the original query.
   |                                          ^^^^^^^^^^^^^^^^^^^^^^^^^^^^^^^^^^^^^^^^^^^^^^^^^^^^^
56 | â€¦s mapping to the URLs provided in the excerpts!
   |

E501 Line too long (95 > 88)
  --> app\services\ai\planner\agents\deep_research.py:56:89
   |
54 |         final_prompt = f"""You are a specialized Deep Research agent.
55 | Using ONLY the following verified web excerpts, generate a highly comprehensive, academic-grade markdown report answering the originalâ€¦
56 | IMPORTANT: You MUST include inline citation links mapping to the URLs provided in the excerpts!
   |                                                                                         ^^^^^^^
57 |
58 | User Query: {query}
   |

E501 Line too long (139 > 88)
  --> app\services\ai\planner\agents\deep_research.py:65:89
   |
64 | â€¦
65 | â€¦xecute_with_router("chat", [{"role": "system", "content": final_prompt}], intent="long_doc")
   |                                           ^^^^^^^^^^^^^^^^^^^^^^^^^^^^^^^^^^^^^^^^^^^^^^^^^^^
66 | â€¦
67 | â€¦
   |

I001 [*] Import block is un-sorted or un-formatted
  --> app\services\ai\planner\executor.py:1:1
   |
 1 | / import logging
 2 | | import json
 3 | | from typing import AsyncGenerator
 4 | |
 5 | | from app.config import settings
 6 | | from app.schemas.tool import ToolRequest, ToolResponse
 7 | | from app.services.ai.tools.orchestrator import ToolOrchestrator
 8 | | from app.services.ai.tools.strategies import ToolInvocationStrategy
 9 | | from .planner import Planner
10 | | from .state import ExecutionStateManager
   | |________________________________________^
11 |
12 |   logger = logging.getLogger(__name__)
   |
help: Organize imports

UP035 [*] Import from `collections.abc` instead: `AsyncGenerator`
 --> app\services\ai\planner\executor.py:3:1
  |
1 | import logging
2 | import json
3 | from typing import AsyncGenerator
  | ^^^^^^^^^^^^^^^^^^^^^^^^^^^^^^^^^
4 |
5 | from app.config import settings
  |
help: Import from `collections.abc`

F401 [*] `app.schemas.tool.ToolRequest` imported but unused
 --> app\services\ai\planner\executor.py:6:30
  |
5 | from app.config import settings
6 | from app.schemas.tool import ToolRequest, ToolResponse
  |                              ^^^^^^^^^^^
7 | from app.services.ai.tools.orchestrator import ToolOrchestrator
8 | from app.services.ai.tools.strategies import ToolInvocationStrategy
  |
help: Remove unused import: `app.schemas.tool.ToolRequest`

E501 Line too long (107 > 88)
  --> app\services\ai\planner\executor.py:27:89
   |
25 |         self.intent = intent
26 |
27 |     async def run(self, query: str, context: dict, messages: list[dict], tools_payload: list[dict]) -> str:
   |                                                                                         ^^^^^^^^^^^^^^^^^^^
28 |         state_mgr = ExecutionStateManager(query)
29 |         final_answer = ""
   |

E501 Line too long (118 > 88)
  --> app\services\ai\planner\executor.py:36:89
   |
34 |             state_mgr.increment_step()
35 |             
36 |             raw_response, has_tool, tool_requests, direct_text = await self.planner.plan_step(messages, tools_payload)
   |                                                                                         ^^^^^^^^^^^^^^^^^^^^^^^^^^^^^^
37 |             
38 |             if not has_tool:
   |

E501 Line too long (98 > 88)
  --> app\services\ai\planner\executor.py:56:89
   |
54 | â€¦     tool_instance = self.orchestrator.registry.get_tool(req.name)
55 | â€¦     if tool_instance and tool_instance.requires_confirmation:
56 | â€¦          # Halt bulk execution in non-streaming mode if it encounters unapproved tasks
   |                                                                               ^^^^^^^^^^
57 | â€¦          err_res = ToolResponse(id=req.id, name=req.name, content="ERROR: Requires user confirmation. Use Plan Approval workflow.", â€¦
58 | â€¦          tool_responses.append(err_res)
   |

E501 Line too long (158 > 88)
  --> app\services\ai\planner\executor.py:57:89
   |
55 | â€¦es_confirmation:
56 | â€¦ng mode if it encounters unapproved tasks
57 | â€¦me=req.name, content="ERROR: Requires user confirmation. Use Plan Approval workflow.", is_error=True)
   |                                 ^^^^^^^^^^^^^^^^^^^^^^^^^^^^^^^^^^^^^^^^^^^^^^^^^^^^^^^^^^^^^^^^^^^^^^
58 | â€¦
59 | â€¦
   |

E501 Line too long (99 > 88)
  --> app\services\ai\planner\executor.py:66:89
   |
64 |                     tool_responses.append(res)
65 |                 except Exception as e:
66 |                     err_res = ToolResponse(id=req.id, name=req.name, content=str(e), is_error=True)
   |                                                                                         ^^^^^^^^^^^
67 |                     state_mgr.record_tool_result(req, err_res)
68 |                     tool_responses.append(err_res)
   |

E501 Line too long (115 > 88)
  --> app\services\ai\planner\executor.py:70:89
   |
68 |                     tool_responses.append(err_res)
69 |             
70 |             messages.extend(self.strategy.format_responses_to_messages(tool_responses, raw_tool_call=raw_response))
   |                                                                                         ^^^^^^^^^^^^^^^^^^^^^^^^^^^
71 |             
72 |         state_mgr.terminate(final_answer)
   |

E501 Line too long (114 > 88)
  --> app\services\ai\planner\executor.py:73:89
   |
72 |         state_mgr.terminate(final_answer)
73 |         logger.info(f"Agent finished in {state_mgr.state.completed_steps} steps. State: {state_mgr.execution_id}")
   |                                                                                         ^^^^^^^^^^^^^^^^^^^^^^^^^^
74 |         return final_answer
   |

E501 Line too long (136 > 88)
  --> app\services\ai\planner\executor.py:76:89
   |
74 | â€¦
75 | â€¦
76 | â€¦text: dict, messages: list[dict], tools_payload: list[dict]) -> AsyncGenerator[str, None]:
   |                                            ^^^^^^^^^^^^^^^^^^^^^^^^^^^^^^^^^^^^^^^^^^^^^^^^
77 | â€¦y)
78 | â€¦
   |

E501 Line too long (116 > 88)
  --> app\services\ai\planner\executor.py:89:89
   |
87 |             is_tool_call_predicted = False
88 |             
89 |             async for chunk in self.planner.provider.stream_chat(messages, tools=tools_payload, intent=self.intent):
   |                                                                                         ^^^^^^^^^^^^^^^^^^^^^^^^^^^^
90 |                 if not isinstance(chunk, str):
91 |                     is_tool_call_predicted = True
   |

E501 Line too long (92 > 88)
   --> app\services\ai\planner\executor.py:106:89
    |
104 |                 break
105 |                 
106 |             source_payload = collected_response_obj if collected_response_obj else full_text
    |                                                                                         ^^^^
107 |             has_tool, tool_requests = self.strategy.extract_requests(source_payload)
    |

E501 Line too long (110 > 88)
   --> app\services\ai\planner\executor.py:121:89
    |
120 |             if requires_approval:
121 |                 plan_payload = [{"id": r.id, "name": r.name, "arguments": r.arguments} for r in tool_requests]
    |                                                                                         ^^^^^^^^^^^^^^^^^^^^^^
122 |                 yield f"data: {json.dumps({'type': 'plan_approval', 'plan': plan_payload})}\n\n"
123 |                 state_mgr.terminate("Awaiting plan approval")
    |

E501 Line too long (96 > 88)
   --> app\services\ai\planner\executor.py:122:89
    |
120 |             if requires_approval:
121 |                 plan_payload = [{"id": r.id, "name": r.name, "arguments": r.arguments} for r in tool_requests]
122 |                 yield f"data: {json.dumps({'type': 'plan_approval', 'plan': plan_payload})}\n\n"
    |                                                                                         ^^^^^^^^
123 |                 state_mgr.terminate("Awaiting plan approval")
124 |                 break
    |

E501 Line too long (91 > 88)
   --> app\services\ai\planner\executor.py:126:89
    |
124 |                 break
125 |
126 |             yield f"data: {json.dumps({'type': 'tool', 'name': 'Executing tools...'})}\n\n"
    |                                                                                         ^^^
127 |             
128 |             messages.extend(self.strategy.format_assistant_message(source_payload))
    |

E501 Line too long (99 > 88)
   --> app\services\ai\planner\executor.py:145:89
    |
143 |                     tool_responses.append(res)
144 |                 except Exception as e:
145 |                     err_res = ToolResponse(id=req.id, name=req.name, content=str(e), is_error=True)
    |                                                                                         ^^^^^^^^^^^
146 |                     state_mgr.record_tool_result(req, err_res)
147 |                     tool_responses.append(err_res)
    |

E501 Line too long (117 > 88)
   --> app\services\ai\planner\executor.py:149:89
    |
147 |                     tool_responses.append(err_res)
148 |                     
149 |             messages.extend(self.strategy.format_responses_to_messages(tool_responses, raw_tool_call=source_payload))
    |                                                                                         ^^^^^^^^^^^^^^^^^^^^^^^^^^^^^
150 |             
151 |         state_mgr.terminate(final_answer)
    |

E501 Line too long (124 > 88)
   --> app\services\ai\planner\executor.py:152:89
    |
151 |         state_mgr.terminate(final_answer)
152 |         logger.info(f"Streaming Agent finished in {state_mgr.state.completed_steps} steps. State: {state_mgr.execution_id}")
    |                                                                                         ^^^^^^^^^^^^^^^^^^^^^^^^^^^^^^^^^^^^
    |

I001 [*] Import block is un-sorted or un-formatted
 --> app\services\ai\planner\models.py:1:1
  |
1 | / from pydantic import BaseModel, Field
2 | | from typing import List, Dict, Any, Optional
3 | | from datetime import datetime, timezone
  | |_______________________________________^
4 |
5 |   class AgentExecutionState(BaseModel):
  |
help: Organize imports

UP035 `typing.List` is deprecated, use `list` instead
 --> app\services\ai\planner\models.py:2:1
  |
1 | from pydantic import BaseModel, Field
2 | from typing import List, Dict, Any, Optional
  | ^^^^^^^^^^^^^^^^^^^^^^^^^^^^^^^^^^^^^^^^^^^^
3 | from datetime import datetime, timezone
  |

UP035 `typing.Dict` is deprecated, use `dict` instead
 --> app\services\ai\planner\models.py:2:1
  |
1 | from pydantic import BaseModel, Field
2 | from typing import List, Dict, Any, Optional
  | ^^^^^^^^^^^^^^^^^^^^^^^^^^^^^^^^^^^^^^^^^^^^
3 | from datetime import datetime, timezone
  |

UP006 [*] Use `list` instead of `List` for type annotation
  --> app\services\ai\planner\models.py:11:21
   |
 9 |     completed_steps: int = 0
10 |     pending_steps: int = 0
11 |     executed_tools: List[str] = Field(default_factory=list)
   |                     ^^^^
12 |     intermediate_results: Dict[str, Any] = Field(default_factory=dict)
13 |     tool_errors: List[str] = Field(default_factory=list)
   |
help: Replace with `list`

UP006 [*] Use `dict` instead of `Dict` for type annotation
  --> app\services\ai\planner\models.py:12:27
   |
10 |     pending_steps: int = 0
11 |     executed_tools: List[str] = Field(default_factory=list)
12 |     intermediate_results: Dict[str, Any] = Field(default_factory=dict)
   |                           ^^^^
13 |     tool_errors: List[str] = Field(default_factory=list)
14 |     total_tool_calls: int = 0
   |
help: Replace with `dict`

UP006 [*] Use `list` instead of `List` for type annotation
  --> app\services\ai\planner\models.py:13:18
   |
11 |     executed_tools: List[str] = Field(default_factory=list)
12 |     intermediate_results: Dict[str, Any] = Field(default_factory=dict)
13 |     tool_errors: List[str] = Field(default_factory=list)
   |                  ^^^^
14 |     total_tool_calls: int = 0
15 |     start_time: datetime = Field(default_factory=lambda: datetime.now(timezone.utc))
   |
help: Replace with `list`

UP017 [*] Use `datetime.UTC` alias
  --> app\services\ai\planner\models.py:15:71
   |
13 |     tool_errors: List[str] = Field(default_factory=list)
14 |     total_tool_calls: int = 0
15 |     start_time: datetime = Field(default_factory=lambda: datetime.now(timezone.utc))
   |                                                                       ^^^^^^^^^^^^
16 |     end_time: Optional[datetime] = None
17 |     final_answer: Optional[str] = None
   |
help: Convert to `datetime.UTC` alias

UP045 [*] Use `X | None` for type annotations
  --> app\services\ai\planner\models.py:16:15
   |
14 |     total_tool_calls: int = 0
15 |     start_time: datetime = Field(default_factory=lambda: datetime.now(timezone.utc))
16 |     end_time: Optional[datetime] = None
   |               ^^^^^^^^^^^^^^^^^^
17 |     final_answer: Optional[str] = None
   |
help: Convert to `X | None`

UP045 [*] Use `X | None` for type annotations
  --> app\services\ai\planner\models.py:17:19
   |
15 |     start_time: datetime = Field(default_factory=lambda: datetime.now(timezone.utc))
16 |     end_time: Optional[datetime] = None
17 |     final_answer: Optional[str] = None
   |                   ^^^^^^^^^^^^^
   |
help: Convert to `X | None`

I001 [*] Import block is un-sorted or un-formatted
 --> app\services\ai\planner\planner.py:1:1
  |
1 | / import logging
2 | | from typing import List, Tuple, Any
3 | |
4 | | from app.services.ai.providers.base import BaseLLMProvider
5 | | from app.services.ai.tools.strategies import ToolInvocationStrategy
6 | | from app.schemas.tool import ToolRequest
  | |________________________________________^
7 |
8 |   logger = logging.getLogger(__name__)
  |
help: Organize imports

UP035 `typing.List` is deprecated, use `list` instead
 --> app\services\ai\planner\planner.py:2:1
  |
1 | import logging
2 | from typing import List, Tuple, Any
  | ^^^^^^^^^^^^^^^^^^^^^^^^^^^^^^^^^^^
3 |
4 | from app.services.ai.providers.base import BaseLLMProvider
  |

UP035 `typing.Tuple` is deprecated, use `tuple` instead
 --> app\services\ai\planner\planner.py:2:1
  |
1 | import logging
2 | from typing import List, Tuple, Any
  | ^^^^^^^^^^^^^^^^^^^^^^^^^^^^^^^^^^^
3 |
4 | from app.services.ai.providers.base import BaseLLMProvider
  |

E501 Line too long (109 > 88)
  --> app\services\ai\planner\planner.py:11:89
   |
10 | class Planner:
11 |     def __init__(self, provider: BaseLLMProvider, strategy: ToolInvocationStrategy, intent: str = "general"):
   |                                                                                         ^^^^^^^^^^^^^^^^^^^^^
12 |         self.provider = provider
13 |         self.strategy = strategy
   |

UP006 [*] Use `list` instead of `List` for type annotation
  --> app\services\ai\planner\planner.py:16:41
   |
14 |         self.intent = intent
15 |
16 |     async def plan_step(self, messages: List[dict], tools_payload: List[dict]) -> Tuple[Any, bool, List[ToolRequest], str]:
   |                                         ^^^^
17 |         """
18 |         Determines the next action iteratively based on context.
   |
help: Replace with `list`

UP006 [*] Use `list` instead of `List` for type annotation
  --> app\services\ai\planner\planner.py:16:68
   |
14 |         self.intent = intent
15 |
16 |     async def plan_step(self, messages: List[dict], tools_payload: List[dict]) -> Tuple[Any, bool, List[ToolRequest], str]:
   |                                                                    ^^^^
17 |         """
18 |         Determines the next action iteratively based on context.
   |
help: Replace with `list`

UP006 [*] Use `tuple` instead of `Tuple` for type annotation
  --> app\services\ai\planner\planner.py:16:83
   |
14 |         self.intent = intent
15 |
16 |     async def plan_step(self, messages: List[dict], tools_payload: List[dict]) -> Tuple[Any, bool, List[ToolRequest], str]:
   |                                                                                   ^^^^^
17 |         """
18 |         Determines the next action iteratively based on context.
   |
help: Replace with `tuple`

E501 Line too long (123 > 88)
  --> app\services\ai\planner\planner.py:16:89
   |
14 |         self.intent = intent
15 |
16 |     async def plan_step(self, messages: List[dict], tools_payload: List[dict]) -> Tuple[Any, bool, List[ToolRequest], str]:
   |                                                                                         ^^^^^^^^^^^^^^^^^^^^^^^^^^^^^^^^^^^
17 |         """
18 |         Determines the next action iteratively based on context.
   |

UP006 [*] Use `list` instead of `List` for type annotation
  --> app\services\ai\planner\planner.py:16:100
   |
14 |         self.intent = intent
15 |
16 |     async def plan_step(self, messages: List[dict], tools_payload: List[dict]) -> Tuple[Any, bool, List[ToolRequest], str]:
   |                                                                                                    ^^^^
17 |         """
18 |         Determines the next action iteratively based on context.
   |
help: Replace with `list`

E501 Line too long (98 > 88)
  --> app\services\ai\planner\planner.py:21:89
   |
19 |         Returns: (raw_response_obj, has_tools, tool_requests, direct_text)
20 |         """
21 |         response_obj = await self.provider.chat(messages, tools=tools_payload, intent=self.intent)
   |                                                                                         ^^^^^^^^^^
22 |         has_tool, tool_requests = self.strategy.extract_requests(response_obj)
23 |         direct_text = self.strategy.get_text_from_response(response_obj)
   |

I001 [*] Import block is un-sorted or un-formatted
  --> app\services\ai\planner\state.py:1:1
   |
 1 | / import hashlib
 2 | | import json
 3 | | import uuid
 4 | | from datetime import datetime, timezone
 5 | | from typing import Optional
 6 | |
 7 | | from app.schemas.tool import ToolRequest, ToolResponse
 8 | | from .models import AgentExecutionState
   | |_______________________________________^
 9 |
10 |   class ExecutionStateManager:
   |
help: Organize imports

UP045 [*] Use `X | None` for type annotations
  --> app\services\ai\planner\state.py:24:56
   |
22 |         return hashlib.sha256(payload_str.encode("utf-8")).hexdigest()
23 |
24 |     def check_duplicate(self, request: ToolRequest) -> Optional[ToolResponse]:
   |                                                        ^^^^^^^^^^^^^^^^^^^^^^
25 |         call_hash = self._hash_tool_call(request)
26 |         return self.tool_cache.get(call_hash)
   |
help: Convert to `X | None`

UP017 [*] Use `datetime.UTC` alias
  --> app\services\ai\planner\state.py:48:44
   |
47 |     def terminate(self, answer: str):
48 |         self.state.end_time = datetime.now(timezone.utc)
   |                                            ^^^^^^^^^^^^
49 |         self.state.final_answer = answer
   |
help: Convert to `datetime.UTC` alias

I001 [*] Import block is un-sorted or un-formatted
 --> app\services\ai\providers\base.py:1:1
  |
1 | / from abc import ABC, abstractmethod
2 | | from collections.abc import AsyncGenerator
3 | | from app.services.ai.providers.metadata import ProviderMetadata
4 | | from typing import Any
  | |______________________^
  |
help: Organize imports

I001 [*] Import block is un-sorted or un-formatted
  --> app\services\ai\providers\gemini_provider.py:1:1
   |
 1 | / from google import genai
 2 | | import json
 3 | | from typing import Any
 4 | | from collections.abc import AsyncGenerator
 5 | |
 6 | | from app.config import get_settings
 7 | | from app.services.ai.prompts import PromptBuilder
 8 | | from app.services.ai.providers.base import BaseLLMProvider
 9 | | from app.services.ai.providers.metadata import ProviderMetadata
10 | | from app.services.ai.providers.exceptions import ProviderTransientError
   | |_______________________________________________________________________^
11 |
12 |   settings = get_settings()
   |
help: Organize imports

I001 [*] Import block is un-sorted or un-formatted
  --> app\services\ai\providers\gemini_provider.py:65:9
   |
63 |           print("===================================================\n\n")
64 |
65 | /         import base64
66 | |         import google.genai.types as gt
   | |_______________________________________^
67 |           
68 |           contents: list[Any] = [prompt_text]
   |
help: Organize imports

E501 Line too long (97 > 88)
  --> app\services\ai\providers\gemini_provider.py:86:89
   |
84 |             tools = []
85 |             
86 |         # Give Gemini explicit access to its own Search Grounding allowing it to choose vs Tavily
   |                                                                                         ^^^^^^^^^
87 |         tools.append({"google_search": {}})
   |

E501 Line too long (97 > 88)
   --> app\services\ai\providers\gemini_provider.py:102:89
    |
100 |                 config=config,
101 |             )
102 |             # We return the response object rather than just string for tools strategy to inspect
    |                                                                                         ^^^^^^^^^
103 |             return response
104 |         except Exception as e:
    |

B904 Within an `except` clause, raise exceptions with `raise ... from err` or `raise ... from None` to distinguish them from errors in exception handling
   --> app\services\ai\providers\gemini_provider.py:105:13
    |
103 |             return response
104 |         except Exception as e:
105 |             raise ProviderTransientError(f"Gemini API failure: {str(e)}")
    |             ^^^^^^^^^^^^^^^^^^^^^^^^^^^^^^^^^^^^^^^^^^^^^^^^^^^^^^^^^^^^^
106 |
107 |     async def generate_title(
    |

I001 [*] Import block is un-sorted or un-formatted
   --> app\services\ai\providers\gemini_provider.py:135:9
    |
133 |           print("==========================================================\n\n")
134 |
135 | /         import base64
136 | |         import google.genai.types as gt
    | |_______________________________________^
137 |           
138 |           contents: list[Any] = [prompt_text]
    |
help: Organize imports

E501 Line too long (92 > 88)
   --> app\services\ai\providers\gemini_provider.py:152:89
    |
150 |                         pass
151 |
152 |         # Give Gemini explicit access to its own Search Grounding natively for streaming too
    |                                                                                         ^^^^
153 |         if tools is None:
154 |             tools = []
    |

B904 Within an `except` clause, raise exceptions with `raise ... from err` or `raise ... from None` to distinguish them from errors in exception handling
   --> app\services\ai\providers\gemini_provider.py:178:13
    |
176 |                     yield chunk.text
177 |         except Exception as e:
178 |             raise ProviderTransientError(f"Gemini stream failure: {str(e)}")
    |             ^^^^^^^^^^^^^^^^^^^^^^^^^^^^^^^^^^^^^^^^^^^^^^^^^^^^^^^^^^^^^^^^
179 |     
180 |     async def extract_memory(
    |

I001 [*] Import block is un-sorted or un-formatted
 --> app\services\ai\providers\metadata.py:1:1
  |
1 | from pydantic import BaseModel
  | ^^^^^^^^^^^^^^^^^^^^^^^^^^^^^^
2 |
3 | class ProviderMetadata(BaseModel):
  |
help: Organize imports

I001 [*] Import block is un-sorted or un-formatted
 --> app\services\ai\providers\ollama.py:1:1
  |
1 | / import ollama
2 | | from typing import Any
3 | | from collections.abc import AsyncGenerator
4 | |
5 | | import httpx
6 | | from app.services.ai.prompts import PromptBuilder
7 | | from app.services.ai.providers.base import BaseLLMProvider
8 | | from app.services.ai.providers.metadata import ProviderMetadata
9 | | from app.services.ai.providers.exceptions import ProviderTransientError
  | |_______________________________________________________________________^
  |
help: Organize imports

E501 Line too long (89 > 88)
  --> app\services\ai\providers\ollama.py:57:89
   |
55 |             )
56 |             content = response["message"]["content"]
57 |             content = re.sub(r"<think>.*?</think>", "", content, flags=re.DOTALL).strip()
   |                                                                                         ^
58 |             return content
59 |         except Exception as e:
   |

B904 Within an `except` clause, raise exceptions with `raise ... from err` or `raise ... from None` to distinguish them from errors in exception handling
  --> app\services\ai\providers\ollama.py:60:13
   |
58 |             return content
59 |         except Exception as e:
60 |             raise ProviderTransientError(f"Ollama chat error: {str(e)}")
   |             ^^^^^^^^^^^^^^^^^^^^^^^^^^^^^^^^^^^^^^^^^^^^^^^^^^^^^^^^^^^^
61 |
62 |     async def stream_chat(
   |

E501 Line too long (98 > 88)
  --> app\services\ai\providers\ollama.py:91:89
   |
89 |                     text = parts[1] if len(parts) > 1 else ""
90 |                     
91 |                 # In case the model generates thinking tags perfectly delimited, the above works. 
   |                                                                                         ^^^^^^^^^^
92 |                 # If they are chunked partially, Ollama commonly yields them as whole tokens `<think>`.
93 |                 if not is_thinking and text:
   |

E501 Line too long (103 > 88)
  --> app\services\ai\providers\ollama.py:92:89
   |
91 |                 # In case the model generates thinking tags perfectly delimited, the above works. 
92 |                 # If they are chunked partially, Ollama commonly yields them as whole tokens `<think>`.
   |                                                                                         ^^^^^^^^^^^^^^^
93 |                 if not is_thinking and text:
94 |                     yield text
   |

B904 Within an `except` clause, raise exceptions with `raise ... from err` or `raise ... from None` to distinguish them from errors in exception handling
  --> app\services\ai\providers\ollama.py:96:13
   |
94 |                     yield text
95 |         except Exception as e:
96 |             raise ProviderTransientError(f"Ollama stream error: {str(e)}")
   |             ^^^^^^^^^^^^^^^^^^^^^^^^^^^^^^^^^^^^^^^^^^^^^^^^^^^^^^^^^^^^^^
97 |
98 |     async def generate_title(
   |

I001 [*] Import block is un-sorted or un-formatted
 --> app\services\ai\providers\openai_provider.py:1:1
  |
1 | / import json
2 | | import httpx
3 | | from typing import Any
4 | | from collections.abc import AsyncGenerator
5 | |
6 | | from app.services.ai.prompts import PromptBuilder
7 | | from app.services.ai.providers.base import BaseLLMProvider
8 | | from app.services.ai.providers.metadata import ProviderMetadata
9 | | from app.services.ai.providers.exceptions import ProviderTransientError, ProviderError
  | |______________________________________________________________________________________^
  |
help: Organize imports

E501 Line too long (89 > 88)
  --> app\services\ai\providers\openai_provider.py:13:89
   |
12 | class OpenAICompatibleProvider(BaseLLMProvider):
13 |     def __init__(self, api_key: str, base_url: str, model_name: str, provider_name: str):
   |                                                                                         ^
14 |         self.api_key = api_key
15 |         self.base_url = base_url if not base_url.endswith("/") else base_url[:-1]
   |

E501 Line too long (100 > 88)
  --> app\services\ai\providers\openai_provider.py:47:89
   |
45 |             # We can perform a lightweight list models request
46 |             async with httpx.AsyncClient() as client:
47 |                 res = await client.get(f"{self.base_url}/models", headers=self.headers, timeout=5.0)
   |                                                                                         ^^^^^^^^^^^^
48 |                 return res.status_code == 200
49 |         except Exception:
   |

E501 Line too long (109 > 88)
  --> app\services\ai\providers\openai_provider.py:58:89
   |
56 |         openai_tools = []
57 |         for t in tools:
58 |             # Assumes Gemini/Standard tool schemas are converted correctly or tools are sent in OpenAI format
   |                                                                                         ^^^^^^^^^^^^^^^^^^^^^
59 |             # Normally tool orchestrators output OpenAI compatible json.
60 |             func_dict = t.get("functionDeclarations", [])
   |

E501 Line too long (105 > 88)
   --> app\services\ai\providers\openai_provider.py:103:89
    |
101 |                 data = response.json()
102 |                 
103 |                 # We need to construct a response that NativeFunctionStrategy can parse if tooling fires.
    |                                                                                         ^^^^^^^^^^^^^^^^^
104 |                 # However we'll return raw data or simple string if no tools.
105 |                 msg = data["choices"][0]["message"]
    |

B904 Within an `except` clause, raise exceptions with `raise ... from err` or `raise ... from None` to distinguish them from errors in exception handling
   --> app\services\ai\providers\openai_provider.py:115:17
    |
113 | â€¦ept httpx.HTTPStatusError as e:
114 | â€¦ if e.response.status_code in (429, 408, 500, 502, 503, 504):
115 | â€¦     raise ProviderTransientError(f"{self.provider_name} API transient failure ({e.response.status_code}): {e.response.text}")
    |       ^^^^^^^^^^^^^^^^^^^^^^^^^^^^^^^^^^^^^^^^^^^^^^^^^^^^^^^^^^^^^^^^^^^^^^^^^^^^^^^^^^^^^^^^^^^^^^^^^^^^^^^^^^^^^^^^^^^^^^^^^
116 | â€¦ else:
117 | â€¦     raise ProviderError(f"{self.provider_name} non-transient API failure ({e.response.status_code}): {e.response.text}")
    |

E501 Line too long (137 > 88)
   --> app\services\ai\providers\openai_provider.py:115:89
    |
113 | â€¦
114 | â€¦408, 500, 502, 503, 504):
115 | â€¦{self.provider_name} API transient failure ({e.response.status_code}): {e.response.text}")
    |                                           ^^^^^^^^^^^^^^^^^^^^^^^^^^^^^^^^^^^^^^^^^^^^^^^^^
116 | â€¦
117 | â€¦vider_name} non-transient API failure ({e.response.status_code}): {e.response.text}")
    |

B904 Within an `except` clause, raise exceptions with `raise ... from err` or `raise ... from None` to distinguish them from errors in exception handling
   --> app\services\ai\providers\openai_provider.py:117:17
    |
115 | â€¦        raise ProviderTransientError(f"{self.provider_name} API transient failure ({e.response.status_code}): {e.response.text}")
116 | â€¦    else:
117 | â€¦        raise ProviderError(f"{self.provider_name} non-transient API failure ({e.response.status_code}): {e.response.text}")
    |          ^^^^^^^^^^^^^^^^^^^^^^^^^^^^^^^^^^^^^^^^^^^^^^^^^^^^^^^^^^^^^^^^^^^^^^^^^^^^^^^^^^^^^^^^^^^^^^^^^^^^^^^^^^^^^^^^^^^^
118 | â€¦except Exception as e:
119 | â€¦    raise ProviderTransientError(f"{self.provider_name} API failure: {str(e)}")
    |

E501 Line too long (132 > 88)
   --> app\services\ai\providers\openai_provider.py:117:89
    |
115 | â€¦(f"{self.provider_name} API transient failure ({e.response.status_code}): {e.response.text}")
116 | â€¦
117 | â€¦provider_name} non-transient API failure ({e.response.status_code}): {e.response.text}")
    |                                              ^^^^^^^^^^^^^^^^^^^^^^^^^^^^^^^^^^^^^^^^^^^^
118 | â€¦
119 | â€¦self.provider_name} API failure: {str(e)}")
    |

B904 Within an `except` clause, raise exceptions with `raise ... from err` or `raise ... from None` to distinguish them from errors in exception handling
   --> app\services\ai\providers\openai_provider.py:119:13
    |
117 |                 raise ProviderError(f"{self.provider_name} non-transient API failure ({e.response.status_code}): {e.response.text}")
118 |         except Exception as e:
119 |             raise ProviderTransientError(f"{self.provider_name} API failure: {str(e)}")
    |             ^^^^^^^^^^^^^^^^^^^^^^^^^^^^^^^^^^^^^^^^^^^^^^^^^^^^^^^^^^^^^^^^^^^^^^^^^^^
120 |
121 |     async def generate_title(self, first_message: str) -> str:
    |

B904 Within an `except` clause, raise exceptions with `raise ... from err` or `raise ... from None` to distinguish them from errors in exception handling
   --> app\services\ai\providers\openai_provider.py:174:17
    |
172 | â€¦ept httpx.HTTPStatusError as e:
173 | â€¦ if e.response.status_code in (429, 408, 500, 502, 503, 504):
174 | â€¦     raise ProviderTransientError(f"{self.provider_name} API transient streaming failure ({e.response.status_code}): {e.response.text}")
    |       ^^^^^^^^^^^^^^^^^^^^^^^^^^^^^^^^^^^^^^^^^^^^^^^^^^^^^^^^^^^^^^^^^^^^^^^^^^^^^^^^^^^^^^^^^^^^^^^^^^^^^^^^^^^^^^^^^^^^^^^^^^^^^^^^^^^
175 | â€¦ else:
176 | â€¦     raise ProviderError(f"{self.provider_name} non-transient API streaming failure ({e.response.status_code}): {e.response.text}")
    |

E501 Line too long (147 > 88)
   --> app\services\ai\providers\openai_provider.py:174:89
    |
172 | â€¦
173 | â€¦500, 502, 503, 504):
174 | â€¦.provider_name} API transient streaming failure ({e.response.status_code}): {e.response.text}")
    |                                      ^^^^^^^^^^^^^^^^^^^^^^^^^^^^^^^^^^^^^^^^^^^^^^^^^^^^^^^^^^^
175 | â€¦
176 | â€¦_name} non-transient API streaming failure ({e.response.status_code}): {e.response.text}")
    |

B904 Within an `except` clause, raise exceptions with `raise ... from err` or `raise ... from None` to distinguish them from errors in exception handling
   --> app\services\ai\providers\openai_provider.py:176:17
    |
174 | â€¦     raise ProviderTransientError(f"{self.provider_name} API transient streaming failure ({e.response.status_code}): {e.response.text}")
175 | â€¦ else:
176 | â€¦     raise ProviderError(f"{self.provider_name} non-transient API streaming failure ({e.response.status_code}): {e.response.text}")
    |       ^^^^^^^^^^^^^^^^^^^^^^^^^^^^^^^^^^^^^^^^^^^^^^^^^^^^^^^^^^^^^^^^^^^^^^^^^^^^^^^^^^^^^^^^^^^^^^^^^^^^^^^^^^^^^^^^^^^^^^^^^^^^^^
177 | â€¦ept Exception as e:
178 | â€¦ raise ProviderTransientError(f"{self.provider_name} streaming failure: {str(e)}")
    |

E501 Line too long (142 > 88)
   --> app\services\ai\providers\openai_provider.py:176:89
    |
174 | â€¦elf.provider_name} API transient streaming failure ({e.response.status_code}): {e.response.text}")
175 | â€¦
176 | â€¦der_name} non-transient API streaming failure ({e.response.status_code}): {e.response.text}")
    |                                         ^^^^^^^^^^^^^^^^^^^^^^^^^^^^^^^^^^^^^^^^^^^^^^^^^^^^^^
177 | â€¦
178 | â€¦provider_name} streaming failure: {str(e)}")
    |

B904 Within an `except` clause, raise exceptions with `raise ... from err` or `raise ... from None` to distinguish them from errors in exception handling
   --> app\services\ai\providers\openai_provider.py:178:13
    |
176 | â€¦             raise ProviderError(f"{self.provider_name} non-transient API streaming failure ({e.response.status_code}): {e.response.â€¦
177 | â€¦     except Exception as e:
178 | â€¦         raise ProviderTransientError(f"{self.provider_name} streaming failure: {str(e)}")
    |           ^^^^^^^^^^^^^^^^^^^^^^^^^^^^^^^^^^^^^^^^^^^^^^^^^^^^^^^^^^^^^^^^^^^^^^^^^^^^^^^^^
    |

E501 Line too long (93 > 88)
   --> app\services\ai\providers\openai_provider.py:178:89
    |
176 | â€¦             raise ProviderError(f"{self.provider_name} non-transient API streaming failure ({e.response.status_code}): {e.response.â€¦
177 | â€¦     except Exception as e:
178 | â€¦         raise ProviderTransientError(f"{self.provider_name} streaming failure: {str(e)}")
    |                                                                                       ^^^^^
    |

I001 [*] Import block is un-sorted or un-formatted
  --> app\services\ai\providers\router.py:1:1
   |
 1 | / import time
 2 | | import asyncio
 3 | | import logging
 4 | | from collections.abc import AsyncGenerator
 5 | | from typing import Any
 6 | |
 7 | | from app.config import get_settings
 8 | | from app.services.ai.providers.base import BaseLLMProvider
 9 | | from app.services.ai.providers.exceptions import (
10 | |     ProviderTransientError, AllProvidersFailedError, ProviderError
11 | | )
12 | | from app.services.ai.providers.strategies import (
13 | |     FixedProviderStrategy, PriorityStrategy, RoundRobinStrategy, LeastRecentlyUsedStrategy,
14 | |     RoutingStrategy, LoadBalancingStrategy, IntentBasedRoutingStrategy
15 | | )
16 | | from app.services.ai.providers.metadata import ProviderMetadata
   | |_______________________________________________________________^
17 |   logger = logging.getLogger(__name__)
   |
help: Organize imports

E501 Line too long (91 > 88)
  --> app\services\ai\providers\router.py:13:89
   |
11 | )
12 | from app.services.ai.providers.strategies import (
13 |     FixedProviderStrategy, PriorityStrategy, RoundRobinStrategy, LeastRecentlyUsedStrategy,
   |                                                                                         ^^^
14 |     RoutingStrategy, LoadBalancingStrategy, IntentBasedRoutingStrategy
15 | )
   |

E501 Line too long (106 > 88)
  --> app\services\ai\providers\router.py:43:89
   |
42 | class ProviderBudget:
43 |     def __init__(self, rpm: int, tpm: int, cost_per_m_input: float = 0.0, cost_per_m_output: float = 0.0):
   |                                                                                         ^^^^^^^^^^^^^^^^^^
44 |         self.rpm_bucket = TokenBucket(rpm, 60.0)
45 |         self.tpm_bucket = TokenBucket(tpm, 60.0)
   |

E501 Line too long (101 > 88)
  --> app\services\ai\providers\router.py:51:89
   |
50 |     def can_call(self, estimated_tokens: int) -> bool:
51 |         return self.rpm_bucket.check_capacity(1) and self.tpm_bucket.check_capacity(estimated_tokens)
   |                                                                                         ^^^^^^^^^^^^^
52 |
53 |     def consume(self, estimated_tokens: int):
   |

E501 Line too long (100 > 88)
  --> app\services\ai\providers\router.py:66:89
   |
64 |         self.settings = get_settings()
65 |         
66 |         # Health cache tracking internal up-states independently scaling away from requests payloads
   |                                                                                         ^^^^^^^^^^^^
67 |         self._health_cache: dict[str, dict] = {}
68 |         self.budgets: dict[str, ProviderBudget] = {}
   |

E501 Line too long (130 > 88)
  --> app\services\ai\providers\router.py:79:89
   |
77 |         self.intent_strategy = IntentBasedRoutingStrategy({
78 |             "voice": ["groq-llama", "gemini-flash", "ollama-default"],
79 |             "dashboard": ["gemini-2.5-flash-lite", "gemini-2.0-flash-lite", "gemini-1.5-flash", "groq-llama", "gemini-2.5-flash"],
   |                                                                                         ^^^^^^^^^^^^^^^^^^^^^^^^^^^^^^^^^^^^^^^^^^
80 |             "long_doc": ["gemini-pro", "gemini-flash"],
81 |             "coding": ["ollama-coder", "gemini-flash"],
   |

E501 Line too long (112 > 88)
   --> app\services\ai\providers\router.py:101:89
    |
 99 |         if "groq-llama" in name.lower():
100 |             # Groq Llama 3.3 70B: $0.59 / $0.79 per 1M tokens
101 |             self.budgets[name] = ProviderBudget(rpm=30, tpm=6000, cost_per_m_input=0.59, cost_per_m_output=0.79)
    |                                                                                         ^^^^^^^^^^^^^^^^^^^^^^^^
102 |         elif "gemini-2.5-flash" in name.lower():
103 |             self.budgets[name] = ProviderBudget(rpm=15, tpm=1000000, cost_per_m_input=0.075, cost_per_m_output=0.3)
    |

E501 Line too long (115 > 88)
   --> app\services\ai\providers\router.py:103:89
    |
101 |             self.budgets[name] = ProviderBudget(rpm=30, tpm=6000, cost_per_m_input=0.59, cost_per_m_output=0.79)
102 |         elif "gemini-2.5-flash" in name.lower():
103 |             self.budgets[name] = ProviderBudget(rpm=15, tpm=1000000, cost_per_m_input=0.075, cost_per_m_output=0.3)
    |                                                                                         ^^^^^^^^^^^^^^^^^^^^^^^^^^^
104 |         elif "gemini" in name.lower():
105 |             self.budgets[name] = ProviderBudget(rpm=15, tpm=1000000, cost_per_m_input=0.1, cost_per_m_output=0.4)
    |

E501 Line too long (113 > 88)
   --> app\services\ai\providers\router.py:105:89
    |
103 |             self.budgets[name] = ProviderBudget(rpm=15, tpm=1000000, cost_per_m_input=0.075, cost_per_m_output=0.3)
104 |         elif "gemini" in name.lower():
105 |             self.budgets[name] = ProviderBudget(rpm=15, tpm=1000000, cost_per_m_input=0.1, cost_per_m_output=0.4)
    |                                                                                         ^^^^^^^^^^^^^^^^^^^^^^^^^
106 |         else:
107 |             self.budgets[name] = ProviderBudget(rpm=1000, tpm=10000000, cost_per_m_input=0.0, cost_per_m_output=0.0)
    |

E501 Line too long (116 > 88)
   --> app\services\ai\providers\router.py:107:89
    |
105 |             self.budgets[name] = ProviderBudget(rpm=15, tpm=1000000, cost_per_m_input=0.1, cost_per_m_output=0.4)
106 |         else:
107 |             self.budgets[name] = ProviderBudget(rpm=1000, tpm=10000000, cost_per_m_input=0.0, cost_per_m_output=0.0)
    |                                                                                         ^^^^^^^^^^^^^^^^^^^^^^^^^^^^
108 |
109 |     @property
    |

E501 Line too long (100 > 88)
   --> app\services\ai\providers\router.py:114:89
    |
113 |     async def get_metadata(self) -> ProviderMetadata:
114 |         # Dummy structural schema since router itself technically supports anything mapped downwards
    |                                                                                         ^^^^^^^^^^^^
115 |         return ProviderMetadata(
116 |             name="router", supported_models=[], context_window=0, supports_streaming=True,
    |

E501 Line too long (90 > 88)
   --> app\services\ai\providers\router.py:116:89
    |
114 |         # Dummy structural schema since router itself technically supports anything mapped downwards
115 |         return ProviderMetadata(
116 |             name="router", supported_models=[], context_window=0, supports_streaming=True,
    |                                                                                         ^^
117 |             supports_vision=False, supports_native_tools=False, supports_parallel_tools=False,
118 |             supports_tool_streaming=False, estimated_cost_tier=0, is_local=False
    |

E501 Line too long (94 > 88)
   --> app\services\ai\providers\router.py:117:89
    |
115 |         return ProviderMetadata(
116 |             name="router", supported_models=[], context_window=0, supports_streaming=True,
117 |             supports_vision=False, supports_native_tools=False, supports_parallel_tools=False,
    |                                                                                         ^^^^^^
118 |             supports_tool_streaming=False, estimated_cost_tier=0, is_local=False
119 |         )
    |

E701 Multiple statements on one line (colon)
   --> app\services\ai\providers\router.py:129:21
    |
127 |     async def _is_provider_healthy(self, name: str) -> bool:
128 |         cache = self._health_cache.get(name)
129 |         if not cache: return False
    |                     ^
130 |         
131 |         now = time.time()
    |

E501 Line too long (122 > 88)
   --> app\services\ai\providers\router.py:139:89
    |
138 |             if was_healthy != cache["is_healthy"]:
139 |                 logger.info("Provider health transition mapped", extra={"provider": name, "healthy": cache["is_healthy"]})
    |                                                                                         ^^^^^^^^^^^^^^^^^^^^^^^^^^^^^^^^^^
140 |                 
141 |         return cache["is_healthy"]
    |

E501 Line too long (97 > 88)
   --> app\services\ai\providers\router.py:155:89
    |
153 |         return available
154 |
155 |     def _select_provider(self, available: list[str], intent: str = "general") -> BaseLLMProvider:
    |                                                                                         ^^^^^^^^^
156 |         if not available:
157 |             raise AllProvidersFailedError("No healthy providers available mapping limits.")
    |

E501 Line too long (91 > 88)
   --> app\services\ai\providers\router.py:157:89
    |
155 |     def _select_provider(self, available: list[str], intent: str = "general") -> BaseLLMProvider:
156 |         if not available:
157 |             raise AllProvidersFailedError("No healthy providers available mapping limits.")
    |                                                                                         ^^^
158 |             
159 |         if self.intent_strategy:
    |

E501 Line too long (90 > 88)
   --> app\services\ai\providers\router.py:160:89
    |
159 |         if self.intent_strategy:
160 |             selected_name = self.intent_strategy.select_provider(available, intent=intent)
    |                                                                                         ^^
161 |         elif self.lb_strategy:
162 |             selected_name = self.lb_strategy.select_provider(available)
    |

E501 Line too long (110 > 88)
   --> app\services\ai\providers\router.py:166:89
    |
164 |             selected_name = self.strategy.select_provider(available)
165 |             
166 |         logger.info("Provider selected successfully", extra={"provider": selected_name, "strategy": "intent"})
    |                                                                                         ^^^^^^^^^^^^^^^^^^^^^^
167 |         return self.providers[selected_name]
    |

E501 Line too long (102 > 88)
   --> app\services\ai\providers\router.py:174:89
    |
172 |             if args and isinstance(args[0], list):
173 |                 for msg in args[0]:
174 |                     if isinstance(msg, dict) and "content" in msg and isinstance(msg["content"], str):
    |                                                                                         ^^^^^^^^^^^^^^
175 |                         tokens += len(msg["content"]) // 4
176 |         elif operation == "generate_title" or operation == "extract_memory":
    |

E501 Line too long (99 > 88)
   --> app\services\ai\providers\router.py:181:89
    |
179 |         return tokens
180 |
181 |     async def _execute_with_router(self, operation: str, *args, intent: str = "general", **kwargs):
    |                                                                                         ^^^^^^^^^^^
182 |         available_at_start = await self._get_available_providers()
183 |         tried_providers = set()
    |

E501 Line too long (90 > 88)
   --> app\services\ai\providers\router.py:189:89
    |
187 |             current_available = [
188 |                 p for p in available_at_start 
189 |                 if p not in tried_providers and self.budgets[p].can_call(estimated_tokens)
    |                                                                                         ^^
190 |             ]
191 |             if not current_available:
    |

E501 Line too long (92 > 88)
   --> app\services\ai\providers\router.py:217:89
    |
215 |                         output_tokens = 50
216 |                         
217 |                     self.budgets[provider.name].track_usage(estimated_tokens, output_tokens)
    |                                                                                         ^^^^
218 |                         
219 |                     latency = (time.perf_counter() - start_time) * 1000.0
    |

E501 Line too long (125 > 88)
   --> app\services\ai\providers\router.py:220:89
    |
219 |                     latency = (time.perf_counter() - start_time) * 1000.0
220 |                     logger.info(f"Provider {operation} successful", extra={"provider": provider.name, "latency_ms": latency})
    |                                                                                         ^^^^^^^^^^^^^^^^^^^^^^^^^^^^^^^^^^^^^
221 |                     return result
    |

E501 Line too long (128 > 88)
   --> app\services\ai\providers\router.py:224:89
    |
223 |                 except ProviderTransientError as e:
224 |                     logger.warning(f"Transient error spanning {provider.name}", extra={"attempt": attempt + 1, "error": str(e)})
    |                                                                                         ^^^^^^^^^^^^^^^^^^^^^^^^^^^^^^^^^^^^^^^^
225 |                     if attempt < self.settings.retry_count - 1:
226 |                         await asyncio.sleep(self.settings.retry_backoff * (2 ** attempt))
    |

E501 Line too long (89 > 88)
   --> app\services\ai\providers\router.py:226:89
    |
224 |                     logger.warning(f"Transient error spanning {provider.name}", extra={"attempt": attempt + 1, "error": str(e)})
225 |                     if attempt < self.settings.retry_count - 1:
226 |                         await asyncio.sleep(self.settings.retry_backoff * (2 ** attempt))
    |                                                                                         ^
227 |                     else:
228 |                         logger.warning(f"Provider {provider.name} exhausted retries falling over safely.")
    |

E501 Line too long (106 > 88)
   --> app\services\ai\providers\router.py:228:89
    |
226 |                         await asyncio.sleep(self.settings.retry_backoff * (2 ** attempt))
227 |                     else:
228 |                         logger.warning(f"Provider {provider.name} exhausted retries falling over safely.")
    |                                                                                         ^^^^^^^^^^^^^^^^^^
229 |                 except ProviderError as e:
230 |                     logger.error(f"Non-transient rejection spanning {provider.name}. Dropping.", extra={"error": str(e)})
    |

E501 Line too long (121 > 88)
   --> app\services\ai\providers\router.py:230:89
    |
228 |                         logger.warning(f"Provider {provider.name} exhausted retries falling over safely.")
229 |                 except ProviderError as e:
230 |                     logger.error(f"Non-transient rejection spanning {provider.name}. Dropping.", extra={"error": str(e)})
    |                                                                                         ^^^^^^^^^^^^^^^^^^^^^^^^^^^^^^^^^
231 |                     break
    |

E501 Line too long (112 > 88)
   --> app\services\ai\providers\router.py:235:89
    |
233 |         raise AllProvidersFailedError("All providers fallback chain entirely failed.")
234 |
235 |     async def chat(self, messages: list[dict], tools: list[dict] | None = None, intent: str = "general") -> str:
    |                                                                                         ^^^^^^^^^^^^^^^^^^^^^^^^
236 |         return await self._execute_with_router("chat", messages, tools=tools, intent=intent)
    |

E501 Line too long (92 > 88)
   --> app\services\ai\providers\router.py:236:89
    |
235 |     async def chat(self, messages: list[dict], tools: list[dict] | None = None, intent: str = "general") -> str:
236 |         return await self._execute_with_router("chat", messages, tools=tools, intent=intent)
    |                                                                                         ^^^^
237 |
238 |     async def generate_title(self, first_message: str) -> str:
    |

E501 Line too long (141 > 88)
   --> app\services\ai\providers\router.py:244:89
    |
242 | â€¦xtract_memory", message)
243 | â€¦
244 | â€¦ct], tools: list[dict] | None = None, intent: str = "general") -> AsyncGenerator[Any, None]:
    |                                         ^^^^^^^^^^^^^^^^^^^^^^^^^^^^^^^^^^^^^^^^^^^^^^^^^^^^^
245 | â€¦lable_providers()
246 | â€¦
    |

E501 Line too long (90 > 88)
   --> app\services\ai\providers\router.py:252:89
    |
250 |             current_available = [
251 |                 p for p in available_at_start 
252 |                 if p not in tried_providers and self.budgets[p].can_call(estimated_tokens)
    |                                                                                         ^^
253 |             ]
254 |             if not current_available:
    |

E501 Line too long (96 > 88)
   --> app\services\ai\providers\router.py:275:89
    |
274 | â€¦     if found_first_chunk:
275 | â€¦         self.budgets[provider.name].track_usage(estimated_tokens, output_tokens)
    |                                                                           ^^^^^^^^
276 | â€¦         latency = (time.perf_counter() - start_time) * 1000.0
277 | â€¦         logger.info("Provider stream_chat successfully completed generation", extra={"provider": provider.name, "latency_ms": latenâ€¦
    |

E501 Line too long (151 > 88)
   --> app\services\ai\providers\router.py:277:89
    |
275 | â€¦ack_usage(estimated_tokens, output_tokens)
276 | â€¦ - start_time) * 1000.0
277 | â€¦hat successfully completed generation", extra={"provider": provider.name, "latency_ms": latency})
    |                                    ^^^^^^^^^^^^^^^^^^^^^^^^^^^^^^^^^^^^^^^^^^^^^^^^^^^^^^^^^^^^^^^
278 | â€¦
279 | â€¦
    |

E501 Line too long (140 > 88)
   --> app\services\ai\providers\router.py:283:89
    |
282 | â€¦ e:
283 | â€¦treaming error overriding {provider.name}", extra={"attempt": attempt + 1, "error": str(e)})
    |                                          ^^^^^^^^^^^^^^^^^^^^^^^^^^^^^^^^^^^^^^^^^^^^^^^^^^^^
284 | â€¦etry_count - 1:
285 | â€¦.settings.retry_backoff * (2 ** attempt))
    |

E501 Line too long (89 > 88)
   --> app\services\ai\providers\router.py:285:89
    |
283 | â€¦     logger.warning(f"Transient streaming error overriding {provider.name}", extra={"attempt": attempt + 1, "error": str(e)})
284 | â€¦     if attempt < self.settings.retry_count - 1:
285 | â€¦         await asyncio.sleep(self.settings.retry_backoff * (2 ** attempt))
    |                                                                           ^
286 | â€¦     else:
287 | â€¦         logger.warning(f"Provider {provider.name} exhausted streaming retries falling over.")
    |

E501 Line too long (109 > 88)
   --> app\services\ai\providers\router.py:287:89
    |
285 |                         await asyncio.sleep(self.settings.retry_backoff * (2 ** attempt))
286 |                     else:
287 |                         logger.warning(f"Provider {provider.name} exhausted streaming retries falling over.")
    |                                                                                         ^^^^^^^^^^^^^^^^^^^^^
288 |                 except ProviderError as e:
289 |                     logger.error(f"Non-transient streaming rejection skipping {provider.name}.", extra={"error": str(e)})
    |

E501 Line too long (121 > 88)
   --> app\services\ai\providers\router.py:289:89
    |
287 |                         logger.warning(f"Provider {provider.name} exhausted streaming retries falling over.")
288 |                 except ProviderError as e:
289 |                     logger.error(f"Non-transient streaming rejection skipping {provider.name}.", extra={"error": str(e)})
    |                                                                                         ^^^^^^^^^^^^^^^^^^^^^^^^^^^^^^^^^
290 |                     break
    |

E501 Line too long (92 > 88)
   --> app\services\ai\providers\router.py:292:89
    |
290 |                     break
291 |
292 |         raise AllProvidersFailedError("All providers failed establishing stream pipelines.")
    |                                                                                         ^^^^
    |

I001 [*] Import block is un-sorted or un-formatted
 --> app\services\ai\providers\strategies.py:1:1
  |
1 | from abc import ABC, abstractmethod
  | ^^^^^^^^^^^^^^^^^^^^^^^^^^^^^^^^^^^
2 |
3 | class RoutingStrategy(ABC):
  |
help: Organize imports

E701 Multiple statements on one line (colon)
  --> app\services\ai\providers\strategies.py:42:35
   |
41 |     def select_provider(self, available_providers: list[str]) -> str:
42 |         if not available_providers: return ""
   |                                   ^
43 |         selected = available_providers[self.index % len(available_providers)]
44 |         self.index += 1
   |

E701 Multiple statements on one line (colon)
  --> app\services\ai\providers\strategies.py:52:35
   |
51 |     def select_provider(self, available_providers: list[str]) -> str:
52 |         if not available_providers: return ""
   |                                   ^
53 |         import time
54 |         best = available_providers[0]
   |

E501 Line too long (155 > 88)
  --> app\services\ai\providers\strategies.py:68:89
   |
66 | â€¦
67 | â€¦
68 | â€¦", "gemini-2.5-flash-lite", "gemini-1.5-flash", "openrouter", "gemini-2.0-flash", "ollama-default"],
   |                                   ^^^^^^^^^^^^^^^^^^^^^^^^^^^^^^^^^^^^^^^^^^^^^^^^^^^^^^^^^^^^^^^^^^^
69 | â€¦pro", "gemini-2.5-flash", "openrouter"],
70 | â€¦ash", "gemini-1.5-pro"],
   |

E501 Line too long (95 > 88)
  --> app\services\ai\providers\strategies.py:69:89
   |
67 | â€¦     fallback_chains = {
68 | â€¦         "general": ["gemini-2.5-flash", "groq-llama", "gemini-2.5-flash-lite", "gemini-1.5-flash", "openrouter", "gemini-2.0-flash",â€¦
69 | â€¦         "long_doc": ["gemini-2.5-pro", "gemini-1.5-pro", "gemini-2.5-flash", "openrouter"],
   |                                                                                       ^^^^^^^
70 | â€¦         "vision": ["gemini-2.5-pro", "gemini-2.0-flash", "gemini-1.5-pro"],
71 | â€¦         "coding": ["ollama-coder", "gemini-2.5-flash", "gemini-2.5-pro", "gemini-1.5-pro"],
   |

E501 Line too long (95 > 88)
  --> app\services\ai\providers\strategies.py:71:89
   |
69 |             "long_doc": ["gemini-2.5-pro", "gemini-1.5-pro", "gemini-2.5-flash", "openrouter"],
70 |             "vision": ["gemini-2.5-pro", "gemini-2.0-flash", "gemini-1.5-pro"],
71 |             "coding": ["ollama-coder", "gemini-2.5-flash", "gemini-2.5-pro", "gemini-1.5-pro"],
   |                                                                                         ^^^^^^^
72 |             "reasoning": ["ollama-reasoning", "gemini-2.5-pro", "gemini-1.5-pro"],
73 |             "voice": ["groq-llama", "gemini-2.5-flash", "gemini-2.5-flash-lite", "gemini-1.5-flash", "ollama-default"]
   |

E501 Line too long (118 > 88)
  --> app\services\ai\providers\strategies.py:73:89
   |
71 |             "coding": ["ollama-coder", "gemini-2.5-flash", "gemini-2.5-pro", "gemini-1.5-pro"],
72 |             "reasoning": ["ollama-reasoning", "gemini-2.5-pro", "gemini-1.5-pro"],
73 |             "voice": ["groq-llama", "gemini-2.5-flash", "gemini-2.5-flash-lite", "gemini-1.5-flash", "ollama-default"]
   |                                                                                         ^^^^^^^^^^^^^^^^^^^^^^^^^^^^^^
74 |         }
75 |         """
   |

E501 Line too long (94 > 88)
  --> app\services\ai\providers\strategies.py:78:89
   |
76 |         self.fallback_chains = fallback_chains
77 |         
78 |     def select_provider(self, available_providers: list[str], intent: str = "general") -> str:
   |                                                                                         ^^^^^^
79 |         chain = self.fallback_chains.get(intent) or self.fallback_chains.get("general", [])
80 |         for provider in chain:
   |

E501 Line too long (91 > 88)
  --> app\services\ai\providers\strategies.py:79:89
   |
78 |     def select_provider(self, available_providers: list[str], intent: str = "general") -> str:
79 |         chain = self.fallback_chains.get(intent) or self.fallback_chains.get("general", [])
   |                                                                                         ^^^
80 |         for provider in chain:
81 |             if provider in available_providers:
   |

I001 [*] Import block is un-sorted or un-formatted
 --> app\services\ai\skills\manager.py:1:1
  |
1 | / import os
2 | | import aiohttp
3 | | import logging
4 | | from app.config import settings
  | |_______________________________^
5 |
6 |   logger = logging.getLogger(__name__)
  |
help: Organize imports

F401 [*] `app.config.settings` imported but unused
 --> app\services\ai\skills\manager.py:4:24
  |
2 | import aiohttp
3 | import logging
4 | from app.config import settings
  |                        ^^^^^^^^
5 |
6 | logger = logging.getLogger(__name__)
  |
help: Remove unused import: `app.config.settings`

E501 Line too long (113 > 88)
  --> app\services\ai\skills\manager.py:24:89
   |
22 |                 async with session.get(raw_url) as resp:
23 |                     if resp.status != 200:
24 |                         logger.error(f"[SkillManager] Failed downloading skill {skill_name}: HTTP {resp.status}")
   |                                                                                         ^^^^^^^^^^^^^^^^^^^^^^^^^
25 |                         return False
   |

I001 [*] Import block is un-sorted or un-formatted
 --> app\services\ai\tools\base.py:1:1
  |
1 | / from abc import ABC, abstractmethod
2 | | from typing import Any
  | |______________________^
3 |
4 |   class BaseTool(ABC):
  |
help: Organize imports

I001 [*] Import block is un-sorted or un-formatted
 --> app\services\ai\tools\browser.py:1:1
  |
1 | / import asyncio
2 | | from app.services.ai.tools.base import BaseTool
  | |_______________________________________________^
3 |
4 |   class BrowserTool(BaseTool):
  |
help: Organize imports

F401 [*] `asyncio` imported but unused
 --> app\services\ai\tools\browser.py:1:8
  |
1 | import asyncio
  |        ^^^^^^^
2 | from app.services.ai.tools.base import BaseTool
  |
help: Remove unused import: `asyncio`

E501 Line too long (154 > 88)
  --> app\services\ai\tools\browser.py:11:89
   |
 9 | â€¦
10 | â€¦
11 | â€¦ripts to interact with complex web UI, scrape sites requiring auth, or navigate through workflows."
   |                                   ^^^^^^^^^^^^^^^^^^^^^^^^^^^^^^^^^^^^^^^^^^^^^^^^^^^^^^^^^^^^^^^^^^
12 | â€¦
13 | â€¦
   |

E501 Line too long (98 > 88)
  --> app\services\ai\tools\browser.py:30:89
   |
28 |                     "type": "array",
29 |                     "items": {"type": "string"},
30 |                     "description": "Optional CSS selectors to interact with or extract text from."
   |                                                                                         ^^^^^^^^^^
31 |                 }
32 |             },
   |

E501 Line too long (92 > 88)
  --> app\services\ai\tools\browser.py:38:89
   |
36 |     @property
37 |     def requires_confirmation(self) -> bool:
38 |         return True # Interacting with the web should halt for approval (e.g. buying things)
   |                                                                                         ^^^^
39 |
40 |     @property
   |

E501 Line too long (117 > 88)
  --> app\services\ai\tools\browser.py:86:89
   |
85 |         except ImportError:
86 |             return "ERROR: Playwright not installed. Run 'pip install playwright' and 'playwright install chromium'."
   |                                                                                         ^^^^^^^^^^^^^^^^^^^^^^^^^^^^^
87 |         except Exception as e:
88 |             return f"ERROR executing browser logic: {e}"
   |

I001 [*] Import block is un-sorted or un-formatted
 --> app\services\ai\tools\calculator.py:1:1
  |
1 | / import math
2 | | from app.services.ai.tools.base import BaseTool
  | |_______________________________________________^
3 |
4 |   class CalculatorTool(BaseTool):
  |
help: Organize imports

E501 Line too long (92 > 88)
  --> app\services\ai\tools\calculator.py:17:89
   |
15 |         return {"expression": "string, e.g. '2 + 2'"}
16 |         
17 |     async def execute(self, execution_context: dict, expression: str = "", **kwargs) -> str:
   |                                                                                         ^^^^
18 |         try:
19 |             allowed_names = {k: v for k, v in math.__dict__.items() if not k.startswith("__")}
   |

E501 Line too long (94 > 88)
  --> app\services\ai\tools\calculator.py:19:89
   |
17 |     async def execute(self, execution_context: dict, expression: str = "", **kwargs) -> str:
18 |         try:
19 |             allowed_names = {k: v for k, v in math.__dict__.items() if not k.startswith("__")}
   |                                                                                         ^^^^^^
20 |             allowed_names["abs"] = abs
21 |             allowed_names["round"] = round
   |

I001 [*] Import block is un-sorted or un-formatted
 --> app\services\ai\tools\datetime_tool.py:1:1
  |
1 | / from datetime import datetime
2 | | from app.services.ai.tools.base import BaseTool
  | |_______________________________________________^
3 |
4 |   class CurrentTimeTool(BaseTool):
  |
help: Organize imports

I001 [*] Import block is un-sorted or un-formatted
 --> app\services\ai\tools\document_search.py:1:1
  |
1 | / from app.services.ai.tools.base import BaseTool
2 | | from app.services.retrieval.retrieval_service import RetrievalService
  | |_____________________________________________________________________^
3 |
4 |   class DocumentSearchTool(BaseTool):
  |
help: Organize imports

E501 Line too long (138 > 88)
  --> app\services\ai\tools\document_search.py:14:89
   |
12 | â€¦
13 | â€¦
14 | â€¦ base for specific documents, literature, code names, or concepts avoiding hallucinations."
   |                                           ^^^^^^^^^^^^^^^^^^^^^^^^^^^^^^^^^^^^^^^^^^^^^^^^^^
15 | â€¦
16 | â€¦
   |

E501 Line too long (116 > 88)
  --> app\services\ai\tools\document_search.py:31:89
   |
29 |         output = ""
30 |         for r in results:
31 |             doc_name = getattr(r.chunk.document, "title", None) or getattr(r.chunk.document, "filename", "Untitled")
   |                                                                                         ^^^^^^^^^^^^^^^^^^^^^^^^^^^^
32 |             output += f"Document: {doc_name}\nContent: {r.chunk.content}\n\n---\n\n"
   |

I001 [*] Import block is un-sorted or un-formatted
 --> app\services\ai\tools\expense_tracker.py:1:1
  |
1 | / import logging
2 | | from sqlalchemy import select
3 | | from datetime import datetime, timezone
4 | | from app.services.ai.tools.base import BaseTool
5 | | from app.db.session import AsyncSessionLocal
6 | | from app.db.models.expense import Expense
  | |_________________________________________^
7 |
8 |   logger = logging.getLogger(__name__)
  |
help: Organize imports

E501 Line too long (150 > 88)
  --> app\services\ai\tools\expense_tracker.py:17:89
   |
15 | â€¦
16 | â€¦
17 | â€¦urchases, and receipts. Use this to track user spending, budgeting, and OCR parsed receipt data."
   |                                     ^^^^^^^^^^^^^^^^^^^^^^^^^^^^^^^^^^^^^^^^^^^^^^^^^^^^^^^^^^^^^^
18 | â€¦
19 | â€¦
   |

E501 Line too long (101 > 88)
  --> app\services\ai\tools\expense_tracker.py:43:89
   |
41 |                 "date_iso": {
42 |                     "type": "string",
43 |                     "description": "ISO format date of the expense. Defaults to now if not provided."
   |                                                                                         ^^^^^^^^^^^^^
44 |                 }
45 |             },
   |

E501 Line too long (146 > 88)
  --> app\services\ai\tools\expense_tracker.py:58:89
   |
56 | â€¦
57 | â€¦
58 | â€¦ct(Expense).where(Expense.user_id == user_id).order_by(Expense.date_incurred.desc()).limit(20))
   |                                       ^^^^^^^^^^^^^^^^^^^^^^^^^^^^^^^^^^^^^^^^^^^^^^^^^^^^^^^^^^
59 | â€¦
60 | â€¦
   |

E501 Line too long (130 > 88)
  --> app\services\ai\tools\expense_tracker.py:64:89
   |
63 |                 total = sum(e.amount for e in expenses)
64 |                 lines = [f"- {e.date_incurred.strftime('%b %d')}: ${e.amount:.2f} at {e.vendor} ({e.category})" for e in expenses]
   |                                                                                         ^^^^^^^^^^^^^^^^^^^^^^^^^^^^^^^^^^^^^^^^^^
65 |                 return f"Total Recent Spending (up to 20 tracked items): ${total:.2f}\\n\\n" + "\\n".join(lines)
   |

E501 Line too long (112 > 88)
  --> app\services\ai\tools\expense_tracker.py:65:89
   |
63 |                 total = sum(e.amount for e in expenses)
64 |                 lines = [f"- {e.date_incurred.strftime('%b %d')}: ${e.amount:.2f} at {e.vendor} ({e.category})" for e in expenses]
65 |                 return f"Total Recent Spending (up to 20 tracked items): ${total:.2f}\\n\\n" + "\\n".join(lines)
   |                                                                                         ^^^^^^^^^^^^^^^^^^^^^^^^
66 |                 
67 |             elif action == "log_expense":
   |

UP017 [*] Use `datetime.UTC` alias
  --> app\services\ai\tools\expense_tracker.py:75:41
   |
74 |                 date_iso = kwargs.get("date_iso")
75 |                 date_obj = datetime.now(timezone.utc)
   |                                         ^^^^^^^^^^^^
76 |                 if date_iso:
77 |                     try:
   |
help: Convert to `datetime.UTC` alias

E501 Line too long (90 > 88)
  --> app\services\ai\tools\expense_tracker.py:78:89
   |
76 |                 if date_iso:
77 |                     try:
78 |                         date_obj = datetime.fromisoformat(date_iso.replace("Z", "+00:00"))
   |                                                                                         ^^
79 |                     except:
80 |                         pass
   |

E722 Do not use bare `except`
  --> app\services\ai\tools\expense_tracker.py:79:21
   |
77 |                     try:
78 |                         date_obj = datetime.fromisoformat(date_iso.replace("Z", "+00:00"))
79 |                     except:
   |                     ^^^^^^
80 |                         pass
   |

I001 [*] Import block is un-sorted or un-formatted
 --> app\services\ai\tools\gmail.py:1:1
  |
1 | / import logging
2 | | from app.services.ai.tools.base import BaseTool
  | |_______________________________________________^
3 |
4 |   logger = logging.getLogger(__name__)
  |
help: Organize imports

E501 Line too long (135 > 88)
  --> app\services\ai\tools\gmail.py:13:89
   |
11 |     @property
12 |     def description(self) -> str:
13 |         return "Drafts new emails in the user's connected Gmail account. Use this when the user asks to 'write an email to X about Y'."
   |                                                                                         ^^^^^^^^^^^^^^^^^^^^^^^^^^^^^^^^^^^^^^^^^^^^^^^
14 |         
15 |     @property
   |

F841 Local variable `body` is assigned to but never used
  --> app\services\ai\tools\gmail.py:48:9
   |
46 |         to_address = kwargs.get("to_address")
47 |         subject = kwargs.get("subject")
48 |         body = kwargs.get("body")
   |         ^^^^
49 |         
50 |         # NOTE: Genuine OAuth logic requires the specific user's OAuth access token.
   |
help: Remove assignment to unused variable `body`

E501 Line too long (102 > 88)
  --> app\services\ai\tools\gmail.py:57:89
   |
55 | â€¦         return "ERROR: User ID missing from context."
56 | â€¦         
57 | â€¦     logger.info(f"OAUTH DEMO: Simulating Gmail draft creation for User {user_id} -> {to_address}")
   |                                                                                       ^^^^^^^^^^^^^^
58 | â€¦     
59 | â€¦     return f"Successfully created a Gmail draft to '{to_address}' with subject '{subject}'. The user can review it in their Gmail apâ€¦
   |

E501 Line too long (139 > 88)
  --> app\services\ai\tools\gmail.py:59:89
   |
57 | â€¦ail draft creation for User {user_id} -> {to_address}")
58 | â€¦
59 | â€¦raft to '{to_address}' with subject '{subject}'. The user can review it in their Gmail app."
   |                                           ^^^^^^^^^^^^^^^^^^^^^^^^^^^^^^^^^^^^^^^^^^^^^^^^^^^
   |

I001 [*] Import block is un-sorted or un-formatted
 --> app\services\ai\tools\google_calendar.py:1:1
  |
1 | / import json
2 | | from app.services.ai.tools.base import BaseTool
3 | | from app.integrations.google.calendar import GoogleCalendarService
  | |__________________________________________________________________^
4 |
5 |   class CalendarTool(BaseTool):
  |
help: Organize imports

E501 Line too long (148 > 88)
  --> app\services\ai\tools\google_calendar.py:15:89
   |
13 | â€¦
14 | â€¦
15 | â€¦s checking today's schedule, upcoming events, creating, deleting events, and finding free time."
   |                                      ^^^^^^^^^^^^^^^^^^^^^^^^^^^^^^^^^^^^^^^^^^^^^^^^^^^^^^^^^^^^
16 | â€¦
17 | â€¦
   |

E501 Line too long (114 > 88)
  --> app\services\ai\tools\google_calendar.py:20:89
   |
18 |     def parameters_schema(self) -> dict:
19 |         return {
20 |             "action": "string (todays_schedule | upcoming_events | create_event | delete_event | find_free_time)",
   |                                                                                         ^^^^^^^^^^^^^^^^^^^^^^^^^^
21 |             "summary": "string (optional): Title of event for create_event",
22 |             "description": "string (optional): Description for create_event",
   |

E501 Line too long (100 > 88)
  --> app\services\ai\tools\google_calendar.py:23:89
   |
21 |             "summary": "string (optional): Title of event for create_event",
22 |             "description": "string (optional): Description for create_event",
23 |             "start_time": "string (optional): ISO8601 for create_event (e.g. 2026-07-03T10:00:00Z)",
   |                                                                                         ^^^^^^^^^^^^
24 |             "end_time": "string (optional): ISO8601 for create_event",
25 |             "event_id": "string (optional): ID for delete_event",
   |

I001 [*] Import block is un-sorted or un-formatted
 --> app\services\ai\tools\google_drive.py:1:1
  |
1 | / import json
2 | | from app.services.ai.tools.base import BaseTool
3 | | from app.integrations.google.drive import GoogleDriveService
  | |____________________________________________________________^
4 |
5 |   class DriveTool(BaseTool):
  |
help: Organize imports

E501 Line too long (121 > 88)
  --> app\services\ai\tools\google_drive.py:15:89
   |
13 |     @property
14 |     def description(self) -> str:
15 |         return "Manage user's Google Drive. List files, search, download file contents, read metadata, and delete files."
   |                                                                                         ^^^^^^^^^^^^^^^^^^^^^^^^^^^^^^^^^
16 |         
17 |     @property
   |

E701 Multiple statements on one line (colon)
  --> app\services\ai\tools\google_drive.py:41:31
   |
39 |             elif action == "metadata":
40 |                 file_id = kwargs.get('file_id')
41 |                 if not file_id: return "Error: Missing file_id"
   |                               ^
42 |                 rv = await self.service.read_document_metadata(user_id, str(file_id))
43 |                 return json.dumps(rv)[:2000]
   |

E701 Multiple statements on one line (colon)
  --> app\services\ai\tools\google_drive.py:46:31
   |
44 |             elif action == "download":
45 |                 file_id = kwargs.get('file_id')
46 |                 if not file_id: return "Error: Missing file_id"
   |                               ^
47 |                 rv = await self.service.download_file(user_id, str(file_id), kwargs.get('mime_type'))
48 |                 if isinstance(rv, bytes):
   |

E501 Line too long (101 > 88)
  --> app\services\ai\tools\google_drive.py:47:89
   |
45 |                 file_id = kwargs.get('file_id')
46 |                 if not file_id: return "Error: Missing file_id"
47 |                 rv = await self.service.download_file(user_id, str(file_id), kwargs.get('mime_type'))
   |                                                                                         ^^^^^^^^^^^^^
48 |                 if isinstance(rv, bytes):
49 |                     # Attempt decode
   |

E501 Line too long (95 > 88)
  --> app\services\ai\tools\google_drive.py:50:89
   |
48 |                 if isinstance(rv, bytes):
49 |                     # Attempt decode
50 |                     return f"File Content Prefix: {rv.decode('utf-8', errors='ignore')[:3000]}"
   |                                                                                         ^^^^^^^
51 |                 return f"File downloaded"
52 |             elif action == "delete":
   |

F541 [*] f-string without any placeholders
  --> app\services\ai\tools\google_drive.py:51:24
   |
49 |                     # Attempt decode
50 |                     return f"File Content Prefix: {rv.decode('utf-8', errors='ignore')[:3000]}"
51 |                 return f"File downloaded"
   |                        ^^^^^^^^^^^^^^^^^^
52 |             elif action == "delete":
53 |                 await self.service.delete_file(user_id, kwargs['file_id'])
   |
help: Remove extraneous `f` prefix

I001 [*] Import block is un-sorted or un-formatted
 --> app\services\ai\tools\google_gmail.py:1:1
  |
1 | / import json
2 | | from app.services.ai.tools.base import BaseTool
3 | | from app.integrations.google.gmail import GoogleGmailService
  | |____________________________________________________________^
4 |
5 |   class GmailTool(BaseTool):
  |
help: Organize imports

E501 Line too long (102 > 88)
  --> app\services\ai\tools\google_gmail.py:15:89
   |
13 |     @property
14 |     def description(self) -> str:
15 |         return "Manage user's Gmail. Actions: list_unread, search, read, draft, send, reply, archive."
   |                                                                                         ^^^^^^^^^^^^^^
16 |         
17 |     @property
   |

E501 Line too long (94 > 88)
  --> app\services\ai\tools\google_gmail.py:20:89
   |
18 |     def parameters_schema(self) -> dict:
19 |         return {
20 |             "action": "string (list_unread | search | read | draft | send | reply | archive)",
   |                                                                                         ^^^^^^
21 |             "query": "string (optional): standard Gmail search query",
22 |             "message_id": "string (optional): for read, reply, archive",
   |

E501 Line too long (97 > 88)
  --> app\services\ai\tools\google_gmail.py:37:89
   |
35 |         try:
36 |             if action == "list_unread":
37 |                 rv = await self.service.list_unread_emails(user_id, kwargs.get('max_results', 5))
   |                                                                                         ^^^^^^^^^
38 |                 return f"Unread IDs: {json.dumps(rv)}"
39 |             elif action == "search":
   |

E501 Line too long (117 > 88)
  --> app\services\ai\tools\google_gmail.py:40:89
   |
38 |                 return f"Unread IDs: {json.dumps(rv)}"
39 |             elif action == "search":
40 |                 rv = await self.service.search_emails(user_id, kwargs.get('query', ''), kwargs.get('max_results', 5))
   |                                                                                         ^^^^^^^^^^^^^^^^^^^^^^^^^^^^^
41 |                 return f"Found IDs: {json.dumps(rv)}"
42 |             elif action == "read":
   |

E501 Line too long (112 > 88)
  --> app\services\ai\tools\google_gmail.py:46:89
   |
44 |                 return json.dumps(rv.get('snippet', ''))
45 |             elif action == "draft":
46 |                 await self.service.draft_email(user_id, kwargs['to'], kwargs['subject'], kwargs.get('body', ''))
   |                                                                                         ^^^^^^^^^^^^^^^^^^^^^^^^
47 |                 return "Draft saved successfully."
48 |             elif action == "send":
   |

E501 Line too long (111 > 88)
  --> app\services\ai\tools\google_gmail.py:49:89
   |
47 |                 return "Draft saved successfully."
48 |             elif action == "send":
49 |                 await self.service.send_email(user_id, kwargs['to'], kwargs['subject'], kwargs.get('body', ''))
   |                                                                                         ^^^^^^^^^^^^^^^^^^^^^^^
50 |                 return "Email sent successfully."
51 |             elif action == "reply":
   |

UP035 `typing.Dict` is deprecated, use `dict` instead
 --> app\services\ai\tools\google_tasks.py:1:1
  |
1 | from typing import Any, Dict, List
  | ^^^^^^^^^^^^^^^^^^^^^^^^^^^^^^^^^^
2 | from app.services.ai.tools.base import BaseTool
3 | from app.integrations.google.tasks import GoogleTasksService
  |

UP035 `typing.List` is deprecated, use `list` instead
 --> app\services\ai\tools\google_tasks.py:1:1
  |
1 | from typing import Any, Dict, List
  | ^^^^^^^^^^^^^^^^^^^^^^^^^^^^^^^^^^
2 | from app.services.ai.tools.base import BaseTool
3 | from app.integrations.google.tasks import GoogleTasksService
  |

I001 [*] Import block is un-sorted or un-formatted
 --> app\services\ai\tools\google_tasks.py:1:1
  |
1 | / from typing import Any, Dict, List
2 | | from app.services.ai.tools.base import BaseTool
3 | | from app.integrations.google.tasks import GoogleTasksService
  | |____________________________________________________________^
4 |
5 |   class GoogleTasksTool(BaseTool):
  |
help: Organize imports

F401 [*] `typing.Dict` imported but unused
 --> app\services\ai\tools\google_tasks.py:1:25
  |
1 | from typing import Any, Dict, List
  |                         ^^^^
2 | from app.services.ai.tools.base import BaseTool
3 | from app.integrations.google.tasks import GoogleTasksService
  |
help: Remove unused import

F401 [*] `typing.List` imported but unused
 --> app\services\ai\tools\google_tasks.py:1:31
  |
1 | from typing import Any, Dict, List
  |                               ^^^^
2 | from app.services.ai.tools.base import BaseTool
3 | from app.integrations.google.tasks import GoogleTasksService
  |
help: Remove unused import

E501 Line too long (107 > 88)
  --> app\services\ai\tools\google_tasks.py:71:89
   |
69 |             if not title:
70 |                 return "Error: title is required to create a task."
71 |             task = await self.tasks_service.insert_task(user_id=user_id, title=title, notes=notes, due=due)
   |                                                                                         ^^^^^^^^^^^^^^^^^^^
72 |             return f"Successfully created Google Task: '{task.get('title')}' with ID: {task.get('id')}"
   |

E501 Line too long (103 > 88)
  --> app\services\ai\tools\google_tasks.py:72:89
   |
70 |                 return "Error: title is required to create a task."
71 |             task = await self.tasks_service.insert_task(user_id=user_id, title=title, notes=notes, due=due)
72 |             return f"Successfully created Google Task: '{task.get('title')}' with ID: {task.get('id')}"
   |                                                                                         ^^^^^^^^^^^^^^^
73 |             
74 |         return f"Unknown action: {action}"
   |

I001 [*] Import block is un-sorted or un-formatted
 --> app\services\ai\tools\habit_tracker.py:1:1
  |
1 | / import logging
2 | | from sqlalchemy import select
3 | | from datetime import datetime, timezone
4 | | from app.services.ai.tools.base import BaseTool
5 | | from app.db.session import AsyncSessionLocal
6 | | from app.db.models.habit import Habit, HabitLog
  | |_______________________________________________^
7 |
8 |   logger = logging.getLogger(__name__)
  |
help: Organize imports

E501 Line too long (184 > 88)
  --> app\services\ai\tools\habit_tracker.py:17:89
   |
15 | â€¦
16 | â€¦
17 | â€¦nytime the user mentions completing a daily goal, workout, diet milestone, or wants to check their habit streaks."
   |                    ^^^^^^^^^^^^^^^^^^^^^^^^^^^^^^^^^^^^^^^^^^^^^^^^^^^^^^^^^^^^^^^^^^^^^^^^^^^^^^^^^^^^^^^^^^^^^^^^
18 | â€¦
19 | â€¦
   |

E501 Line too long (94 > 88)
  --> app\services\ai\tools\habit_tracker.py:26:89
   |
24 |                 "action": {
25 |                     "type": "string",
26 |                     "description": "The action: 'get_all', 'log_completion', 'create_habit'.",
   |                                                                                         ^^^^^^
27 |                     "enum": ["get_all", "log_completion", "create_habit"]
28 |                 },
   |

E501 Line too long (102 > 88)
  --> app\services\ai\tools\habit_tracker.py:31:89
   |
29 |                 "habit_name": {
30 |                     "type": "string",
31 |                     "description": "Name of the habit to log or create (e.g. 'gym', 'read 10 pages')."
   |                                                                                         ^^^^^^^^^^^^^^
32 |                 },
33 |                 "note": {
   |

E501 Line too long (97 > 88)
  --> app\services\ai\tools\habit_tracker.py:35:89
   |
33 |                 "note": {
34 |                     "type": "string",
35 |                     "description": "Optional details about the completion (e.g. 'Hit a new PR')."
   |                                                                                         ^^^^^^^^^
36 |                 }
37 |             },
   |

E501 Line too long (93 > 88)
  --> app\services\ai\tools\habit_tracker.py:52:89
   |
50 |         async with AsyncSessionLocal() as session:
51 |             if action == "get_all":
52 |                 result = await session.execute(select(Habit).where(Habit.user_id == user_id))
   |                                                                                         ^^^^^
53 |                 habits = result.scalars().all()
54 |                 if not habits:
   |

E501 Line too long (137 > 88)
  --> app\services\ai\tools\habit_tracker.py:57:89
   |
55 | â€¦."
56 | â€¦
57 | â€¦.title()}: {h.current_streak} streak. Target: {h.frequency_target}/week." for h in habits])
   |                                            ^^^^^^^^^^^^^^^^^^^^^^^^^^^^^^^^^^^^^^^^^^^^^^^^^
58 | â€¦
59 | â€¦
   |

E501 Line too long (121 > 88)
  --> app\services\ai\tools\habit_tracker.py:63:89
   |
61 |                     return "ERROR: habit_name required."
62 |                     
63 |                 existing = await session.execute(select(Habit).where(Habit.user_id == user_id, Habit.name == habit_name))
   |                                                                                         ^^^^^^^^^^^^^^^^^^^^^^^^^^^^^^^^^
64 |                 if existing.scalars().first():
65 |                     return f"Habit '{habit_name}' already exists!"
   |

E501 Line too long (121 > 88)
  --> app\services\ai\tools\habit_tracker.py:76:89
   |
74 |                     return "ERROR: habit_name required."
75 |                     
76 |                 existing = await session.execute(select(Habit).where(Habit.user_id == user_id, Habit.name == habit_name))
   |                                                                                         ^^^^^^^^^^^^^^^^^^^^^^^^^^^^^^^^^
77 |                 habit = existing.scalars().first()
78 |                 if not habit:
   |

E501 Line too long (103 > 88)
  --> app\services\ai\tools\habit_tracker.py:80:89
   |
78 |                 if not habit:
79 |                     # Auto create
80 |                     habit = Habit(user_id=user_id, name=habit_name, current_streak=0, longest_streak=0)
   |                                                                                         ^^^^^^^^^^^^^^^
81 |                     session.add(habit)
82 |                     await session.flush()
   |

UP017 [*] Use `datetime.UTC` alias
  --> app\services\ai\tools\habit_tracker.py:85:38
   |
84 |                 # Check if already logged today
85 |                 today = datetime.now(timezone.utc).date()
   |                                      ^^^^^^^^^^^^
86 |                 last_logs = await session.execute(
87 |                     select(HabitLog).where(HabitLog.habit_id == habit.id).order_by(HabitLog.completed_at.desc())
   |
help: Convert to `datetime.UTC` alias

E501 Line too long (112 > 88)
  --> app\services\ai\tools\habit_tracker.py:87:89
   |
85 |                 today = datetime.now(timezone.utc).date()
86 |                 last_logs = await session.execute(
87 |                     select(HabitLog).where(HabitLog.habit_id == habit.id).order_by(HabitLog.completed_at.desc())
   |                                                                                         ^^^^^^^^^^^^^^^^^^^^^^^^
88 |                 )
89 |                 last_log = last_logs.scalars().first()
   |

E501 Line too long (96 > 88)
  --> app\services\ai\tools\habit_tracker.py:91:89
   |
89 |                 last_log = last_logs.scalars().first()
90 |                 
91 |                 if last_log and getattr(last_log.completed_at, "date", lambda: None)() == today:
   |                                                                                         ^^^^^^^^
92 |                      return f"Already logged '{habit.name}' for today!"
   |

E501 Line too long (95 > 88)
   --> app\services\ai\tools\habit_tracker.py:102:89
    |
100 |                 await session.commit()
101 |                 
102 |                 return f"Logged '{habit.name}' completion! New streak: {habit.current_streak}."
    |                                                                                         ^^^^^^^
103 |                 
104 |             return "ERROR: Unknown action."
    |

I001 [*] Import block is un-sorted or un-formatted
 --> app\services\ai\tools\implementations\browser.py:1:1
  |
1 | / from app.services.ai.tools.base import BaseTool
2 | | import json
3 | | import logging
  | |______________^
4 |
5 |   logger = logging.getLogger(__name__)
  |
help: Organize imports

F401 [*] `json` imported but unused
 --> app\services\ai\tools\implementations\browser.py:2:8
  |
1 | from app.services.ai.tools.base import BaseTool
2 | import json
  |        ^^^^
3 | import logging
  |
help: Remove unused import: `json`

E501 Line too long (237 > 88)
  --> app\services\ai\tools\implementations\browser.py:9:89
   |
 7 | â€¦
 8 | â€¦
 9 | â€¦y Tree (AXTree). Use this instead of web_search when you need to understand the visual layout, buttons, and input fields of a specific GUI page natively."
   |       ^^^^^^^^^^^^^^^^^^^^^^^^^^^^^^^^^^^^^^^^^^^^^^^^^^^^^^^^^^^^^^^^^^^^^^^^^^^^^^^^^^^^^^^^^^^^^^^^^^^^^^^^^^^^^^^^^^^^^^^^^^^^^^^^^^^^^^^^^^^^^^^^^^^^^
10 | â€¦
11 | â€¦
   |

E501 Line too long (89 > 88)
  --> app\services\ai\tools\implementations\browser.py:45:89
   |
43 |         ssrf_error = check_ssrf(url)
44 |         if ssrf_error:
45 |             logger.warning(f"SSRF Blocked Browser Attempt: {url} | Reason: {ssrf_error}")
   |                                                                                         ^
46 |             return f"Security Guardrail Error: {ssrf_error}"
   |

E501 Line too long (143 > 88)
  --> app\services\ai\tools\implementations\browser.py:59:89
   |
58 | â€¦
59 | â€¦r {url}]\nNode 1: RootWebArea 'Page Title'\n Node 2: button 'Login'\n Node 3: textbox 'Email'"
   |                                         ^^^^^^^^^^^^^^^^^^^^^^^^^^^^^^^^^^^^^^^^^^^^^^^^^^^^^^^
60 | â€¦
61 | â€¦ment {kwargs.get('element_id')} on {url}."
   |

E501 Line too long (91 > 88)
  --> app\services\ai\tools\implementations\browser.py:61:89
   |
59 | â€¦         return f"[Mocked AXTree Result for {url}]\nNode 1: RootWebArea 'Page Title'\n Node 2: button 'Login'\n Node 3: textbox 'Emaiâ€¦
60 | â€¦     elif action == "click_element":
61 | â€¦         return f"Successfully clicked element {kwargs.get('element_id')} on {url}."
   |                                                                                   ^^^
62 | â€¦     elif action == "type_text":
63 | â€¦         return f"Successfully typed '{kwargs.get('text')}' into element {kwargs.get('element_id')} on {url}."
   |

E501 Line too long (117 > 88)
  --> app\services\ai\tools\implementations\browser.py:63:89
   |
61 |                 return f"Successfully clicked element {kwargs.get('element_id')} on {url}."
62 |             elif action == "type_text":
63 |                 return f"Successfully typed '{kwargs.get('text')}' into element {kwargs.get('element_id')} on {url}."
   |                                                                                         ^^^^^^^^^^^^^^^^^^^^^^^^^^^^^
64 |             
65 |             return f"Action {action} completed on {url}."
   |

I001 [*] Import block is un-sorted or un-formatted
 --> app\services\ai\tools\implementations\mcp_adapter.py:1:1
  |
1 | / from app.services.ai.tools.base import BaseTool
2 | | import subprocess
3 | | import json
4 | | import logging
  | |______________^
5 |
6 |   logger = logging.getLogger(__name__)
  |
help: Organize imports

F401 [*] `subprocess` imported but unused
 --> app\services\ai\tools\implementations\mcp_adapter.py:2:8
  |
1 | from app.services.ai.tools.base import BaseTool
2 | import subprocess
  |        ^^^^^^^^^^
3 | import json
4 | import logging
  |
help: Remove unused import: `subprocess`

E501 Line too long (162 > 88)
  --> app\services\ai\tools\implementations\mcp_adapter.py:10:89
   |
 8 | â€¦
 9 | â€¦
10 | â€¦ext Protocol (MCP) server. Use this to access remote integrations not natively built into the core AI."
   |                               ^^^^^^^^^^^^^^^^^^^^^^^^^^^^^^^^^^^^^^^^^^^^^^^^^^^^^^^^^^^^^^^^^^^^^^^^^^
11 | â€¦
12 | â€¦
   |

E501 Line too long (123 > 88)
  --> app\services\ai\tools\implementations\mcp_adapter.py:16:89
   |
14 |             "server_command": {
15 |                 "type": "string",
16 |                 "description": "The command to boot the MCP server (e.g. 'npx -y @modelcontextprotocol/server-everything')"
   |                                                                                         ^^^^^^^^^^^^^^^^^^^^^^^^^^^^^^^^^^^
17 |             },
18 |             "tool_name": {
   |

E501 Line too long (89 > 88)
  --> app\services\ai\tools\implementations\mcp_adapter.py:20:89
   |
18 |             "tool_name": {
19 |                 "type": "string",
20 |                 "description": "The exact name of the tool to execute on the MCP server."
   |                                                                                         ^
21 |             },
22 |             "arguments": {
   |

E501 Line too long (99 > 88)
  --> app\services\ai\tools\implementations\mcp_adapter.py:41:89
   |
39 |         # and requires extensive framing (JSON-RPC 2.0 over stdin/stdout).
40 |         # This MVP acts as a placeholder invoking a simplified CLI wrapper.
41 |         # In production, use `mcp` official python package: `from mcp import StdioServerParameters`
   |                                                                                         ^^^^^^^^^^^
42 |         
43 |         try:
   |

E501 Line too long (168 > 88)
  --> app\services\ai\tools\implementations\mcp_adapter.py:46:89
   |
44 | â€¦server_command}")
45 | â€¦t breaking the event loop
46 | â€¦"{server_command}". Simulated execution of "{tool_name}" with args: {json.dumps(arguments)} returning ok.'
   |                            ^^^^^^^^^^^^^^^^^^^^^^^^^^^^^^^^^^^^^^^^^^^^^^^^^^^^^^^^^^^^^^^^^^^^^^^^^^^^^^^^
47 | â€¦
48 | â€¦
   |

I001 [*] Import block is un-sorted or un-formatted
 --> app\services\ai\tools\memory_search.py:1:1
  |
1 | / from app.services.ai.tools.base import BaseTool
2 | | from app.services.ai.memory.memory_service import MemoryService
  | |_______________________________________________________________^
3 |
4 |   class MemorySearchTool(BaseTool):
  |
help: Organize imports

I001 [*] Import block is un-sorted or un-formatted
 --> app\services\ai\tools\notes_tool.py:1:1
  |
1 | / from typing import Any
2 | | from app.services.ai.tools.base import BaseTool
3 | | from app.services.notes.note_service import NoteService
  | |_______________________________________________________^
4 |
5 |   class NotesTool(BaseTool):
  |
help: Organize imports

E501 Line too long (221 > 88)
  --> app\services\ai\tools\notes_tool.py:15:89
   |
13 | â€¦
14 | â€¦
15 | â€¦nt inside notes via `document_search` instead since Notes are automatically indexed. This tool is strictly for CRUD and viewing metadata."
   |       ^^^^^^^^^^^^^^^^^^^^^^^^^^^^^^^^^^^^^^^^^^^^^^^^^^^^^^^^^^^^^^^^^^^^^^^^^^^^^^^^^^^^^^^^^^^^^^^^^^^^^^^^^^^^^^^^^^^^^^^^^^^^^^^^^^^^^
16 | â€¦
17 | â€¦
   |

E501 Line too long (100 > 88)
  --> app\services\ai\tools\notes_tool.py:22:89
   |
20 |             "type": "object",
21 |             "properties": {
22 |                 "action": {"type": "string", "enum": ["create", "list", "get", "update", "delete"]},
   |                                                                                         ^^^^^^^^^^^^
23 |                 "title": {"type": "string"},
24 |                 "content": {"type": "string"},
   |

E501 Line too long (129 > 88)
  --> app\services\ai\tools\notes_tool.py:38:89
   |
37 |         if action == "create":
38 |             note = await self.note_service.create_note(user_id, kwargs["title"], kwargs.get("content", ""), kwargs.get("folder"))
   |                                                                                         ^^^^^^^^^^^^^^^^^^^^^^^^^^^^^^^^^^^^^^^^^
39 |             return f"Note '{note.title}' created with ID {note.id}."
40 |         elif action == "list":
   |

E701 Multiple statements on one line (colon)
  --> app\services\ai\tools\notes_tool.py:48:33
   |
46 |         elif action == "update":
47 |             updates = {}
48 |             if "title" in kwargs: updates["title"] = kwargs["title"]
   |                                 ^
49 |             if "content" in kwargs: updates["content"] = kwargs["content"]
50 |             note = await self.note_service.update_note(kwargs["note_id"], user_id, updates)
   |

E701 Multiple statements on one line (colon)
  --> app\services\ai\tools\notes_tool.py:49:35
   |
47 |             updates = {}
48 |             if "title" in kwargs: updates["title"] = kwargs["title"]
49 |             if "content" in kwargs: updates["content"] = kwargs["content"]
   |                                   ^
50 |             note = await self.note_service.update_note(kwargs["note_id"], user_id, updates)
51 |             return "Note updated successfully." if note else "Note not found."
   |

E501 Line too long (91 > 88)
  --> app\services\ai\tools\notes_tool.py:50:89
   |
48 |             if "title" in kwargs: updates["title"] = kwargs["title"]
49 |             if "content" in kwargs: updates["content"] = kwargs["content"]
50 |             note = await self.note_service.update_note(kwargs["note_id"], user_id, updates)
   |                                                                                         ^^^
51 |             return "Note updated successfully." if note else "Note not found."
52 |         elif action == "delete":
   |

I001 [*] Import block is un-sorted or un-formatted
 --> app\services\ai\tools\orchestrator.py:1:1
  |
1 | / import time
2 | | import logging
3 | |
4 | | from app.schemas.tool import ToolRequest, ToolResponse
5 | | from app.services.ai.tools.registry import ToolRegistry
  | |_______________________________________________________^
6 |
7 |   logger = logging.getLogger(__name__)
  |
help: Organize imports

E501 Line too long (93 > 88)
  --> app\services\ai\tools\orchestrator.py:18:89
   |
16 |             msg = f"Error: Tool '{request.name}' not found natively."
17 |             logger.warning(msg)
18 |             return ToolResponse(id=request.id, name=request.name, content=msg, is_error=True)
   |                                                                                         ^^^^^
19 |
20 |         if tool.requires_confirmation and not request.arguments.get("_confirmed", False):
   |

E501 Line too long (89 > 88)
  --> app\services\ai\tools\orchestrator.py:20:89
   |
18 |             return ToolResponse(id=request.id, name=request.name, content=msg, is_error=True)
19 |
20 |         if tool.requires_confirmation and not request.arguments.get("_confirmed", False):
   |                                                                                         ^
21 |             msg = "Action paused: Requires explicit user authorization."
22 |             logger.info("Tool execution paused for user confirmation", extra={"tool": request.name})
   |

E501 Line too long (100 > 88)
  --> app\services\ai\tools\orchestrator.py:22:89
   |
20 |         if tool.requires_confirmation and not request.arguments.get("_confirmed", False):
21 |             msg = "Action paused: Requires explicit user authorization."
22 |             logger.info("Tool execution paused for user confirmation", extra={"tool": request.name})
   |                                                                                         ^^^^^^^^^^^^
23 |             return ToolResponse(id=request.id, name=request.name, content=msg, requires_confirmation=True)
   |

E501 Line too long (106 > 88)
  --> app\services\ai\tools\orchestrator.py:23:89
   |
21 |             msg = "Action paused: Requires explicit user authorization."
22 |             logger.info("Tool execution paused for user confirmation", extra={"tool": request.name})
23 |             return ToolResponse(id=request.id, name=request.name, content=msg, requires_confirmation=True)
   |                                                                                         ^^^^^^^^^^^^^^^^^^
24 |             
25 |         from app.config import get_settings
   |

E501 Line too long (120 > 88)
  --> app\services\ai\tools\orchestrator.py:28:89
   |
26 |         if getattr(get_settings(), "LOCAL_ONLY_MODE", False):
27 |              if getattr(tool, "requires_network", True):
28 |                  msg = f"Security Block: '{request.name}' requires network access, which is blocked in Local-Only Mode."
   |                                                                                         ^^^^^^^^^^^^^^^^^^^^^^^^^^^^^^^^
29 |                  logger.warning(msg)
30 |                  return ToolResponse(id=request.id, name=request.name, content=msg, is_error=True)
   |

E501 Line too long (98 > 88)
  --> app\services\ai\tools\orchestrator.py:30:89
   |
28 |                  msg = f"Security Block: '{request.name}' requires network access, which is blocked in Local-Only Mode."
29 |                  logger.warning(msg)
30 |                  return ToolResponse(id=request.id, name=request.name, content=msg, is_error=True)
   |                                                                                         ^^^^^^^^^^
31 |             
32 |         try:
   |

E501 Line too long (106 > 88)
  --> app\services\ai\tools\orchestrator.py:37:89
   |
35 |             latency = (time.perf_counter() - start_time) * 1000.0
36 |             
37 |             logger.info("Tool executed successfully", extra={"tool": request.name, "latency_ms": latency})
   |                                                                                         ^^^^^^^^^^^^^^^^^^
38 |             from app.security.credential_stripper import CredentialStripper
39 |             safe_content = CredentialStripper().strip(str(result))
   |

E501 Line too long (103 > 88)
  --> app\services\ai\tools\orchestrator.py:40:89
   |
38 |             from app.security.credential_stripper import CredentialStripper
39 |             safe_content = CredentialStripper().strip(str(result))
40 |             return ToolResponse(id=request.id, name=request.name, content=safe_content, is_error=False)
   |                                                                                         ^^^^^^^^^^^^^^^
41 |             
42 |         except Exception as e:
   |

E501 Line too long (93 > 88)
  --> app\services\ai\tools\orchestrator.py:45:89
   |
43 |             msg = f"Error executing internal tool: {str(e)}"
44 |             logger.error(msg, exc_info=True)
45 |             return ToolResponse(id=request.id, name=request.name, content=msg, is_error=True)
   |                                                                                         ^^^^^
46 |             
47 |     async def execute_all(self, requests: list[ToolRequest], context: dict) -> list[ToolResponse]:
   |

E501 Line too long (98 > 88)
  --> app\services\ai\tools\orchestrator.py:47:89
   |
45 |             return ToolResponse(id=request.id, name=request.name, content=msg, is_error=True)
46 |             
47 |     async def execute_all(self, requests: list[ToolRequest], context: dict) -> list[ToolResponse]:
   |                                                                                         ^^^^^^^^^^
48 |         responses = []
49 |         for req in requests:
   |

I001 [*] Import block is un-sorted or un-formatted
 --> app\services\ai\tools\registry.py:1:1
  |
1 | / from app.services.ai.tools.base import BaseTool
2 | | import os
3 | | import importlib.util
4 | | import inspect
5 | | import logging
  | |______________^
6 |
7 |   logger = logging.getLogger(__name__)
  |
help: Organize imports

E501 Line too long (90 > 88)
  --> app\services\ai\tools\registry.py:30:89
   |
29 |     def scan_and_register_directory(self, target_directory: str):
30 |         """Dynamically scans a directory for external Python skills and registers them."""
   |                                                                                         ^^
31 |         if not os.path.exists(target_directory):
32 |             logger.warning(f"[Registry] Skipped dynamic scan: {target_directory} does not exist.")
   |

E501 Line too long (98 > 88)
  --> app\services\ai\tools\registry.py:32:89
   |
30 |         """Dynamically scans a directory for external Python skills and registers them."""
31 |         if not os.path.exists(target_directory):
32 |             logger.warning(f"[Registry] Skipped dynamic scan: {target_directory} does not exist.")
   |                                                                                         ^^^^^^^^^^
33 |             return
   |

E501 Line too long (89 > 88)
  --> app\services\ai\tools\registry.py:41:89
   |
40 |                 try:
41 |                     spec = importlib.util.spec_from_file_location(module_name, file_path)
   |                                                                                         ^
42 |                     if spec and spec.loader:
43 |                         module = importlib.util.module_from_spec(spec)
   |

B007 Loop control variable `name` not used within loop body
  --> app\services\ai\tools\registry.py:46:29
   |
44 |                         spec.loader.exec_module(module)
45 |                         
46 |                         for name, obj in inspect.getmembers(module, inspect.isclass):
   |                             ^^^^
47 |                             if issubclass(obj, BaseTool) and obj is not BaseTool:
48 |                                 instance = obj()
   |
help: Rename unused `name` to `_name`

E501 Line too long (104 > 88)
  --> app\services\ai\tools\registry.py:50:89
   |
48 |                                 instance = obj()
49 |                                 self.register(instance)
50 |                                 logger.info(f"[Registry] Dynamically registered skill: {instance.name}")
   |                                                                                         ^^^^^^^^^^^^^^^^
51 |                 except Exception as e:
52 |                     logger.error(f"[Registry] Failed to load skill from {filename}: {str(e)}")
   |

E501 Line too long (94 > 88)
  --> app\services\ai\tools\registry.py:52:89
   |
50 |                                 logger.info(f"[Registry] Dynamically registered skill: {instance.name}")
51 |                 except Exception as e:
52 |                     logger.error(f"[Registry] Failed to load skill from {filename}: {str(e)}")
   |                                                                                         ^^^^^^
   |

I001 [*] Import block is un-sorted or un-formatted
 --> app\services\ai\tools\reminders_tool.py:1:1
  |
1 | / from typing import Any
2 | | from app.services.ai.tools.base import BaseTool
3 | | from app.services.reminders.reminder_service import ReminderService
4 | | from datetime import datetime
  | |_____________________________^
5 |
6 |   class RemindersTool(BaseTool):
  |
help: Organize imports

E501 Line too long (97 > 88)
  --> app\services\ai\tools\reminders_tool.py:23:89
   |
21 |              "type": "object",
22 |              "properties": {
23 |                   "action": {"type": "string", "enum": ["create", "list", "complete", "delete"]},
   |                                                                                         ^^^^^^^^^
24 |                   "title": {"type": "string"},
25 |                   "reminder_id": {"type": "integer"},
   |

E501 Line too long (92 > 88)
  --> app\services\ai\tools\reminders_tool.py:26:89
   |
24 |                   "title": {"type": "string"},
25 |                   "reminder_id": {"type": "integer"},
26 |                   "reminder_time": {"type": "string", "description": "ISO format datetime"},
   |                                                                                         ^^^^
27 |              },
28 |              "required": ["action"]
   |

E501 Line too long (93 > 88)
  --> app\services\ai\tools\reminders_tool.py:39:89
   |
37 |         if action == "create":
38 |             time = datetime.fromisoformat(kwargs["reminder_time"])
39 |             rem = await self.reminder_service.create_reminder(user_id, kwargs["title"], time)
   |                                                                                         ^^^^^
40 |             return f"Reminder created for {time}."
41 |         elif action == "list":
   |

E501 Line too long (124 > 88)
  --> app\services\ai\tools\reminders_tool.py:43:89
   |
41 |         elif action == "list":
42 |             rems = await self.reminder_service.list_reminders(user_id)
43 |             return [{"id": r.id, "title": r.title, "time": str(r.reminder_time), "completed": r.is_completed} for r in rems]
   |                                                                                         ^^^^^^^^^^^^^^^^^^^^^^^^^^^^^^^^^^^^
44 |         elif action == "complete":
45 |             rem = await self.reminder_service.mark_complete(kwargs["reminder_id"], user_id)
   |

E501 Line too long (91 > 88)
  --> app\services\ai\tools\reminders_tool.py:45:89
   |
43 |             return [{"id": r.id, "title": r.title, "time": str(r.reminder_time), "completed": r.is_completed} for r in rems]
44 |         elif action == "complete":
45 |             rem = await self.reminder_service.mark_complete(kwargs["reminder_id"], user_id)
   |                                                                                         ^^^
46 |             return "Reminder completed." if rem else "Reminder not found."
47 |         elif action == "delete":
   |

E501 Line too long (97 > 88)
  --> app\services\ai\tools\reminders_tool.py:48:89
   |
46 |             return "Reminder completed." if rem else "Reminder not found."
47 |         elif action == "delete":
48 |             success = await self.reminder_service.delete_reminder(kwargs["reminder_id"], user_id)
   |                                                                                         ^^^^^^^^^
49 |             return "Reminder deleted." if success else "Reminder not found."
   |

I001 [*] Import block is un-sorted or un-formatted
  --> app\services\ai\tools\strategies.py:1:1
   |
 1 | / from abc import ABC, abstractmethod
 2 | | from typing import Any
 3 | | import re
 4 | | import json
 5 | | import logging
 6 | |
 7 | | from app.schemas.tool import ToolRequest, ToolResponse
 8 | | from app.services.ai.tools.registry import ToolRegistry
   | |_______________________________________________________^
 9 |
10 |   logger = logging.getLogger(__name__)
   |
help: Organize imports

E501 Line too long (92 > 88)
  --> app\services\ai\tools\strategies.py:25:89
   |
24 |     @abstractmethod
25 |     def extract_requests(self, response_text_or_obj: Any) -> tuple[bool, list[ToolRequest]]:
   |                                                                                         ^^^^
26 |         pass
   |

E501 Line too long (115 > 88)
  --> app\services\ai\tools\strategies.py:33:89
   |
32 |     @abstractmethod
33 |     def format_responses_to_messages(self, responses: list[ToolResponse], raw_tool_call: Any = None) -> list[dict]:
   |                                                                                         ^^^^^^^^^^^^^^^^^^^^^^^^^^^
34 |         pass
   |

E501 Line too long (104 > 88)
  --> app\services\ai\tools\strategies.py:51:89
   |
49 |         prompt += "You have access to the following action tools:\n"
50 |         for s in schemas:
51 |             prompt += f"- {s['name']}: {s['description']}\n  Arguments: {json.dumps(s['parameters'])}\n"
   |                                                                                         ^^^^^^^^^^^^^^^^
52 |             
53 |         prompt += """\nTo execute a tool, YOU MUST output EXACTLY the following XML block containing JSON:
   |

E501 Line too long (106 > 88)
  --> app\services\ai\tools\strategies.py:53:89
   |
51 |             prompt += f"- {s['name']}: {s['description']}\n  Arguments: {json.dumps(s['parameters'])}\n"
52 |             
53 |         prompt += """\nTo execute a tool, YOU MUST output EXACTLY the following XML block containing JSON:
   |                                                                                         ^^^^^^^^^^^^^^^^^^
54 | <tool_call>
55 | {"name": "tool_name", "args": {"arg1": "value1"}}
   |

E501 Line too long (101 > 88)
  --> app\services\ai\tools\strategies.py:57:89
   |
55 | {"name": "tool_name", "args": {"arg1": "value1"}}
56 | </tool_call>
57 | You will receive the tool output in a <tool_response> block. You can only call ONE tool at a time!"""
   |                                                                                         ^^^^^^^^^^^^^
58 |         return prompt
   |

E501 Line too long (92 > 88)
  --> app\services\ai\tools\strategies.py:63:89
   |
61 |         return None
62 |
63 |     def extract_requests(self, response_text_or_obj: Any) -> tuple[bool, list[ToolRequest]]:
   |                                                                                         ^^^^
64 |         if not isinstance(response_text_or_obj, str):
65 |             # Might be streaming chunks accumulating, or an unexpected structure. We act safe.
   |

E501 Line too long (94 > 88)
  --> app\services\ai\tools\strategies.py:65:89
   |
63 |     def extract_requests(self, response_text_or_obj: Any) -> tuple[bool, list[ToolRequest]]:
64 |         if not isinstance(response_text_or_obj, str):
65 |             # Might be streaming chunks accumulating, or an unexpected structure. We act safe.
   |                                                                                         ^^^^^^
66 |             if hasattr(response_text_or_obj, "text"):
67 |                 response_text_or_obj = response_text_or_obj.text
   |

E501 Line too long (94 > 88)
  --> app\services\ai\tools\strategies.py:68:89
   |
66 |             if hasattr(response_text_or_obj, "text"):
67 |                 response_text_or_obj = response_text_or_obj.text
68 |             elif isinstance(response_text_or_obj, dict) and "message" in response_text_or_obj:
   |                                                                                         ^^^^^^
69 |                 response_text_or_obj = response_text_or_obj["message"].get("content", "")
70 |             else:
   |

E501 Line too long (89 > 88)
  --> app\services\ai\tools\strategies.py:69:89
   |
67 |                 response_text_or_obj = response_text_or_obj.text
68 |             elif isinstance(response_text_or_obj, dict) and "message" in response_text_or_obj:
69 |                 response_text_or_obj = response_text_or_obj["message"].get("content", "")
   |                                                                                         ^
70 |             else:
71 |                 return False, []
   |

E701 Multiple statements on one line (colon)
  --> app\services\ai\tools\strategies.py:73:53
   |
71 |                 return False, []
72 |             
73 |         if not isinstance(response_text_or_obj, str): return False, []
   |                                                     ^
74 |             
75 |         match = re.search(r'<tool_call>\s*(.*?)\s*</tool_call>', response_text_or_obj, re.DOTALL)
   |

E501 Line too long (97 > 88)
  --> app\services\ai\tools\strategies.py:75:89
   |
73 |         if not isinstance(response_text_or_obj, str): return False, []
74 |             
75 |         match = re.search(r'<tool_call>\s*(.*?)\s*</tool_call>', response_text_or_obj, re.DOTALL)
   |                                                                                         ^^^^^^^^^
76 |         if not match:
77 |             return False, []
   |

F841 [*] Local variable `e` is assigned to but never used
  --> app\services\ai\tools\strategies.py:89:40
   |
87 |             return True, [req]
88 |             
89 |         except json.JSONDecodeError as e:
   |                                        ^
90 |             req = ToolRequest(id=match.group(0), name="PARSE_ERROR", arguments={})
91 |             return True, [req]
   |
help: Remove assignment to unused variable `e`

E501 Line too long (115 > 88)
  --> app\services\ai\tools\strategies.py:97:89
   |
95 |         return [{"role": "assistant", "content": text}]
96 |             
97 |     def format_responses_to_messages(self, responses: list[ToolResponse], raw_tool_call: Any = None) -> list[dict]:
   |                                                                                         ^^^^^^^^^^^^^^^^^^^^^^^^^^^
98 |         if not responses:
99 |             return []
   |

E501 Line too long (124 > 88)
   --> app\services\ai\tools\strategies.py:104:89
    |
102 |         original_xml = res.id if res.id else getattr(raw_tool_call, "id", "unknown_xml")
103 |         
104 |         tool_msg_content = f"Tool execution result for:\n{original_xml}\n\n<tool_response>\n{res.content}\n</tool_response>"
    |                                                                                         ^^^^^^^^^^^^^^^^^^^^^^^^^^^^^^^^^^^^
105 |         return [{"role": "user", "content": tool_msg_content}]
    |

E501 Line too long (96 > 88)
   --> app\services\ai\tools\strategies.py:126:89
    |
124 |         tools = []
125 |         for s in schemas:
126 |             # We map JSON schema to Python types natively accepted by genai list of dictionaries
    |                                                                                         ^^^^^^^^
127 |             parameters = s.get("parameters", {"type": "object", "properties": {}})
128 |             tools.append({
    |

E501 Line too long (92 > 88)
   --> app\services\ai\tools\strategies.py:137:89
    |
135 |         return tools
136 |
137 |     def extract_requests(self, response_text_or_obj: Any) -> tuple[bool, list[ToolRequest]]:
    |                                                                                         ^^^^
138 |         if not hasattr(response_text_or_obj, "function_calls") or not response_text_or_obj.function_calls:
139 |              return False, []
    |

E501 Line too long (106 > 88)
   --> app\services\ai\tools\strategies.py:138:89
    |
137 |     def extract_requests(self, response_text_or_obj: Any) -> tuple[bool, list[ToolRequest]]:
138 |         if not hasattr(response_text_or_obj, "function_calls") or not response_text_or_obj.function_calls:
    |                                                                                         ^^^^^^^^^^^^^^^^^^
139 |              return False, []
    |

E501 Line too long (103 > 88)
   --> app\services\ai\tools\strategies.py:153:89
    |
152 |     def format_assistant_message(self, response_text_or_obj: Any) -> list[dict]:
153 |         # Google expects native history appending to encompass function calls explicitly via Parts list
    |                                                                                         ^^^^^^^^^^^^^^^
154 |         parts = []
155 |         if hasattr(response_text_or_obj, "text") and response_text_or_obj.text:
    |

E501 Line too long (99 > 88)
   --> app\services\ai\tools\strategies.py:158:89
    |
156 |              parts.append({"text": response_text_or_obj.text})
157 |              
158 |         if hasattr(response_text_or_obj, "function_calls") and response_text_or_obj.function_calls:
    |                                                                                         ^^^^^^^^^^^
159 |              for call in response_text_or_obj.function_calls:
160 |                  parts.append({
    |

E501 Line too long (115 > 88)
   --> app\services\ai\tools\strategies.py:172:89
    |
170 |         return [{"role": "model", "parts": parts}]
171 |
172 |     def format_responses_to_messages(self, responses: list[ToolResponse], raw_tool_call: Any = None) -> list[dict]:
    |                                                                                         ^^^^^^^^^^^^^^^^^^^^^^^^^^^
173 |         parts = []
174 |         for res in responses:
    |

E501 Line too long (102 > 88)
   --> app\services\ai\tools\strategies.py:178:89
    |
176 |                  "functionResponse": {
177 |                      "name": res.name,
178 |                      "response": {"content": res.content, "status": "ERROR" if res.is_error else "OK"}
    |                                                                                         ^^^^^^^^^^^^^^
179 |                  }
180 |              })
    |

I001 [*] Import block is un-sorted or un-formatted
 --> app\services\ai\tools\tasks_tool.py:1:1
  |
1 | / from typing import Any
2 | | from app.services.ai.tools.base import BaseTool
3 | | from app.services.tasks.task_service import TaskService
4 | | from datetime import datetime
  | |_____________________________^
5 |
6 |   class TasksTool(BaseTool):
  |
help: Organize imports

E501 Line too long (101 > 88)
  --> app\services\ai\tools\tasks_tool.py:16:89
   |
14 |     @property
15 |     def description(self) -> str:
16 |         return "Manage user tasks. Use to fetch due dates, create tasks, or mark tasks as completed."
   |                                                                                         ^^^^^^^^^^^^^
17 |
18 |     @property
   |

E501 Line too long (97 > 88)
  --> app\services\ai\tools\tasks_tool.py:23:89
   |
21 |              "type": "object",
22 |              "properties": {
23 |                   "action": {"type": "string", "enum": ["create", "list", "complete", "delete"]},
   |                                                                                         ^^^^^^^^^
24 |                   "title": {"type": "string"},
25 |                   "task_id": {"type": "integer"},
   |

E501 Line too long (99 > 88)
  --> app\services\ai\tools\tasks_tool.py:38:89
   |
37 |         if action == "create":
38 |             due_date = datetime.fromisoformat(kwargs["due_date"]) if "due_date" in kwargs else None
   |                                                                                         ^^^^^^^^^^^
39 |             task = await self.task_service.create_task(user_id, kwargs["title"], due_date=due_date)
40 |             return f"Task '{task.title}' created with ID {task.id}."
   |

E501 Line too long (99 > 88)
  --> app\services\ai\tools\tasks_tool.py:39:89
   |
37 |         if action == "create":
38 |             due_date = datetime.fromisoformat(kwargs["due_date"]) if "due_date" in kwargs else None
39 |             task = await self.task_service.create_task(user_id, kwargs["title"], due_date=due_date)
   |                                                                                         ^^^^^^^^^^^
40 |             return f"Task '{task.title}' created with ID {task.id}."
41 |         elif action == "list":
   |

E501 Line too long (119 > 88)
  --> app\services\ai\tools\tasks_tool.py:43:89
   |
41 |         elif action == "list":
42 |             tasks = await self.task_service.list_tasks(user_id)
43 |             return [{"id": t.id, "title": t.title, "due": str(t.due_date), "completed": t.is_completed} for t in tasks]
   |                                                                                         ^^^^^^^^^^^^^^^^^^^^^^^^^^^^^^^
44 |         elif action == "complete":
45 |             task = await self.task_service.mark_complete(kwargs["task_id"], user_id)
   |

I001 [*] Import block is un-sorted or un-formatted
  --> app\services\ai\tools\web_search.py:1:1
   |
 1 | / import time
 2 | | import logging
 3 | | import json
 4 | | from typing import Any
 5 | |
 6 | | from app.services.ai.tools.base import BaseTool
 7 | | from app.integrations.search.base import SearchProvider
 8 | | from app.config import get_settings
   | |___________________________________^
 9 |
10 |   logger = logging.getLogger(__name__)
   |
help: Organize imports

F401 [*] `typing.Any` imported but unused
 --> app\services\ai\tools\web_search.py:4:20
  |
2 | import logging
3 | import json
4 | from typing import Any
  |                    ^^^
5 |
6 | from app.services.ai.tools.base import BaseTool
  |
help: Remove unused import: `typing.Any`

E501 Line too long (184 > 88)
  --> app\services\ai\tools\web_search.py:23:89
   |
21 | â€¦
22 | â€¦
23 | â€¦ that is not available in memory or local context (e.g., current events, weather, stock prices, latest news etc)."
   |                    ^^^^^^^^^^^^^^^^^^^^^^^^^^^^^^^^^^^^^^^^^^^^^^^^^^^^^^^^^^^^^^^^^^^^^^^^^^^^^^^^^^^^^^^^^^^^^^^^
24 | â€¦
25 | â€¦
   |

I001 [*] Import block is un-sorted or un-formatted
 --> app\services\auth_service.py:1:1
  |
1 | / from app.core.exceptions import UserAlreadyExistsException
2 | | from app.core.exceptions import InvalidCredentialsException
3 | | from app.db.models.user import User
4 | | from app.repositories.user_repository import UserRepository
5 | | from app.schemas.user import UserCreate
6 | | from app.utils.jwt import create_access_token
7 | | from app.utils.security import verify_password
8 | | from app.utils.security import hash_password
  | |____________________________________________^
  |
help: Organize imports

I001 [*] Import block is un-sorted or un-formatted
 --> app\services\document_service.py:1:1
  |
1 | / from fastapi import HTTPException, UploadFile, status, BackgroundTasks
2 | |
3 | | from app.db.models import Document, DocumentStatus
4 | | from app.repositories.document_repository import DocumentRepository
5 | | from app.services.storage_service import StorageService
6 | | from app.services.documents.processor import DocumentProcessor
  | |______________________________________________________________^
  |
help: Organize imports

I001 [*] Import block is un-sorted or un-formatted
 --> app\services\documents\extractors\pdf_extractor.py:1:1
  |
1 | / from pathlib import Path
2 | |
3 | | import pymupdf # pyright: ignore[reportMissingImports]
4 | |
5 | | from app.services.documents.models import (
6 | |     ExtractedDocument,
7 | | )
8 | |
9 | | from .base import BaseExtractor
  | |_______________________________^
  |
help: Organize imports

F401 [*] `app.db.models.DocumentChunk` imported but unused
 --> app\services\documents\processor.py:5:5
  |
3 | from app.db.models import (
4 |     Document,
5 |     DocumentChunk,
  |     ^^^^^^^^^^^^^
6 |     DocumentStatus,
7 | )
  |
help: Remove unused import: `app.db.models.DocumentChunk`

I001 [*] Import block is un-sorted or un-formatted
  --> app\services\indexing\indexing_service.py:1:1
   |
 1 | / from app.repositories.document_chunk_repository import (
 2 | |     DocumentChunkRepository,
 3 | | )
 4 | |
 5 | | from app.repositories.document_repository import (
 6 | |     DocumentRepository,
 7 | | )
 8 | |
 9 | | from app.db.models import DocumentStatus
10 | |
11 | | from app.services.ai.embeddings import (
12 | |     EmbeddingService,
13 | | )
   | |_^
   |
help: Organize imports

I001 [*] Import block is un-sorted or un-formatted
  --> app\services\notes\note_service.py:1:1
   |
 1 | / import os
 2 | | import asyncio
 3 | | from pathlib import Path
 4 | |
 5 | | from app.repositories.note_repository import NoteRepository
 6 | | from app.repositories.document_repository import DocumentRepository
 7 | | from app.services.documents.processor import DocumentProcessor
 8 | | from app.db.models.note import Note
 9 | | from app.db.models.document import Document, DocumentStatus
   | |___________________________________________________________^
10 |
11 |   class NoteService:
   |
help: Organize imports

F401 [*] `os` imported but unused
 --> app\services\notes\note_service.py:1:8
  |
1 | import os
  |        ^^
2 | import asyncio
3 | from pathlib import Path
  |
help: Remove unused import: `os`

E501 Line too long (110 > 88)
  --> app\services\notes\note_service.py:25:89
   |
24 |     async def create_note(
25 |         self, user_id: int, title: str, content: str, folder: str | None = None, tags: list[str] | None = None
   |                                                                                         ^^^^^^^^^^^^^^^^^^^^^^
26 |     ) -> Note:
27 |         note = Note(
   |

E501 Line too long (90 > 88)
  --> app\services\notes\note_service.py:70:89
   |
68 |         return await self.note_repository.list_by_user(user_id)
69 |
70 |     async def update_note(self, note_id: int, user_id: int, updates: dict) -> Note | None:
   |                                                                                         ^^
71 |         note = await self.note_repository.get_by_id(note_id, user_id)
72 |         if not note:
   |

E501 Line too long (89 > 88)
  --> app\services\notes\note_service.py:97:89
   |
95 |                     await self.document_repository.update(doc)
96 |                     
97 |                     # Instead of creating duplicate chunks randomly, we should optimally 
   |                                                                                         ^
98 |                     # let DocumentProcessor handle chunks gracefully, 
99 |                     # but for now running this again will embed it linearly!
   |

I001 [*] Import block is un-sorted or un-formatted
 --> app\services\notifications\notification_service.py:1:1
  |
1 | / import asyncio
2 | | import logging
3 | | from typing import List
4 | | from app.services.notifications.providers.base import BaseNotificationProvider
  | |______________________________________________________________________________^
5 |
6 |   logger = logging.getLogger(__name__)
  |
help: Organize imports

UP035 `typing.List` is deprecated, use `list` instead
 --> app\services\notifications\notification_service.py:3:1
  |
1 | import asyncio
2 | import logging
3 | from typing import List
  | ^^^^^^^^^^^^^^^^^^^^^^^
4 | from app.services.notifications.providers.base import BaseNotificationProvider
  |

UP006 [*] Use `list` instead of `List` for type annotation
  --> app\services\notifications\notification_service.py:12:35
   |
10 |     Central dispatcher coordinating multi-channel notification fan-out.
11 |     """
12 |     def __init__(self, providers: List[BaseNotificationProvider]):
   |                                   ^^^^
13 |         self.providers = providers
   |
help: Replace with `list`

I001 [*] Import block is un-sorted or un-formatted
 --> app\services\notifications\providers\base.py:1:1
  |
1 | from abc import ABC, abstractmethod
  | ^^^^^^^^^^^^^^^^^^^^^^^^^^^^^^^^^^^
2 |
3 | class BaseNotificationProvider(ABC):
  |
help: Organize imports

I001 [*] Import block is un-sorted or un-formatted
 --> app\services\notifications\providers\database_provider.py:1:1
  |
1 | / from sqlalchemy.ext.asyncio import AsyncSession
2 | | from app.db.models.notification import Notification
3 | | from app.services.notifications.providers.base import BaseNotificationProvider
  | |______________________________________________________________________________^
4 |
5 |   class DatabaseNotificationProvider(BaseNotificationProvider):
  |
help: Organize imports

I001 [*] Import block is un-sorted or un-formatted
 --> app\services\notifications\providers\email_provider.py:1:1
  |
1 | / import logging
2 | | from app.services.notifications.providers.base import BaseNotificationProvider
  | |______________________________________________________________________________^
3 |
4 |   class EmailNotificationProvider(BaseNotificationProvider):
  |
help: Organize imports

E501 Line too long (91 > 88)
 --> app\services\notifications\providers\email_provider.py:6:89
  |
4 | class EmailNotificationProvider(BaseNotificationProvider):
5 |     async def send(self, user_id: int, title: str, message: str, **kwargs) -> bool:
6 |         # In a real app we would query the user's email from db and use aiosmtplib/SendGrid
  |                                                                                         ^^^
7 |         logging.info(f"[EmailProvider] Enqueueing email for user {user_id}: {title}")
8 |         return True
  |

I001 [*] Import block is un-sorted or un-formatted
 --> app\services\notifications\providers\push_provider.py:1:1
  |
1 | / import logging
2 | | import asyncio
3 | | from sqlalchemy import select
4 | | from sqlalchemy.ext.asyncio import AsyncSession
5 | | from app.db.models.device import Device
6 | | from app.services.notifications.providers.base import BaseNotificationProvider
7 | | from app.config import settings
  | |_______________________________^
8 |
9 |   # Wait to import firebase_admin to avoid crashing if not installed yet
  |
help: Organize imports

E501 Line too long (99 > 88)
  --> app\services\notifications\providers\push_provider.py:26:89
   |
24 |     async def send(self, user_id: int, title: str, message: str, **kwargs) -> bool:
25 |         if firebase_admin is None or not firebase_admin._apps:
26 |             logging.warning("[PushProvider] Firebase not initialized. Skipping push notification.")
   |                                                                                         ^^^^^^^^^^^
27 |             return False
   |

E712 Avoid equality comparisons to `True`; use `Device.active:` for truth checks
  --> app\services\notifications\providers\push_provider.py:29:88
   |
27 |             return False
28 |             
29 |         result = await self.db.execute(select(Device).where(Device.user_id == user_id, Device.active == True))
   |                                                                                        ^^^^^^^^^^^^^^^^^^^^^
30 |         devices = result.scalars().all()
   |
help: Replace with `Device.active`

E501 Line too long (110 > 88)
  --> app\services\notifications\providers\push_provider.py:29:89
   |
27 |             return False
28 |             
29 |         result = await self.db.execute(select(Device).where(Device.user_id == user_id, Device.active == True))
   |                                                                                         ^^^^^^^^^^^^^^^^^^^^^^
30 |         devices = result.scalars().all()
   |

E501 Line too long (131 > 88)
  --> app\services\notifications\providers\push_provider.py:51:89
   |
49 |                 lambda: messaging.send_each_for_multicast(msg)
50 |             )
51 |             logging.info(f"[PushProvider] FCM Push completed. Success: {response.success_count}, Failed: {response.failure_count}")
   |                                                                                         ^^^^^^^^^^^^^^^^^^^^^^^^^^^^^^^^^^^^^^^^^^^
52 |         except Exception as e:
53 |             logging.error(f"[PushProvider] FCM Error: {e}")
   |

I001 [*] Import block is un-sorted or un-formatted
 --> app\services\reminders\reminder_service.py:1:1
  |
1 | / from app.repositories.reminder_repository import ReminderRepository
2 | | from app.db.models.reminder import Reminder
3 | | from datetime import datetime
  | |_____________________________^
4 |
5 |   class ReminderService:
  |
help: Organize imports

E501 Line too long (127 > 88)
  --> app\services\reminders\reminder_service.py:9:89
   |
 7 |         self.reminder_repository = reminder_repository
 8 |
 9 |     async def create_reminder(self, user_id: int, title: str, reminder_time: datetime, is_recurring: bool = False) -> Reminder:
   |                                                                                         ^^^^^^^^^^^^^^^^^^^^^^^^^^^^^^^^^^^^^^^
10 |         reminder = Reminder(
11 |             user_id=user_id,
   |

I001 [*] Import block is un-sorted or un-formatted
  --> app\services\retrieval\evaluation.py:1:1
   |
 1 | / from __future__ import annotations
 2 | |
 3 | | import json
 4 | | from dataclasses import dataclass
 5 | | from pathlib import Path
 6 | | from time import perf_counter
 7 | | from typing import Awaitable
 8 | | from typing import Callable
 9 | |
10 | | from app.services.retrieval.ranking import RetrievedChunk
11 | | from app.services.retrieval.ranking import document_title
12 | | from app.services.retrieval.ranking import find_expected_rank
   | |_____________________________________________________________^
   |
help: Organize imports

UP035 [*] Import from `collections.abc` instead: `Awaitable`
 --> app\services\retrieval\evaluation.py:7:1
  |
5 | from pathlib import Path
6 | from time import perf_counter
7 | from typing import Awaitable
  | ^^^^^^^^^^^^^^^^^^^^^^^^^^^^
8 | from typing import Callable
  |
help: Import from `collections.abc`

UP035 [*] Import from `collections.abc` instead: `Callable`
  --> app\services\retrieval\evaluation.py:8:1
   |
 6 | from time import perf_counter
 7 | from typing import Awaitable
 8 | from typing import Callable
   | ^^^^^^^^^^^^^^^^^^^^^^^^^^^
 9 |
10 | from app.services.retrieval.ranking import RetrievedChunk
   |
help: Import from `collections.abc`

F401 [*] `app.services.retrieval.ranking.document_title` imported but unused
  --> app\services\retrieval\evaluation.py:11:44
   |
10 | from app.services.retrieval.ranking import RetrievedChunk
11 | from app.services.retrieval.ranking import document_title
   |                                            ^^^^^^^^^^^^^^
12 | from app.services.retrieval.ranking import find_expected_rank
   |
help: Remove unused import: `app.services.retrieval.ranking.document_title`

E501 Line too long (89 > 88)
   --> app\services\retrieval\evaluation.py:230:89
    |
228 |         ) / len(cases),
229 |         average_expected_distance=(
230 |             sum(average_expected_distance_values) / len(average_expected_distance_values)
    |                                                                                         ^
231 |             if average_expected_distance_values
232 |             else None
    |

E501 Line too long (99 > 88)
   --> app\services\retrieval\evaluation.py:344:89
    |
342 |     for row in case.rows:
343 |         lines.append(
344 |             f"{row.rank}. {row.document_title} Chunk {row.chunk_index} distance {row.distance:.3f}"
    |                                                                                         ^^^^^^^^^^^
345 |         )
    |

UP034 [*] Avoid extraneous parentheses
   --> app\services\retrieval\evaluation.py:365:13
    |
363 |       for row in case.rows:
364 |           lines.append(
365 | /             (
366 | |                 f"{row.rank}. document={row.document_title} "
367 | |                 f"document_id={row.document_id} "
368 | |                 f"chunk_index={row.chunk_index} "
369 | |                 f"distance={row.distance:.6f}"
370 | |             )
    | |_____________^
371 |           )
    |
help: Remove extraneous parentheses

UP034 [*] Avoid extraneous parentheses
   --> app\services\retrieval\evaluation.py:374:9
    |
373 |       lines.append(
374 | /         (
375 | |             "Scoring compares case-insensitive document title first; "
376 | |             "if expected_chunk is provided, chunk_index must match exactly. "
377 | |             "Top-1/Top-3/Top-5 are derived from the rank of the first filtered "
378 | |             "result that matches those expected fields."
379 | |         )
    | |_________^
380 |       )
381 |       lines.append("PASS" if case.top1_correct else "CHECK")
    |
help: Remove extraneous parentheses

E501 Line too long (117 > 88)
   --> app\services\retrieval\evaluation.py:389:89
    |
387 |         [
388 |             "Scoring rules:",
389 |             "- Expected document is matched against the retrieved document title using case-insensitive comparison.",
    |                                                                                         ^^^^^^^^^^^^^^^^^^^^^^^^^^^^^
390 |             "- The retrieval title fallback is title -> original_filename -> filename.",
391 |             "- If expected_chunk is provided, chunk_index must match exactly.",
    |

I001 [*] Import block is un-sorted or un-formatted
 --> app\services\retrieval\reranking.py:1:1
  |
1 | / import asyncio
2 | | import logging
3 | | from abc import ABC, abstractmethod
4 | | from typing import Optional, Any
5 | |
6 | | from app.services.retrieval.models import RetrievalResult
  | |_________________________________________________________^
7 |
8 |   logger = logging.getLogger(__name__)
  |
help: Organize imports

E501 Line too long (89 > 88)
  --> app\services\retrieval\reranking.py:25:89
   |
23 | class CrossEncoderReranker(Reranker):
24 |     """
25 |     Evaluates chunk contents against origin queries predicting contextual scores cleanly!
   |                                                                                         ^
26 |     Lazily imports `sentence_transformers` avoiding Python trace crashes if dependencies aren't built.
27 |     """
   |

E501 Line too long (102 > 88)
  --> app\services\retrieval\reranking.py:26:89
   |
24 |     """
25 |     Evaluates chunk contents against origin queries predicting contextual scores cleanly!
26 |     Lazily imports `sentence_transformers` avoiding Python trace crashes if dependencies aren't built.
   |                                                                                         ^^^^^^^^^^^^^^
27 |     """
   |

UP045 [*] Use `X | None` for type annotations
  --> app\services\retrieval\reranking.py:31:23
   |
29 |     def __init__(self, model_name: str = "cross-encoder/ms-marco-TinyBERT-L-2-v2"):
30 |         self.model_name = model_name
31 |         self.encoder: Optional[Any] = None
   |                       ^^^^^^^^^^^^^
32 |         self._initialized = False
33 |         self._disabled = False
   |
help: Convert to `X | None`

E501 Line too long (105 > 88)
  --> app\services\retrieval\reranking.py:47:89
   |
45 |         except ImportError:
46 |             logger.warning(
47 |                 "sentence_transformers natively missing! CrossEncoderReranker '%s' gracefully disabled.",
   |                                                                                         ^^^^^^^^^^^^^^^^^
48 |                 self.model_name,
49 |             )
   |

B905 `zip()` without an explicit `strict=` parameter
  --> app\services\retrieval\reranking.py:73:25
   |
71 |         scores = await loop.run_in_executor(None, _predict)
72 |
73 |         for c, score in zip(candidates, scores):
   |                         ^^^^^^^^^^^^^^^^^^^^^^^
74 |             c.rerank_score = float(score)
   |
help: Add explicit value for parameter `strict=`

E501 Line too long (90 > 88)
  --> app\services\retrieval\reranking.py:78:89
   |
76 |         # Re-sort evaluating precise metrics safely
77 |         candidates.sort(
78 |             key=lambda x: x.rerank_score if x.rerank_score is not None else float("-inf"),
   |                                                                                         ^^
79 |             reverse=True,
80 |         )
   |

I001 [*] Import block is un-sorted or un-formatted
  --> app\services\retrieval\retrieval_service.py:1:1
   |
 1 | / from __future__ import annotations
 2 | |
 3 | | import logging
 4 | | from time import perf_counter
 5 | |
 6 | | from app.config import settings
 7 | | from app.repositories.document_chunk_repository import (
 8 | |     DocumentChunkRepository,
 9 | | )
10 | | from app.services.ai.embeddings.embedding_service import EmbeddingService
11 | | from app.services.retrieval.models import RetrievalResult
12 | | from app.services.retrieval.fusion import ResultFusion
13 | | from app.services.retrieval.reranking import Reranker
14 | | from app.services.retrieval.ranking import document_title
   | |_________________________________________________________^
15 |
16 |   logger = logging.getLogger(__name__)
   |
help: Organize imports

E501 Line too long (99 > 88)
  --> app\services\retrieval\retrieval_service.py:68:89
   |
66 |             start = perf_counter()
67 |             embedding = await self.embedding_service.embed_query(query)
68 |             target_k = settings.dense_top_k if settings.enable_hybrid_retrieval else resolved_top_k
   |                                                                                         ^^^^^^^^^^^
69 |             rows = await self.chunk_repository.semantic_search(
70 |                 query=query, 
   |

E501 Line too long (92 > 88)
  --> app\services\retrieval\retrieval_service.py:89:89
   |
87 |             )
88 |             keyword_latency = (perf_counter() - start) * 1000.0
89 |             return [RetrievalResult(chunk=c, keyword_score=float(rank)) for c, rank in rows]
   |                                                                                         ^^^^
90 |             
91 |         if settings.enable_hybrid_retrieval:
   |

E501 Line too long (99 > 88)
   --> app\services\retrieval\retrieval_service.py:100:89
    |
 98 |         dense_results = [
 99 |             result for result in all_parsed_results
100 |             if result.distance is not None and result.distance <= self.default_similarity_threshold
    |                                                                                         ^^^^^^^^^^^
101 |         ]
    |

E501 Line too long (116 > 88)
   --> app\services\retrieval\retrieval_service.py:105:89
    |
103 |         if not dense_results and all_parsed_results and self.allow_best_match_fallback:
104 |             dense_results = [all_parsed_results[0]]
105 |             logger.info("Threshold filtering returned 0 results. Fallback strategy triggered returning best match.")
    |                                                                                         ^^^^^^^^^^^^^^^^^^^^^^^^^^^^
106 |             
107 |         if settings.enable_hybrid_retrieval:
    |

E501 Line too long (100 > 88)
   --> app\services\retrieval\retrieval_service.py:115:89
    |
113 |             fused_candidates = self.result_fusion.fuse(dense_results, keyword_results)
114 |         else:
115 |             dense_results.sort(key=lambda r: r.distance if r.distance is not None else float('inf'))
    |                                                                                         ^^^^^^^^^^^^
116 |             fused_candidates = dense_results
117 |             for rank, c in enumerate(fused_candidates):
    |

I001 [*] Import block is un-sorted or un-formatted
 --> app\services\scheduler\dispatcher.py:1:1
  |
1 | / import logging
2 | | import asyncio
3 | | from app.db.models.scheduled_job import ScheduledJob, JobStatus
4 | | from app.services.ai.planner.planner import Planner
5 | | from app.services.ai.planner.executor import AgentExecutor
6 | | from app.services.notifications.notification_service import NotificationService
  | |_______________________________________________________________________________^
7 |
8 |   logger = logging.getLogger(__name__)
  |
help: Organize imports

F401 [*] `asyncio` imported but unused
 --> app\services\scheduler\dispatcher.py:2:8
  |
1 | import logging
2 | import asyncio
  |        ^^^^^^^
3 | from app.db.models.scheduled_job import ScheduledJob, JobStatus
4 | from app.services.ai.planner.planner import Planner
  |
help: Remove unused import: `asyncio`

E501 Line too long (127 > 88)
  --> app\services\scheduler\dispatcher.py:11:89
   |
10 | class AgentDispatcher:
11 |     def __init__(self, planner: Planner | None, executor: AgentExecutor | None, notification_service: NotificationService, db):
   |                                                                                         ^^^^^^^^^^^^^^^^^^^^^^^^^^^^^^^^^^^^^^^
12 |         self.planner = planner
13 |         self.executor = executor
   |

I001 [*] Import block is un-sorted or un-formatted
  --> app\services\scheduler\dispatcher.py:18:9
   |
17 |       async def execute_job(self, job_id: int) -> None:
18 | /         from app.db.session import AsyncSessionLocal
19 | |         from sqlalchemy import select
   | |_____________________________________^
20 |           
21 |           logger.info(f"[Dispatcher] Starting execution for ScheduledJob {job_id}")
   |
help: Organize imports

E501 Line too long (101 > 88)
  --> app\services\scheduler\dispatcher.py:24:89
   |
22 |         async with AsyncSessionLocal() as session:
23 |             try:
24 |                 result = await session.execute(select(ScheduledJob).where(ScheduledJob.id == job_id))
   |                                                                                         ^^^^^^^^^^^^^
25 |                 job = result.scalar_one_or_none()
26 |                 if not job:
   |

E501 Line too long (89 > 88)
  --> app\services\scheduler\dispatcher.py:30:89
   |
28 |                     return
29 |                     
30 |                 # Re-instantiate notification bounds with the secure async thread context
   |                                                                                         ^
31 |                 from app.services.notifications.notification_service import NotificationService
32 |                 from app.services.notifications.providers.database_provider import DatabaseNotificationProvider
   |

I001 [*] Import block is un-sorted or un-formatted
  --> app\services\scheduler\dispatcher.py:31:17
   |
30 |                   # Re-instantiate notification bounds with the secure async thread context
31 | /                 from app.services.notifications.notification_service import NotificationService
32 | |                 from app.services.notifications.providers.database_provider import DatabaseNotificationProvider
33 | |                 from app.services.notifications.providers.email_provider import EmailNotificationProvider
34 | |                 from app.services.notifications.providers.push_provider import PushNotificationProvider
   | |_______________________________________________________________________________________________________^
35 |                   
36 |                   notif_svc = NotificationService([
   |
help: Organize imports

E501 Line too long (95 > 88)
  --> app\services\scheduler\dispatcher.py:31:89
   |
30 |                 # Re-instantiate notification bounds with the secure async thread context
31 |                 from app.services.notifications.notification_service import NotificationService
   |                                                                                         ^^^^^^^
32 |                 from app.services.notifications.providers.database_provider import DatabaseNotificationProvider
33 |                 from app.services.notifications.providers.email_provider import EmailNotificationProvider
   |

E501 Line too long (111 > 88)
  --> app\services\scheduler\dispatcher.py:32:89
   |
30 |                 # Re-instantiate notification bounds with the secure async thread context
31 |                 from app.services.notifications.notification_service import NotificationService
32 |                 from app.services.notifications.providers.database_provider import DatabaseNotificationProvider
   |                                                                                         ^^^^^^^^^^^^^^^^^^^^^^^
33 |                 from app.services.notifications.providers.email_provider import EmailNotificationProvider
34 |                 from app.services.notifications.providers.push_provider import PushNotificationProvider
   |

E501 Line too long (105 > 88)
  --> app\services\scheduler\dispatcher.py:33:89
   |
31 |                 from app.services.notifications.notification_service import NotificationService
32 |                 from app.services.notifications.providers.database_provider import DatabaseNotificationProvider
33 |                 from app.services.notifications.providers.email_provider import EmailNotificationProvider
   |                                                                                         ^^^^^^^^^^^^^^^^^
34 |                 from app.services.notifications.providers.push_provider import PushNotificationProvider
   |

E501 Line too long (103 > 88)
  --> app\services\scheduler\dispatcher.py:34:89
   |
32 |                 from app.services.notifications.providers.database_provider import DatabaseNotificationProvider
33 |                 from app.services.notifications.providers.email_provider import EmailNotificationProvider
34 |                 from app.services.notifications.providers.push_provider import PushNotificationProvider
   |                                                                                         ^^^^^^^^^^^^^^^
35 |                 
36 |                 notif_svc = NotificationService([
   |

E501 Line too long (105 > 88)
  --> app\services\scheduler\dispatcher.py:56:89
   |
54 |                 # We attempt recovery update
55 |                 try:
56 |                     result = await session.execute(select(ScheduledJob).where(ScheduledJob.id == job_id))
   |                                                                                         ^^^^^^^^^^^^^^^^^
57 |                     job = result.scalar_one_or_none()
58 |                     if job:
   |

I001 [*] Import block is un-sorted or un-formatted
  --> app\services\scheduler\reflection.py:1:1
   |
 1 | / import asyncio
 2 | | import logging
 3 | | from datetime import datetime, timezone, timedelta
 4 | | from sqlalchemy import select
 5 | | from sqlalchemy.ext.asyncio import AsyncSession
 6 | | from app.db.models.note import Note
 7 | | from app.db.models.user import User
 8 | | from app.db.models.memory import Memory
 9 | | from app.db.session import AsyncSessionLocal
10 | | from app.services.ai.providers.router import ProviderRouter
   | |___________________________________________________________^
11 |
12 |   logger = logging.getLogger(__name__)
   |
help: Organize imports

E501 Line too long (94 > 88)
  --> app\services\scheduler\reflection.py:16:89
   |
14 | class ReflectionLoop:
15 |     """
16 |     Simulates a Daily/Weekly Cron job that synthesizes short-term contextual memory fragments 
   |                                                                                         ^^^^^^
17 |     into a coherent Journal entry.
18 |     """
   |

E501 Line too long (90 > 88)
  --> app\services\scheduler\reflection.py:22:89
   |
20 |         self.provider = provider
21 |     
22 |     async def synthesize_daily_journal(self, user_id: int, session: AsyncSession) -> None:
   |                                                                                         ^^
23 |         logger.info(f"Starting Reflection synthesis for user {user_id}")
   |

UP017 [*] Use `datetime.UTC` alias
  --> app\services\scheduler\reflection.py:26:34
   |
25 |         # Get memories generated in the past 24 hours
26 |         yesterday = datetime.now(timezone.utc) - timedelta(days=1)
   |                                  ^^^^^^^^^^^^
27 |         
28 |         result = await session.execute(
   |
help: Convert to `datetime.UTC` alias

E501 Line too long (91 > 88)
  --> app\services\scheduler\reflection.py:29:89
   |
28 |         result = await session.execute(
29 |             select(Memory).where(Memory.user_id == user_id, Memory.created_at >= yesterday)
   |                                                                                         ^^^
30 |         )
31 |         recent_memories = result.scalars().all()
   |

E501 Line too long (123 > 88)
  --> app\services\scheduler\reflection.py:41:89
   |
39 |         prompt = f"""
40 |         You are a highly perceptive system architect.
41 |         Review the user's memories extracted over the past 24 hours and synthesize a single, concise Daily Reflection Note.
   |                                                                                         ^^^^^^^^^^^^^^^^^^^^^^^^^^^^^^^^^^^
42 |         Identify any implicit habits, state of mind, or actionable next-steps the user might not have explicitly asked for.
   |

E501 Line too long (123 > 88)
  --> app\services\scheduler\reflection.py:42:89
   |
40 |         You are a highly perceptive system architect.
41 |         Review the user's memories extracted over the past 24 hours and synthesize a single, concise Daily Reflection Note.
42 |         Identify any implicit habits, state of mind, or actionable next-steps the user might not have explicitly asked for.
   |                                                                                         ^^^^^^^^^^^^^^^^^^^^^^^^^^^^^^^^^^^
43 |         
44 |         Recent Memories:
   |

E501 Line too long (115 > 88)
  --> app\services\scheduler\reflection.py:47:89
   |
45 |         {memory_context}
46 |         
47 |         Return ONLY a beautifully drafted Markdown summary to be saved in their Notes app. No conversational intro.
   |                                                                                         ^^^^^^^^^^^^^^^^^^^^^^^^^^^
48 |         """
   |

UP017 [*] Use `datetime.UTC` alias
  --> app\services\scheduler\reflection.py:55:52
   |
54 |             note = Note(
55 |                 title=f"Reflection - {datetime.now(timezone.utc).strftime('%b %d, %Y')}",
   |                                                    ^^^^^^^^^^^^
56 |                 content=reflection_markdown,
57 |                 user_id=user_id,
   |
help: Convert to `datetime.UTC` alias

E501 Line too long (89 > 88)
  --> app\services\scheduler\reflection.py:55:89
   |
54 |             note = Note(
55 |                 title=f"Reflection - {datetime.now(timezone.utc).strftime('%b %d, %Y')}",
   |                                                                                         ^
56 |                 content=reflection_markdown,
57 |                 user_id=user_id,
   |

UP017 [*] Use `datetime.UTC` alias
  --> app\services\scheduler\reflection.py:71:34
   |
69 |         logger.info(f"Starting Weekly Memory Diff for user {user_id}")
70 |         
71 |         last_week = datetime.now(timezone.utc) - timedelta(days=7)
   |                                  ^^^^^^^^^^^^
72 |         old_week = datetime.now(timezone.utc) - timedelta(days=14)
   |
help: Convert to `datetime.UTC` alias

UP017 [*] Use `datetime.UTC` alias
  --> app\services\scheduler\reflection.py:72:33
   |
71 |         last_week = datetime.now(timezone.utc) - timedelta(days=7)
72 |         old_week = datetime.now(timezone.utc) - timedelta(days=14)
   |                                 ^^^^^^^^^^^^
73 |         
74 |         result_new = await session.execute(select(Memory).where(Memory.user_id == user_id, Memory.created_at >= last_week))
   |
help: Convert to `datetime.UTC` alias

E501 Line too long (123 > 88)
  --> app\services\scheduler\reflection.py:74:89
   |
72 | â€¦     old_week = datetime.now(timezone.utc) - timedelta(days=14)
73 | â€¦     
74 | â€¦     result_new = await session.execute(select(Memory).where(Memory.user_id == user_id, Memory.created_at >= last_week))
   |                                                                                       ^^^^^^^^^^^^^^^^^^^^^^^^^^^^^^^^^^^
75 | â€¦     result_old = await session.execute(select(Memory).where(Memory.user_id == user_id, Memory.created_at >= old_week, Memory.createdâ€¦
   |

E501 Line too long (153 > 88)
  --> app\services\scheduler\reflection.py:75:89
   |
74 | â€¦ry).where(Memory.user_id == user_id, Memory.created_at >= last_week))
75 | â€¦ry).where(Memory.user_id == user_id, Memory.created_at >= old_week, Memory.created_at < last_week))
   |                                    ^^^^^^^^^^^^^^^^^^^^^^^^^^^^^^^^^^^^^^^^^^^^^^^^^^^^^^^^^^^^^^^^^
76 | â€¦
77 | â€¦
   |

E501 Line too long (90 > 88)
  --> app\services\scheduler\reflection.py:84:89
   |
83 |         prompt = f"""
84 |         Compare the user's memories, thoughts, and habits from this week versus last week.
   |                                                                                         ^^
85 |         Highlight fundamental shifts in their mindset, behavior, or routines.
86 |         Return ONLY a beautiful markdown summary. No fluff.
   |

E501 Line too long (110 > 88)
  --> app\services\scheduler\reflection.py:96:89
   |
95 |         try:
96 |              diff_markdown = await self.provider.chat([{"role": "user", "content": prompt}], intent="general")
   |                                                                                         ^^^^^^^^^^^^^^^^^^^^^^
97 |              note = Note(
98 |                  title=f"Weekly Memory Diff - {datetime.now(timezone.utc).strftime('%b %d')}",
   |

UP017 [*] Use `datetime.UTC` alias
   --> app\services\scheduler\reflection.py:98:61
    |
 96 |              diff_markdown = await self.provider.chat([{"role": "user", "content": prompt}], intent="general")
 97 |              note = Note(
 98 |                  title=f"Weekly Memory Diff - {datetime.now(timezone.utc).strftime('%b %d')}",
    |                                                             ^^^^^^^^^^^^
 99 |                  content=diff_markdown,
100 |                  user_id=user_id,
    |
help: Convert to `datetime.UTC` alias

E501 Line too long (94 > 88)
   --> app\services\scheduler\reflection.py:98:89
    |
 96 |              diff_markdown = await self.provider.chat([{"role": "user", "content": prompt}], intent="general")
 97 |              note = Note(
 98 |                  title=f"Weekly Memory Diff - {datetime.now(timezone.utc).strftime('%b %d')}",
    |                                                                                         ^^^^^^
 99 |                  content=diff_markdown,
100 |                  user_id=user_id,
    |

UP017 [*] Use `datetime.UTC` alias
   --> app\services\scheduler\reflection.py:115:32
    |
113 |         """
114 |         while True:
115 |             now = datetime.now(timezone.utc)
    |                                ^^^^^^^^^^^^
116 |             # Example triggers everyday roughly dynamically 
117 |             if now.hour == 17 and now.minute == 0:
    |
help: Convert to `datetime.UTC` alias

I001 [*] Import block is un-sorted or un-formatted
 --> app\services\scheduler\scheduler.py:1:1
  |
1 | / import asyncio
2 | | import logging
3 | | from app.config import settings
  | |_______________________________^
4 |
5 |   class BackgroundScheduler:
  |
help: Organize imports

I001 [*] Import block is un-sorted or un-formatted
  --> app\services\scheduler\worker.py:1:1
   |
 1 | / import asyncio
 2 | | import logging
 3 | | from datetime import datetime, timezone
 4 | | from sqlalchemy import select
 5 | | from sqlalchemy.ext.asyncio import AsyncSession
 6 | | from app.db.models.reminder import Reminder
 7 | | from app.db.models.scheduled_job import ScheduledJob, JobStatus
 8 | | from app.services.scheduler.dispatcher import AgentDispatcher
   | |_____________________________________________________________^
 9 |
10 |   logger = logging.getLogger(__name__)
   |
help: Organize imports

UP017 [*] Use `datetime.UTC` alias
  --> app\services\scheduler\worker.py:18:28
   |
17 |     async def poll_due_reminders(self) -> None:
18 |         now = datetime.now(timezone.utc)
   |                            ^^^^^^^^^^^^
19 |         result = await self.db.execute(
20 |             select(Reminder).where(Reminder.reminder_time <= now, Reminder.is_completed == False)
   |
help: Convert to `datetime.UTC` alias

E712 Avoid equality comparisons to `False`; use `not Reminder.is_completed:` for false checks
  --> app\services\scheduler\worker.py:20:67
   |
18 |         now = datetime.now(timezone.utc)
19 |         result = await self.db.execute(
20 |             select(Reminder).where(Reminder.reminder_time <= now, Reminder.is_completed == False)
   |                                                                   ^^^^^^^^^^^^^^^^^^^^^^^^^^^^^^
21 |         )
22 |         due_reminders = result.scalars().all()
   |
help: Replace with `not Reminder.is_completed`

E501 Line too long (97 > 88)
  --> app\services\scheduler\worker.py:20:89
   |
18 |         now = datetime.now(timezone.utc)
19 |         result = await self.db.execute(
20 |             select(Reminder).where(Reminder.reminder_time <= now, Reminder.is_completed == False)
   |                                                                                         ^^^^^^^^^
21 |         )
22 |         due_reminders = result.scalars().all()
   |

UP017 [*] Use `datetime.UTC` alias
  --> app\services\scheduler\worker.py:37:28
   |
36 |     async def process_pending_jobs(self) -> None:
37 |         now = datetime.now(timezone.utc)
   |                            ^^^^^^^^^^^^
38 |         result = await self.db.execute(
39 |             select(ScheduledJob).where(ScheduledJob.status == JobStatus.PENDING, ScheduledJob.scheduled_time <= now)
   |
help: Convert to `datetime.UTC` alias

E501 Line too long (116 > 88)
  --> app\services\scheduler\worker.py:39:89
   |
37 |         now = datetime.now(timezone.utc)
38 |         result = await self.db.execute(
39 |             select(ScheduledJob).where(ScheduledJob.status == JobStatus.PENDING, ScheduledJob.scheduled_time <= now)
   |                                                                                         ^^^^^^^^^^^^^^^^^^^^^^^^^^^^
40 |         )
41 |         jobs = result.scalars().all()
   |

F401 [*] `shutil` imported but unused
 --> app\services\storage_service.py:4:8
  |
3 | import hashlib
4 | import shutil
  |        ^^^^^^
5 | import uuid
6 | from pathlib import Path
  |
help: Remove unused import: `shutil`

I001 [*] Import block is un-sorted or un-formatted
 --> app\services\tasks\task_service.py:1:1
  |
1 | / from app.repositories.task_repository import TaskRepository
2 | | from app.db.models.task import Task
3 | | from datetime import datetime
  | |_____________________________^
4 |
5 |   class TaskService:
  |
help: Organize imports

E501 Line too long (178 > 88)
  --> app\services\tasks\task_service.py:9:89
   |
 7 | â€¦
 8 | â€¦
 9 | â€¦ int = 1, due_date: datetime | None = None, project: str | None = None, tags: list[str] | None = None) -> Task:
   |                       ^^^^^^^^^^^^^^^^^^^^^^^^^^^^^^^^^^^^^^^^^^^^^^^^^^^^^^^^^^^^^^^^^^^^^^^^^^^^^^^^^^^^^^^^^^
10 | â€¦
11 | â€¦
   |

E501 Line too long (90 > 88)
  --> app\services\tasks\task_service.py:33:89
   |
31 |         return await self.task_repository.update(task)
32 |
33 |     async def update_task(self, task_id: int, user_id: int, updates: dict) -> Task | None:
   |                                                                                         ^^
34 |         task = await self.task_repository.get_by_id(task_id, user_id)
35 |         if not task:
   |

I001 [*] Import block is un-sorted or un-formatted
 --> app\services\voice\providers\base_stt.py:1:1
  |
1 | / from abc import ABC, abstractmethod
2 | | from typing import AsyncGenerator
  | |_________________________________^
3 |
4 |   class BaseSTTProvider(ABC):
  |
help: Organize imports

UP035 [*] Import from `collections.abc` instead: `AsyncGenerator`
 --> app\services\voice\providers\base_stt.py:2:1
  |
1 | from abc import ABC, abstractmethod
2 | from typing import AsyncGenerator
  | ^^^^^^^^^^^^^^^^^^^^^^^^^^^^^^^^^
3 |
4 | class BaseSTTProvider(ABC):
  |
help: Import from `collections.abc`

I001 [*] Import block is un-sorted or un-formatted
 --> app\services\voice\providers\base_tts.py:1:1
  |
1 | / from abc import ABC, abstractmethod
2 | | import asyncio
3 | | from typing import AsyncGenerator
  | |_________________________________^
4 |
5 |   class BaseTTSProvider(ABC):
  |
help: Organize imports

F401 [*] `asyncio` imported but unused
 --> app\services\voice\providers\base_tts.py:2:8
  |
1 | from abc import ABC, abstractmethod
2 | import asyncio
  |        ^^^^^^^
3 | from typing import AsyncGenerator
  |
help: Remove unused import: `asyncio`

UP035 [*] Import from `collections.abc` instead: `AsyncGenerator`
 --> app\services\voice\providers\base_tts.py:3:1
  |
1 | from abc import ABC, abstractmethod
2 | import asyncio
3 | from typing import AsyncGenerator
  | ^^^^^^^^^^^^^^^^^^^^^^^^^^^^^^^^^
4 |
5 | class BaseTTSProvider(ABC):
  |
help: Import from `collections.abc`

I001 [*] Import block is un-sorted or un-formatted
 --> app\services\voice\providers\cartesia_tts.py:1:1
  |
1 | / import logging
2 | | from typing import AsyncGenerator
3 | | import json
4 | | import websockets
5 | | import base64
6 | | from app.config import settings
7 | | from .base_tts import BaseTTSProvider
  | |_____________________________________^
8 |
9 |   logger = logging.getLogger(__name__)
  |
help: Organize imports

UP035 [*] Import from `collections.abc` instead: `AsyncGenerator`
 --> app\services\voice\providers\cartesia_tts.py:2:1
  |
1 | import logging
2 | from typing import AsyncGenerator
  | ^^^^^^^^^^^^^^^^^^^^^^^^^^^^^^^^^
3 | import json
4 | import websockets
  |
help: Import from `collections.abc`

E501 Line too long (89 > 88)
  --> app\services\voice\providers\cartesia_tts.py:13:89
   |
11 | class CartesiaTTSProvider(BaseTTSProvider):
12 |     """
13 |     Sub-100ms Ultra-Low Latency TTS utilizing Cartesia's Sonic streaming WebSocket array.
   |                                                                                         ^
14 |     """
   |

E501 Line too long (100 > 88)
  --> app\services\voice\providers\cartesia_tts.py:16:89
   |
14 |     """
15 |     
16 |     def __init__(self, api_key: str = None, voice_id: str = "694f9389-aac1-45b6-b726-9d9369183238"):
   |                                                                                         ^^^^^^^^^^^^
17 |         self.api_key = api_key or getattr(settings, "CARTESIA_API_KEY", "")
18 |         self.voice_id = voice_id
   |

E501 Line too long (124 > 88)
  --> app\services\voice\providers\cartesia_tts.py:29:89
   |
28 |         try:
29 |             async with websockets.connect(f"{self.ws_url}?api_key={self.api_key}&cartesia_version=2024-06-10") as websocket:
   |                                                                                         ^^^^^^^^^^^^^^^^^^^^^^^^^^^^^^^^^^^^
30 |                 request = {
31 |                     "model_id": "sonic-english",
   |

I001 [*] Import block is un-sorted or un-formatted
 --> app\services\voice\providers\deepgram_stt.py:1:1
  |
1 | / import logging
2 | | import httpx
3 | | from app.config import settings
4 | | from .base_stt import BaseSTTProvider
  | |_____________________________________^
5 |
6 |   logger = logging.getLogger(__name__)
  |
help: Organize imports

E501 Line too long (92 > 88)
  --> app\services\voice\providers\deepgram_stt.py:31:89
   |
29 |                 res.raise_for_status()
30 |                 data = res.json()
31 |                 transcript = data["results"]["channels"][0]["alternatives"][0]["transcript"]
   |                                                                                         ^^^^
32 |                 return transcript
33 |         except Exception as e:
   |

I001 [*] Import block is un-sorted or un-formatted
 --> app\services\voice\providers\edge_tts_provider.py:1:1
  |
1 | / import logging
2 | | import asyncio
3 | | from typing import AsyncGenerator
4 | | import edge_tts
5 | | from .base_tts import BaseTTSProvider
  | |_____________________________________^
6 |
7 |   logger = logging.getLogger(__name__)
  |
help: Organize imports

UP035 [*] Import from `collections.abc` instead: `AsyncGenerator`
 --> app\services\voice\providers\edge_tts_provider.py:3:1
  |
1 | import logging
2 | import asyncio
3 | from typing import AsyncGenerator
  | ^^^^^^^^^^^^^^^^^^^^^^^^^^^^^^^^^
4 | import edge_tts
5 | from .base_tts import BaseTTSProvider
  |
help: Import from `collections.abc`

UP041 [*] Replace aliased errors with `TimeoutError`
  --> app\services\voice\providers\edge_tts_provider.py:35:20
   |
33 |                         await self.audio_queue.put(chunk["data"])
34 |                     
35 |             except asyncio.TimeoutError:
   |                    ^^^^^^^^^^^^^^^^^^^^
36 |                 continue
37 |             except Exception as e:
   |
help: Replace `asyncio.TimeoutError` with builtin `TimeoutError`

UP041 [*] Replace aliased errors with `TimeoutError`
  --> app\services\voice\providers\edge_tts_provider.py:50:20
   |
48 |                 if chunk is not None:
49 |                     yield chunk
50 |             except asyncio.TimeoutError:
   |                    ^^^^^^^^^^^^^^^^^^^^
51 |                 await asyncio.sleep(0.01)
   |
help: Replace `asyncio.TimeoutError` with builtin `TimeoutError`

I001 [*] Import block is un-sorted or un-formatted
 --> app\services\voice\providers\faster_whisper_stt.py:1:1
  |
1 | / import logging
2 | | from .base_stt import BaseSTTProvider
  | |_____________________________________^
3 |
4 |   logger = logging.getLogger(__name__)
  |
help: Organize imports

E501 Line too long (94 > 88)
  --> app\services\voice\providers\faster_whisper_stt.py:20:89
   |
18 |                 from faster_whisper import WhisperModel
19 |                 logger.info(f"Loading faster-whisper model '{self.model_size}'...")
20 |                 self.model = WhisperModel(self.model_size, device="auto", compute_type="int8")
   |                                                                                         ^^^^^^
21 |             except ImportError:
22 |                 logger.error("faster-whisper package not installed. Install via pip install faster-whisper.")
   |

E501 Line too long (109 > 88)
  --> app\services\voice\providers\faster_whisper_stt.py:22:89
   |
20 |                 self.model = WhisperModel(self.model_size, device="auto", compute_type="int8")
21 |             except ImportError:
22 |                 logger.error("faster-whisper package not installed. Install via pip install faster-whisper.")
   |                                                                                         ^^^^^^^^^^^^^^^^^^^^^
23 |
24 |     async def transcribe(self, audio_data: bytes) -> str:
   |

I001 [*] Import block is un-sorted or un-formatted
  --> app\services\voice\providers\faster_whisper_stt.py:29:9
   |
27 |               return ""
28 |               
29 | /         import tempfile
30 | |         import os
   | |_________________^
31 |           
32 |           # Buffer to temp file for faster-whisper which prefers file paths or numpy arrays
   |
help: Organize imports

E501 Line too long (89 > 88)
  --> app\services\voice\providers\faster_whisper_stt.py:32:89
   |
30 |         import os
31 |         
32 |         # Buffer to temp file for faster-whisper which prefers file paths or numpy arrays
   |                                                                                         ^
33 |         with tempfile.NamedTemporaryFile(suffix=".wav", delete=False) as tmp:
34 |             tmp.write(audio_data)
   |

I001 [*] Import block is un-sorted or un-formatted
 --> app\services\voice\providers\gemini_stt.py:1:1
  |
1 | / from .base_stt import BaseSTTProvider
2 | | from typing import AsyncGenerator
  | |_________________________________^
3 |
4 |   class GeminiSTTProvider(BaseSTTProvider):
  |
help: Organize imports

UP035 [*] Import from `collections.abc` instead: `AsyncGenerator`
 --> app\services\voice\providers\gemini_stt.py:2:1
  |
1 | from .base_stt import BaseSTTProvider
2 | from typing import AsyncGenerator
  | ^^^^^^^^^^^^^^^^^^^^^^^^^^^^^^^^^
3 |
4 | class GeminiSTTProvider(BaseSTTProvider):
  |
help: Import from `collections.abc`

I001 [*] Import block is un-sorted or un-formatted
 --> app\services\voice\providers\gemini_tts.py:1:1
  |
1 | / from .base_tts import BaseTTSProvider
2 | | from typing import AsyncGenerator
  | |_________________________________^
3 |
4 |   class GeminiTTSProvider(BaseTTSProvider):
  |
help: Organize imports

UP035 [*] Import from `collections.abc` instead: `AsyncGenerator`
 --> app\services\voice\providers\gemini_tts.py:2:1
  |
1 | from .base_tts import BaseTTSProvider
2 | from typing import AsyncGenerator
  | ^^^^^^^^^^^^^^^^^^^^^^^^^^^^^^^^^
3 |
4 | class GeminiTTSProvider(BaseTTSProvider):
  |
help: Import from `collections.abc`

I001 [*] Import block is un-sorted or un-formatted
 --> app\services\voice\providers\groq_tts_provider.py:1:1
  |
1 | / import logging
2 | | import asyncio
3 | | from typing import AsyncGenerator
4 | | from openai import AsyncOpenAI
5 | | import httpx
6 | | from app.config import settings
7 | | from .base_tts import BaseTTSProvider
  | |_____________________________________^
8 |
9 |   logger = logging.getLogger(__name__)
  |
help: Organize imports

UP035 [*] Import from `collections.abc` instead: `AsyncGenerator`
 --> app\services\voice\providers\groq_tts_provider.py:3:1
  |
1 | import logging
2 | import asyncio
3 | from typing import AsyncGenerator
  | ^^^^^^^^^^^^^^^^^^^^^^^^^^^^^^^^^
4 | from openai import AsyncOpenAI
5 | import httpx
  |
help: Import from `collections.abc`

F401 [*] `httpx` imported but unused
 --> app\services\voice\providers\groq_tts_provider.py:5:8
  |
3 | from typing import AsyncGenerator
4 | from openai import AsyncOpenAI
5 | import httpx
  |        ^^^^^
6 | from app.config import settings
7 | from .base_tts import BaseTTSProvider
  |
help: Remove unused import: `httpx`

E501 Line too long (94 > 88)
  --> app\services\voice\providers\groq_tts_provider.py:31:89
   |
29 |         while self.is_active:
30 |             try:
31 |                 # Accumulate a decent chunk before hitting the Groq API since it requires POST
   |                                                                                         ^^^^^^
32 |                 # We'll batch up to 2 sentences or timeout
33 |                 text_buffer = ""
   |

E701 Multiple statements on one line (colon)
  --> app\services\voice\providers\groq_tts_provider.py:36:39
   |
34 |                 chunk1 = await asyncio.wait_for(self.text_queue.get(), timeout=0.1)
35 |                 
36 |                 if chunk1 == "<FLUSH>": continue
   |                                       ^
37 |                 if chunk1.strip(): text_buffer += chunk1 + " "
   |

E701 Multiple statements on one line (colon)
  --> app\services\voice\providers\groq_tts_provider.py:37:34
   |
36 |                 if chunk1 == "<FLUSH>": continue
37 |                 if chunk1.strip(): text_buffer += chunk1 + " "
   |                                  ^
38 |                 
39 |                 # try to get more closely bundled text
   |

E501 Line too long (91 > 88)
  --> app\services\voice\providers\groq_tts_provider.py:42:89
   |
40 |                 try:
41 |                     while len(text_buffer) < 80:
42 |                         chunk2 = await asyncio.wait_for(self.text_queue.get(), timeout=0.5)
   |                                                                                         ^^^
43 |                         if chunk2 == "<FLUSH>": break
44 |                         if chunk2.strip(): text_buffer += chunk2 + " "
   |

E701 Multiple statements on one line (colon)
  --> app\services\voice\providers\groq_tts_provider.py:43:47
   |
41 |                     while len(text_buffer) < 80:
42 |                         chunk2 = await asyncio.wait_for(self.text_queue.get(), timeout=0.5)
43 |                         if chunk2 == "<FLUSH>": break
   |                                               ^
44 |                         if chunk2.strip(): text_buffer += chunk2 + " "
45 |                 except asyncio.TimeoutError:
   |

E701 Multiple statements on one line (colon)
  --> app\services\voice\providers\groq_tts_provider.py:44:42
   |
42 |                         chunk2 = await asyncio.wait_for(self.text_queue.get(), timeout=0.5)
43 |                         if chunk2 == "<FLUSH>": break
44 |                         if chunk2.strip(): text_buffer += chunk2 + " "
   |                                          ^
45 |                 except asyncio.TimeoutError:
46 |                     pass
   |

UP041 [*] Replace aliased errors with `TimeoutError`
  --> app\services\voice\providers\groq_tts_provider.py:45:24
   |
43 |                         if chunk2 == "<FLUSH>": break
44 |                         if chunk2.strip(): text_buffer += chunk2 + " "
45 |                 except asyncio.TimeoutError:
   |                        ^^^^^^^^^^^^^^^^^^^^
46 |                     pass
   |
help: Replace `asyncio.TimeoutError` with builtin `TimeoutError`

E501 Line too long (101 > 88)
  --> app\services\voice\providers\groq_tts_provider.py:52:89
   |
51 |                 # Generate the TTS using Groq OpenAI wrapper
52 |                 # As per Groq's OpenAPI, speech requires 'input', 'model', 'voice', 'response_format'
   |                                                                                         ^^^^^^^^^^^^^
53 |                 # but AsyncOpenAI accepts `input`, `model`, `voice`, `response_format` through its audio.speech endpoint
54 |                 resp = await self.client.audio.speech.create(
   |

E501 Line too long (120 > 88)
  --> app\services\voice\providers\groq_tts_provider.py:53:89
   |
51 |                 # Generate the TTS using Groq OpenAI wrapper
52 |                 # As per Groq's OpenAPI, speech requires 'input', 'model', 'voice', 'response_format'
53 |                 # but AsyncOpenAI accepts `input`, `model`, `voice`, `response_format` through its audio.speech endpoint
   |                                                                                         ^^^^^^^^^^^^^^^^^^^^^^^^^^^^^^^^
54 |                 resp = await self.client.audio.speech.create(
55 |                     model="canopylabs/orpheus-v1-english",
   |

UP041 [*] Replace aliased errors with `TimeoutError`
  --> app\services\voice\providers\groq_tts_provider.py:66:20
   |
64 |                     await self.audio_queue.put(resp.content)
65 |                     
66 |             except asyncio.TimeoutError:
   |                    ^^^^^^^^^^^^^^^^^^^^
67 |                 continue
68 |             except Exception as e:
   |
help: Replace `asyncio.TimeoutError` with builtin `TimeoutError`

UP041 [*] Replace aliased errors with `TimeoutError`
  --> app\services\voice\providers\groq_tts_provider.py:85:20
   |
83 |                         yield chunk[i:i + chunk_size]
84 |                         await asyncio.sleep(0.01)
85 |             except asyncio.TimeoutError:
   |                    ^^^^^^^^^^^^^^^^^^^^
86 |                 await asyncio.sleep(0.01)
   |
help: Replace `asyncio.TimeoutError` with builtin `TimeoutError`

I001 [*] Import block is un-sorted or un-formatted
 --> app\services\voice\providers\kokoro_tts.py:1:1
  |
1 | / import logging
2 | | from typing import AsyncGenerator
3 | | from .base_tts import BaseTTSProvider
  | |_____________________________________^
4 |
5 |   logger = logging.getLogger(__name__)
  |
help: Organize imports

UP035 [*] Import from `collections.abc` instead: `AsyncGenerator`
 --> app\services\voice\providers\kokoro_tts.py:2:1
  |
1 | import logging
2 | from typing import AsyncGenerator
  | ^^^^^^^^^^^^^^^^^^^^^^^^^^^^^^^^^
3 | from .base_tts import BaseTTSProvider
  |
help: Import from `collections.abc`

E501 Line too long (95 > 88)
  --> app\services\voice\providers\kokoro_tts.py:19:89
   |
17 |             import kokoro
18 |         except ImportError:
19 |             logger.error("Kokoro TTS not installed natively. Defaulting to empty byte chunks.")
   |                                                                                         ^^^^^^^
20 |             yield b""
21 |             return
   |

B007 Loop control variable `i` not used within loop body
  --> app\services\voice\providers\kokoro_tts.py:27:17
   |
25 |             pipeline = kokoro.KPipeline(lang_code="a") 
26 |             generator = pipeline(text, voice=self.voice, speed=1, split_pattern=r'\n+')
27 |             for i, (gs, ps, audio) in enumerate(generator):
   |                 ^
28 |                 import soundfile as sf
29 |                 import io
   |
help: Rename unused `i` to `_i`

B007 Loop control variable `gs` not used within loop body
  --> app\services\voice\providers\kokoro_tts.py:27:21
   |
25 |             pipeline = kokoro.KPipeline(lang_code="a") 
26 |             generator = pipeline(text, voice=self.voice, speed=1, split_pattern=r'\n+')
27 |             for i, (gs, ps, audio) in enumerate(generator):
   |                     ^^
28 |                 import soundfile as sf
29 |                 import io
   |
help: Rename unused `gs` to `_gs`

B007 Loop control variable `ps` not used within loop body
  --> app\services\voice\providers\kokoro_tts.py:27:25
   |
25 |             pipeline = kokoro.KPipeline(lang_code="a") 
26 |             generator = pipeline(text, voice=self.voice, speed=1, split_pattern=r'\n+')
27 |             for i, (gs, ps, audio) in enumerate(generator):
   |                         ^^
28 |                 import soundfile as sf
29 |                 import io
   |
help: Rename unused `ps` to `_ps`

I001 [*] Import block is un-sorted or un-formatted
  --> app\services\voice\providers\kokoro_tts.py:28:17
   |
26 |               generator = pipeline(text, voice=self.voice, speed=1, split_pattern=r'\n+')
27 |               for i, (gs, ps, audio) in enumerate(generator):
28 | /                 import soundfile as sf
29 | |                 import io
   | |_________________________^
30 |                   
31 |                   wav_io = io.BytesIO()
   |
help: Organize imports

I001 [*] Import block is un-sorted or un-formatted
  --> app\services\voice\providers\whisper_provider.py:1:1
   |
 1 | / import logging
 2 | | import asyncio
 3 | | import io
 4 | | import wave
 5 | | from typing import AsyncGenerator
 6 | | from openai import AsyncOpenAI
 7 | | from app.config import settings
 8 | | from .base_stt import BaseSTTProvider
   | |_____________________________________^
 9 |
10 |   logger = logging.getLogger(__name__)
   |
help: Organize imports

UP035 [*] Import from `collections.abc` instead: `AsyncGenerator`
 --> app\services\voice\providers\whisper_provider.py:5:1
  |
3 | import io
4 | import wave
5 | from typing import AsyncGenerator
  | ^^^^^^^^^^^^^^^^^^^^^^^^^^^^^^^^^
6 | from openai import AsyncOpenAI
7 | from app.config import settings
  |
help: Import from `collections.abc`

E501 Line too long (132 > 88)
  --> app\services\voice\providers\whisper_provider.py:24:89
   |
22 |         )
23 |
24 |     def _create_wav_buffer(self, pcm_data: bytes, sample_rate: int = 16000, channels: int = 1, sample_width: int = 2) -> io.BytesIO:
   |                                                                                         ^^^^^^^^^^^^^^^^^^^^^^^^^^^^^^^^^^^^^^^^^^^^
25 |         wav_io = io.BytesIO()
26 |         with wave.open(wav_io, 'wb') as wav_file:
   |

E501 Line too long (90 > 88)
  --> app\services\voice\providers\whisper_provider.py:43:89
   |
41 |         while self.is_active:
42 |             try:
43 |                 # Buffer incoming chunks for some duration or until an accumulation marker
   |                                                                                         ^^
44 |                 audio_buffer = bytearray()
45 |                 first_chunk = await asyncio.wait_for(self._queue.get(), timeout=1.0)
   |

UP041 [*] Replace aliased errors with `TimeoutError`
  --> app\services\voice\providers\whisper_provider.py:53:28
   |
51 |                         chunk = await asyncio.wait_for(self._queue.get(), timeout=0.5)
52 |                         audio_buffer.extend(chunk)
53 |                     except asyncio.TimeoutError:
   |                            ^^^^^^^^^^^^^^^^^^^^
54 |                         break # End of this audio phrase
   |
help: Replace `asyncio.TimeoutError` with builtin `TimeoutError`

E501 Line too long (89 > 88)
  --> app\services\voice\providers\whisper_provider.py:59:89
   |
57 |                     continue
58 |                     
59 |                 file_io = self._create_wav_buffer(bytes(audio_buffer), sample_rate=16000)
   |                                                                                         ^
60 |                 
61 |                 res = await self.client.audio.transcriptions.create(
   |

UP041 [*] Replace aliased errors with `TimeoutError`
  --> app\services\voice\providers\whisper_provider.py:72:20
   |
70 |                     await self._transcript_queue.put(res.text)
71 |                     
72 |             except asyncio.TimeoutError:
   |                    ^^^^^^^^^^^^^^^^^^^^
73 |                 continue
74 |             except Exception as e:
   |
help: Replace `asyncio.TimeoutError` with builtin `TimeoutError`

E501 Line too long (94 > 88)
  --> app\services\voice\providers\whisper_provider.py:84:89
   |
82 |         while self.is_active:
83 |             try:
84 |                 transcript = await asyncio.wait_for(self._transcript_queue.get(), timeout=0.1)
   |                                                                                         ^^^^^^
85 |                 yield transcript
86 |             except asyncio.TimeoutError:
   |

UP041 [*] Replace aliased errors with `TimeoutError`
  --> app\services\voice\providers\whisper_provider.py:86:20
   |
84 |                 transcript = await asyncio.wait_for(self._transcript_queue.get(), timeout=0.1)
85 |                 yield transcript
86 |             except asyncio.TimeoutError:
   |                    ^^^^^^^^^^^^^^^^^^^^
87 |                 await asyncio.sleep(0.01)
   |
help: Replace `asyncio.TimeoutError` with builtin `TimeoutError`

E701 Multiple statements on one line (colon)
   --> app\services\voice\providers\whisper_provider.py:98:36
    |
 96 |                 response_format="text"
 97 |             )
 98 |             if hasattr(res, "text"): return res.text
    |                                    ^
 99 |             return res if isinstance(res, str) else str(res)
100 |         except Exception as e:
    |

I001 [*] Import block is un-sorted or un-formatted
 --> app\services\voice\session.py:1:1
  |
1 | / from enum import Enum
2 | | from pydantic import BaseModel, Field
3 | | import uuid
  | |___________^
4 |
5 |   class SpeakerOverride(str, Enum):
  |
help: Organize imports

UP042 Class SpeakerOverride inherits from both `str` and `enum.Enum`
 --> app\services\voice\session.py:5:7
  |
3 | import uuid
4 |
5 | class SpeakerOverride(str, Enum):
  |       ^^^^^^^^^^^^^^^
6 |     USER = "user"
7 |     AI = "ai"
  |
help: Inherit from `enum.StrEnum`

UP042 Class StreamingState inherits from both `str` and `enum.Enum`
  --> app\services\voice\session.py:9:7
   |
 7 |     AI = "ai"
 8 |
 9 | class StreamingState(str, Enum):
   |       ^^^^^^^^^^^^^^
10 |     CONNECTED = "connected"
11 |     LISTENING = "listening"
   |
help: Inherit from `enum.StrEnum`

I001 [*] Import block is un-sorted or un-formatted
  --> app\services\voice\streaming.py:1:1
   |
 1 | / import asyncio
 2 | | import logging
 3 | | import json
 4 | | import random
 5 | | from fastapi import WebSocket, WebSocketDisconnect
 6 | |
 7 | | from app.services.ai.planner.planner import Planner
 8 | | from app.services.ai.planner.executor import AgentExecutor
 9 | | from app.services.voice.session import VoiceSession, StreamingState
10 | | from app.services.voice.providers.base_stt import BaseSTTProvider
11 | | from app.services.voice.providers.base_tts import BaseTTSProvider
   | |_________________________________________________________________^
12 |
13 |   logger = logging.getLogger(__name__)
   |
help: Organize imports

E501 Line too long (94 > 88)
  --> app\services\voice\streaming.py:66:89
   |
64 |                     self.session.barge_in()
65 |                     await self.tts.stop_generation()
66 |                     if self.active_generation_task and not self.active_generation_task.done():
   |                                                                                         ^^^^^^
67 |                         self.active_generation_task.cancel()
68 |                     logger.info("[Voice] Interruption detected! Barge-in triggered.")
   |

E501 Line too long (96 > 88)
  --> app\services\voice\streaming.py:73:89
   |
71 |                 self.session.partial_transcript += transcript + " "
72 |                 
73 |                 # Instantly transmit phrase chunks down to the frontend for Real-Time UI display
   |                                                                                         ^^^^^^^^
74 |                 try:
75 |                     await self.websocket.send_text(json.dumps({
   |

E501 Line too long (93 > 88)
  --> app\services\voice\streaming.py:82:89
   |
80 |                     logger.warning(f"[Voice] failed to stream text: {e}")
81 |                 
82 |                 if self.active_generation_task is None or self.active_generation_task.done():
   |                                                                                         ^^^^^
83 |                     self.active_generation_task = asyncio.create_task(
84 |                         self._trigger_agent_and_tts(self.session.partial_transcript)
   |

E501 Line too long (108 > 88)
  --> app\services\voice\streaming.py:92:89
   |
91 |         # Fast Brain Preemptive Audio Injection
92 |         # We instantly fill the async WebSockets channel with TTS bytes to drop Time-To-First-Audio to ~0ms.
   |                                                                                         ^^^^^^^^^^^^^^^^^^^^
93 |         # This completely masks the ~3-5 seconds of RAG and DB operations.
94 |         conversational_fillers = [
   |

F841 Local variable `filler_task` is assigned to but never used
   --> app\services\voice\streaming.py:101:9
    |
 99 |             "Give me a second...",
100 |         ]
101 |         filler_task = asyncio.create_task(
    |         ^^^^^^^^^^^
102 |             self.tts.process_text(random.choice(conversational_fillers))
103 |         )
    |
help: Remove assignment to unused variable `filler_task`

E501 Line too long (100 > 88)
   --> app\services\voice\streaming.py:110:89
    |
108 |             query=user_text
109 |         )
110 |         context = {"user_id": self.session.user_id, "conversation_id": self.session.conversation_id}
    |                                                                                         ^^^^^^^^^^^^
111 |         tools_payload = self.agent.strategy.get_tools_for_provider()
    |

E501 Line too long (98 > 88)
   --> app\services\voice\streaming.py:116:89
    |
114 |             # We use stream_run to get text tokens real-time and push them to TTS
115 |             sentence_buffer = ""
116 |             async for chunk in self.agent.stream_run(user_text, context, messages, tools_payload):
    |                                                                                         ^^^^^^^^^^
117 |                 if chunk.startswith("data: ") and '"delta"' in chunk:
118 |                     delta_data = json.loads(chunk[6:])
    |

E501 Line too long (100 > 88)
   --> app\services\voice\streaming.py:122:89
    |
120 |                         text_tok = delta_data['delta']
121 |                         sentence_buffer += text_tok
122 |                         # Flush when we hit boundary punctuation to ensure smooth sentence synthesis
    |                                                                                         ^^^^^^^^^^^^
123 |                         if any(p in text_tok for p in ['.', '!', '?', '\n']):
124 |                             await self.tts.process_text(sentence_buffer)
    |

E701 Multiple statements on one line (colon)
   --> app\services\voice\streaming.py:146:39
    |
145 |     async def _cleanup(self) -> None:
146 |         if self.active_generation_task: self.active_generation_task.cancel()
    |                                       ^
147 |         if self.stt_task: self.stt_task.cancel()
148 |         if self.tts_audio_task: self.tts_audio_task.cancel()
    |

E701 Multiple statements on one line (colon)
   --> app\services\voice\streaming.py:147:25
    |
145 |     async def _cleanup(self) -> None:
146 |         if self.active_generation_task: self.active_generation_task.cancel()
147 |         if self.stt_task: self.stt_task.cancel()
    |                         ^
148 |         if self.tts_audio_task: self.tts_audio_task.cancel()
149 |         await self.stt.end_session()
    |

E701 Multiple statements on one line (colon)
   --> app\services\voice\streaming.py:148:31
    |
146 |         if self.active_generation_task: self.active_generation_task.cancel()
147 |         if self.stt_task: self.stt_task.cancel()
148 |         if self.tts_audio_task: self.tts_audio_task.cancel()
    |                               ^
149 |         await self.stt.end_session()
150 |         await self.tts.end_session()
    |

I001 [*] Import block is un-sorted or un-formatted
 --> app\utils\jwt.py:1:1
  |
1 | / from datetime import datetime, timedelta, timezone
2 | |
3 | | from jose import jwt
4 | |
5 | | from app.config import get_settings
6 | | from jose import JWTError
  | |_________________________^
7 |
8 |   settings = get_settings()
  |
help: Organize imports

UP017 [*] Use `datetime.UTC` alias
  --> app\utils\jwt.py:12:27
   |
11 | def create_access_token(subject: int) -> str:
12 |     expire = datetime.now(timezone.utc) + timedelta(
   |                           ^^^^^^^^^^^^
13 |         minutes=settings.ACCESS_TOKEN_EXPIRE_MINUTES
14 |     )
   |
help: Convert to `datetime.UTC` alias

I001 [*] Import block is un-sorted or un-formatted
 --> migrate_oauth_state.py:5:1
  |
3 |   Run: python migrate_oauth_state.py
4 |   """
5 | / import asyncio
6 | | import sys
7 | | import os
  | |_________^
8 |
9 |   sys.path.insert(0, os.path.dirname(os.path.abspath(__file__)))
  |
help: Organize imports

I001 [*] Import block is un-sorted or un-formatted
  --> migrate_oauth_state.py:12:5
   |
11 |   async def run():
12 | /     from sqlalchemy.ext.asyncio import create_async_engine
13 | |     from sqlalchemy.sql import text
14 | |     from app.config import get_settings
   | |_______________________________________^
15 |
16 |       settings = get_settings()
   |
help: Organize imports

I001 [*] Import block is un-sorted or un-formatted
 --> test_db.py:1:1
  |
1 | / import asyncio
2 | |
3 | | from app.db.test_connection import test_connection
  | |__________________________________________________^
  |
help: Organize imports

I001 [*] Import block is un-sorted or un-formatted
 --> test_embedding.py:1:1
  |
1 | / import asyncio
2 | |
3 | | from app.services.ai.embeddings import (
4 | |     EmbeddingService,
5 | | )
6 | |
7 | | from app.services.ai.embeddings.providers import (
8 | |     GeminiEmbeddingProvider,
9 | | )
  | |_^
  |
help: Organize imports

I001 [*] Import block is un-sorted or un-formatted
 --> test_gemini.py:1:1
  |
1 | / import os
2 | | from dotenv import load_dotenv
  | |______________________________^
3 |   load_dotenv()
  |
help: Organize imports

E402 Module level import not at top of file
 --> test_gemini.py:5:1
  |
3 | load_dotenv()
4 |
5 | from google import genai
  | ^^^^^^^^^^^^^^^^^^^^^^^^
6 | import google.genai.errors as errors
  |

I001 [*] Import block is un-sorted or un-formatted
 --> test_gemini.py:5:1
  |
3 |   load_dotenv()
4 |
5 | / from google import genai
6 | | import google.genai.errors as errors
  | |____________________________________^
7 |
8 |   client = genai.Client(api_key=os.environ.get("GEMINI_API_KEY"))
  |
help: Organize imports

E402 Module level import not at top of file
 --> test_gemini.py:6:1
  |
5 | from google import genai
6 | import google.genai.errors as errors
  | ^^^^^^^^^^^^^^^^^^^^^^^^^^^^^^^^^^^^
7 |
8 | client = genai.Client(api_key=os.environ.get("GEMINI_API_KEY"))
  |

F401 [*] `google.genai.errors` imported but unused
 --> test_gemini.py:6:31
  |
5 | from google import genai
6 | import google.genai.errors as errors
  |                               ^^^^^^
7 |
8 | client = genai.Client(api_key=os.environ.get("GEMINI_API_KEY"))
  |
help: Remove unused import: `google.genai.errors`

I001 [*] Import block is un-sorted or un-formatted
 --> test_gemini2.py:1:1
  |
1 | / import os
2 | | import requests
3 | | import json
4 | | from dotenv import load_dotenv
  | |______________________________^
5 |
6 |   load_dotenv()
  |
help: Organize imports

F401 [*] `json` imported but unused
 --> test_gemini2.py:3:8
  |
1 | import os
2 | import requests
3 | import json
  |        ^^^^
4 | from dotenv import load_dotenv
  |
help: Remove unused import: `json`

I001 [*] Import block is un-sorted or un-formatted
 --> test_gemini3.py:1:1
  |
1 | / import os
2 | | import requests
3 | | import json
4 | | from dotenv import load_dotenv
  | |______________________________^
5 |
6 |   load_dotenv()
  |
help: Organize imports

F401 [*] `json` imported but unused
 --> test_gemini3.py:3:8
  |
1 | import os
2 | import requests
3 | import json
  |        ^^^^
4 | from dotenv import load_dotenv
  |
help: Remove unused import: `json`

I001 [*] Import block is un-sorted or un-formatted
 --> test_oauth_state.py:1:1
  |
1 | / import asyncio
2 | | from app.db.session import AsyncSessionLocal
3 | | from app.repositories.oauth_state_repository import OAuthStateRepository
  | |________________________________________________________________________^
4 |
5 |   async def test():
  |
help: Organize imports

F841 [*] Local variable `e` is assigned to but never used
  --> test_oauth_state.py:11:29
   |
 9 |             state = await repo.create_state(1)
10 |             print("SUCCESS:", state)
11 |         except Exception as e:
   |                             ^
12 |             with open("test_out.txt", "w") as f:
13 |                 import traceback
   |
help: Remove assignment to unused variable `e`

I001 [*] Import block is un-sorted or un-formatted
 --> tmp_print_sql.py:1:1
  |
1 | / import sys
2 | | import os
  | |_________^
3 |
4 |   sys.path.insert(0, os.path.abspath(os.path.join(os.path.dirname(__file__), "..", "Documents", "AI_Assistant", "apps", "api")))
  |
help: Organize imports

E501 Line too long (126 > 88)
 --> tmp_print_sql.py:4:89
  |
2 | import os
3 |
4 | sys.path.insert(0, os.path.abspath(os.path.join(os.path.dirname(__file__), "..", "Documents", "AI_Assistant", "apps", "api")))
  |                                                                                         ^^^^^^^^^^^^^^^^^^^^^^^^^^^^^^^^^^^^^^
5 |
6 | from sqlalchemy import select
  |

I001 [*] Import block is un-sorted or un-formatted
  --> tmp_print_sql.py:6:1
   |
 4 |   sys.path.insert(0, os.path.abspath(os.path.join(os.path.dirname(__file__), "..", "Documents", "AI_Assistant", "apps", "api")))
 5 |
 6 | / from sqlalchemy import select
 7 | | from sqlalchemy.orm import selectinload
 8 | | from app.db.models import Document, DocumentChunk, DocumentStatus
   | |_________________________________________________________________^
 9 |
10 |   user_id = 1
   |
help: Organize imports

E402 Module level import not at top of file
  --> tmp_print_sql.py:27:1
   |
25 | )
26 |
27 | from sqlalchemy.dialects import postgresql
   | ^^^^^^^^^^^^^^^^^^^^^^^^^^^^^^^^^^^^^^^^^^
28 | compiled = stmt.compile(dialect=postgresql.dialect(), compile_kwargs={"literal_binds": True})
29 | with open("proper_sql.txt", "w", encoding="utf-8") as f:
   |

I001 [*] Import block is un-sorted or un-formatted
  --> tmp_print_sql.py:27:1
   |
25 | )
26 |
27 | from sqlalchemy.dialects import postgresql
   | ^^^^^^^^^^^^^^^^^^^^^^^^^^^^^^^^^^^^^^^^^^
28 | compiled = stmt.compile(dialect=postgresql.dialect(), compile_kwargs={"literal_binds": True})
29 | with open("proper_sql.txt", "w", encoding="utf-8") as f:
   |
help: Organize imports

E501 Line too long (93 > 88)
  --> tmp_print_sql.py:28:89
   |
27 | from sqlalchemy.dialects import postgresql
28 | compiled = stmt.compile(dialect=postgresql.dialect(), compile_kwargs={"literal_binds": True})
   |                                                                                         ^^^^^
29 | with open("proper_sql.txt", "w", encoding="utf-8") as f:
30 |     f.write(str(compiled))
   |

I001 [*] Import block is un-sorted or un-formatted
 --> tmp_test_retrieve.py:1:1
  |
1 | / import sys
2 | | import os
3 | | import asyncio
4 | | import logging
  | |______________^
5 |
6 |   sys.path.insert(0, os.path.abspath(os.path.join(os.path.dirname(__file__), "..", "Documents", "AI_Assistant", "apps", "api")))
  |
help: Organize imports

E501 Line too long (126 > 88)
 --> tmp_test_retrieve.py:6:89
  |
4 | import logging
5 |
6 | sys.path.insert(0, os.path.abspath(os.path.join(os.path.dirname(__file__), "..", "Documents", "AI_Assistant", "apps", "api")))
  |                                                                                         ^^^^^^^^^^^^^^^^^^^^^^^^^^^^^^^^^^^^^^
7 |
8 | from app.db.session import AsyncSessionLocal
  |

I001 [*] Import block is un-sorted or un-formatted
  --> tmp_test_retrieve.py:8:1
   |
 6 |   sys.path.insert(0, os.path.abspath(os.path.join(os.path.dirname(__file__), "..", "Documents", "AI_Assistant", "apps", "api")))
 7 |
 8 | / from app.db.session import AsyncSessionLocal
 9 | | from app.repositories.document_chunk_repository import DocumentChunkRepository
10 | | from app.services.ai.embeddings.providers.ollama import OllamaEmbeddingProvider
11 | | from app.services.ai.embeddings.embedding_service import EmbeddingService
12 | | from app.services.retrieval.retrieval_service import RetrievalService
   | |_____________________________________________________________________^
13 |
14 |   logging.basicConfig(level=logging.INFO)
   |
help: Organize imports

I001 [*] Import block is un-sorted or un-formatted
 --> tmp_test_router.py:1:1
  |
1 | / import sys
2 | | import os
3 | | import asyncio
4 | | import logging
  | |______________^
5 |
6 |   sys.path.insert(0, os.path.abspath(os.path.join(os.path.dirname(__file__), "..", "Documents", "AI_Assistant", "apps", "api")))
  |
help: Organize imports

E501 Line too long (126 > 88)
 --> tmp_test_router.py:6:89
  |
4 | import logging
5 |
6 | sys.path.insert(0, os.path.abspath(os.path.join(os.path.dirname(__file__), "..", "Documents", "AI_Assistant", "apps", "api")))
  |                                                                                         ^^^^^^^^^^^^^^^^^^^^^^^^^^^^^^^^^^^^^^
7 |
8 | from app.db.session import AsyncSessionLocal
  |

I001 [*] Import block is un-sorted or un-formatted
  --> tmp_test_router.py:8:1
   |
 6 |   sys.path.insert(0, os.path.abspath(os.path.join(os.path.dirname(__file__), "..", "Documents", "AI_Assistant", "apps", "api")))
 7 |
 8 | / from app.db.session import AsyncSessionLocal
 9 | | from app.config import settings
10 | | from app.dependencies import get_provider_router
   | |________________________________________________^
11 |
12 |   logging.basicConfig(level=logging.INFO)
   |
help: Organize imports

F401 [*] `app.db.session.AsyncSessionLocal` imported but unused
  --> tmp_test_router.py:8:28
   |
 6 | sys.path.insert(0, os.path.abspath(os.path.join(os.path.dirname(__file__), "..", "Documents", "AI_Assistant", "apps", "api")))
 7 |
 8 | from app.db.session import AsyncSessionLocal
   |                            ^^^^^^^^^^^^^^^^^
 9 | from app.config import settings
10 | from app.dependencies import get_provider_router
   |
help: Remove unused import: `app.db.session.AsyncSessionLocal`

F401 [*] `app.config.settings` imported but unused
  --> tmp_test_router.py:9:24
   |
 8 | from app.db.session import AsyncSessionLocal
 9 | from app.config import settings
   |                        ^^^^^^^^
10 | from app.dependencies import get_provider_router
   |
help: Remove unused import: `app.config.settings`

E501 Line too long (90 > 88)
  --> tmp_test_router.py:21:89
   |
20 |     print("\n--- Test Chat ---")
21 |     res = await router.chat([{"role": "user", "content": "Reply with precisely 'ping'."}])
   |                                                                                         ^^
22 |     print("Chat Response:", res)
   |

E501 Line too long (92 > 88)
  --> tmp_test_router.py:25:89
   |
24 |     print("\n--- Test Stream Chat ---")
25 |     st = router.stream_chat([{"role": "user", "content": "Reply with precisely 'stream'."}])
   |                                                                                         ^^^^
26 |     async for chunk in st:
27 |         print(chunk, end="", flush=True)
   |

Found 1065 errors.
[*] 384 fixable with the `--fix` option (15 hidden fixes can be enabled with the `--unsafe-fixes` option).
